Train No.,train Name,islno,station Code,Station Name,Arrival time,Departure time,Distance,Source Station Code,source Station Name,Destination station Code,Destination Station Name,arrival_min,departure_min
00851,BNC SUVIDHA SPL,1,BBS,BHUBANESWAR,00:00:00,22:50:00,0,BBS,BHUBANESWAR,BNC,BANGALORE CANT,0,1370
00851,BNC SUVIDHA SPL,3,VSKP,VISAKHAPATNAM,05:10:00,05:30:00,443,BBS,BHUBANESWAR,BNC,BANGALORE CANT,310,330
00851,BNC SUVIDHA SPL,4,BZA,VIJAYAWADA JN,11:10:00,11:20:00,793,BBS,BHUBANESWAR,BNC,BANGALORE CANT,670,680
00851,BNC SUVIDHA SPL,5,RU,RENIGUNTA JN,16:42:00,16:52:00,1169,BBS,BHUBANESWAR,BNC,BANGALORE CANT,1002,1012
00851,BNC SUVIDHA SPL,6,JTJ,JOLARPETTAI,20:35:00,20:37:00,1367,BBS,BHUBANESWAR,BNC,BANGALORE CANT,1235,1237
00851,BNC SUVIDHA SPL,7,BNC,BANGALORE CANT,22:40:00,00:00:00,1511,BBS,BHUBANESWAR,BNC,BANGALORE CANT,1360,0
00852,BNC BBS SUVIDHA,1,BNC,BANGALORE CANT,00:00:00,01:00:00,0,BNC,BANGALORE CANT,BBS,BHUBANESWAR,0,60
00852,BNC BBS SUVIDHA,2,JTJ,JOLARPETTAI,03:30:00,03:32:00,144,BNC,BANGALORE CANT,BBS,BHUBANESWAR,210,212
00852,BNC BBS SUVIDHA,3,RU,RENIGUNTA JN,06:45:00,06:55:00,342,BNC,BANGALORE CANT,BBS,BHUBANESWAR,405,415
00852,BNC BBS SUVIDHA,4,BZA,VIJAYAWADA JN,12:20:00,12:30:00,718,BNC,BANGALORE CANT,BBS,BHUBANESWAR,740,750
00852,BNC BBS SUVIDHA,5,VSKP,VISAKHAPATNAM,18:00:00,18:20:00,1069,BNC,BANGALORE CANT,BBS,BHUBANESWAR,1080,1100
00852,BNC BBS SUVIDHA,7,BBS,BHUBANESWAR,01:45:00,00:00:00,1511,BNC,BANGALORE CANT,BBS,BHUBANESWAR,105,0
01081,DR BSL T F SPL,7,JL,JALGAON JN,03:27:00,03:30:00,412,DR,DADAR,BSL,BHUSAVAL JN,207,210
01082,BSL DR T F SPL,2,JL,JALGAON JN,09:00:00,09:03:00,25,BSL,BHUSAVAL JN,DR,DADAR,540,543
01149,BSL CSN T F SPL,2,JL,JALGAON JN,19:10:00,19:13:00,25,BSL,BHUSAVAL JN,CSN,CHALISGAON JN,1150,1153
01149,BSL CSN T F SPL,3,PC,PACHORA JN,19:43:00,19:45:00,72,BSL,BHUSAVAL JN,CSN,CHALISGAON JN,1183,1185
01150,CSN BSL T F SPL,2,PC,PACHORA JN,22:20:00,22:35:00,45,CSN,CHALISGAON JN,BSL,BHUSAVAL JN,1340,1355
01150,CSN BSL T F SPL,3,JL,JALGAON JN,23:07:00,23:10:00,93,CSN,CHALISGAON JN,BSL,BHUSAVAL JN,1387,1390
01151,CSN DHI T F SPL,2,JMD,JAMDHA,22:09:00,22:10:00,15,CSN,CHALISGAON JN,DHI,DHULE,1329,1330
01151,CSN DHI T F SPL,4,DHI,DHULE,23:05:00,00:00:00,57,CSN,CHALISGAON JN,DHI,DHULE,1385,0
01152,DHI CSN T F SPL,1,DHI,DHULE,00:00:00,05:20:00,0,DHI,DHULE,CSN,CHALISGAON JN,0,320
01152,DHI CSN T F SPL,3,JMD,JAMDHA,06:08:00,06:30:00,43,DHI,DHULE,CSN,CHALISGAON JN,368,390
01153,CSN CSTM T F SP,8,KSRA,KASARA,11:44:00,11:45:00,207,CSN,CHALISGAON JN,CSTM,MUMBAI CST,704,705
01154,CSTM CSN T F SP,5,KSRA,KASARA,17:55:00,18:00:00,121,CSTM,MUMBAI CST,CSN,CHALISGAON JN,1075,1080
01156,PVR NAVI KMN SP,2,KMN,KHAMGAON,08:40:00,00:00:00,685,PVR,PANDHARPUR,NAVI,NEW AMRAVATI,520,0
01156,PVR NAVI KMN SP,3,JEUR,JEUR,18:08:00,18:10:00,87,PVR,PANDHARPUR,NAVI,NEW AMRAVATI,1088,1090
01156,PVR NAVI KMN SP,6,ANG,AHMADNAGAR,21:55:00,22:00:00,246,PVR,PANDHARPUR,NAVI,NEW AMRAVATI,1315,1320
01156,PVR NAVI KMN SP,12,PC,PACHORA JN,03:40:00,04:25:00,511,PVR,PANDHARPUR,NAVI,NEW AMRAVATI,220,265
01156,PVR NAVI KMN SP,13,JL,JALGAON JN,04:50:00,04:55:00,558,PVR,PANDHARPUR,NAVI,NEW AMRAVATI,290,295
01156,PVR NAVI KMN SP,15,BDWD,BODWAD,06:25:00,06:30:00,613,PVR,PANDHARPUR,NAVI,NEW AMRAVATI,385,390
01156,PVR NAVI KMN SP,16,MKU,MALKAPUR,06:45:00,06:50:00,633,PVR,PANDHARPUR,NAVI,NEW AMRAVATI,405,410
01156,PVR NAVI KMN SP,19,SEG,SHEGAON,08:10:00,08:15:00,685,PVR,PANDHARPUR,NAVI,NEW AMRAVATI,490,495
01156,PVR NAVI KMN SP,20,AK,AKOLA JN,08:45:00,08:50:00,722,PVR,PANDHARPUR,NAVI,NEW AMRAVATI,525,530
01156,PVR NAVI KMN SP,21,MZR,MURTAJAPUR,09:25:00,09:30:00,760,PVR,PANDHARPUR,NAVI,NEW AMRAVATI,565,570
01156,PVR NAVI KMN SP,22,BD,BADNERA JN,10:10:00,10:15:00,801,PVR,PANDHARPUR,NAVI,NEW AMRAVATI,610,615
01156,PVR NAVI KMN SP,23,NAVI,NEW AMRAVATI,10:40:00,00:00:00,807,PVR,PANDHARPUR,NAVI,NEW AMRAVATI,640,0
01401,NGP TTKL FARE S,1,SUR,SOLAPUR JN,00:00:00,15:20:00,0,SUR,SOLAPUR JN,NGP,NAGPUR,0,920
01401,NGP TTKL FARE S,8,LTRR,LATUR ROAD,20:30:00,20:55:00,265,SUR,SOLAPUR JN,NGP,NAGPUR,1230,1255
01401,NGP TTKL FARE S,9,PRLI,PARLI VAIJNATH,22:40:00,23:05:00,328,SUR,SOLAPUR JN,NGP,NAGPUR,1360,1385
01401,NGP TTKL FARE S,11,PAU,PURNA JN,01:35:00,01:45:00,420,SUR,SOLAPUR JN,NGP,NAGPUR,95,105
01401,NGP TTKL FARE S,14,AK,AKOLA JN,07:40:00,07:55:00,627,SUR,SOLAPUR JN,NGP,NAGPUR,460,475
01401,NGP TTKL FARE S,15,MZR,MURTAJAPUR,08:22:00,08:25:00,665,SUR,SOLAPUR JN,NGP,NAGPUR,502,505
01401,NGP TTKL FARE S,16,BD,BADNERA JN,09:15:00,09:20:00,706,SUR,SOLAPUR JN,NGP,NAGPUR,555,560
01401,NGP TTKL FARE S,17,CND,CHANDUR,09:40:00,09:41:00,735,SUR,SOLAPUR JN,NGP,NAGPUR,580,581
01401,NGP TTKL FARE S,19,PLO,PULGAON JN,10:10:00,10:11:00,772,SUR,SOLAPUR JN,NGP,NAGPUR,610,611
01401,NGP TTKL FARE S,20,WR,WARDHA JN,10:42:00,10:45:00,802,SUR,SOLAPUR JN,NGP,NAGPUR,642,645
01401,NGP TTKL FARE S,21,NGP,NAGPUR,12:35:00,00:00:00,880,SUR,SOLAPUR JN,NGP,NAGPUR,755,0
01402,NGP SUR T F SPL,1,NGP,NAGPUR,00:00:00,15:00:00,0,NGP,NAGPUR,SUR,SOLAPUR JN,0,900
01402,NGP SUR T F SPL,2,WR,WARDHA JN,16:06:00,16:09:00,79,NGP,NAGPUR,SUR,SOLAPUR JN,966,969
01402,NGP SUR T F SPL,3,PLO,PULGAON JN,16:35:00,16:36:00,109,NGP,NAGPUR,SUR,SOLAPUR JN,995,996
01402,NGP SUR T F SPL,5,CND,CHANDUR,17:10:00,17:11:00,145,NGP,NAGPUR,SUR,SOLAPUR JN,1030,1031
01402,NGP SUR T F SPL,6,BD,BADNERA JN,18:40:00,18:45:00,175,NGP,NAGPUR,SUR,SOLAPUR JN,1120,1125
01402,NGP SUR T F SPL,7,MZR,MURTAJAPUR,19:20:00,19:22:00,216,NGP,NAGPUR,SUR,SOLAPUR JN,1160,1162
01402,NGP SUR T F SPL,8,AK,AKOLA JN,20:25:00,20:45:00,253,NGP,NAGPUR,SUR,SOLAPUR JN,1225,1245
01402,NGP SUR T F SPL,11,PAU,PURNA JN,00:20:00,00:47:00,460,NGP,NAGPUR,SUR,SOLAPUR JN,20,47
01402,NGP SUR T F SPL,13,PRLI,PARLI VAIJNATH,03:10:00,03:30:00,553,NGP,NAGPUR,SUR,SOLAPUR JN,190,210
01402,NGP SUR T F SPL,14,LTRR,LATUR ROAD,05:10:00,05:35:00,616,NGP,NAGPUR,SUR,SOLAPUR JN,310,335
01402,NGP SUR T F SPL,21,SUR,SOLAPUR JN,11:35:00,00:00:00,880,NGP,NAGPUR,SUR,SOLAPUR JN,695,0
01419,PAU TTKL FARE S,5,KVK,KAVATHE MAHANKL,17:55:00,17:56:00,93,KOP,C SHAHUMHARAJ T,PAU,PURNA JN,1075,1076
01419,PAU TTKL FARE S,6,DLGN,DHALGAON,18:10:00,18:11:00,109,KOP,C SHAHUMHARAJ T,PAU,PURNA JN,1090,1091
01419,PAU TTKL FARE S,14,LTRR,LATUR ROAD,00:50:00,01:15:00,423,KOP,C SHAHUMHARAJ T,PAU,PURNA JN,50,75
01419,PAU TTKL FARE S,16,PRLI,PARLI VAIJNATH,03:40:00,04:10:00,486,KOP,C SHAHUMHARAJ T,PAU,PURNA JN,220,250
01419,PAU TTKL FARE S,19,PAU,PURNA JN,06:15:00,00:00:00,578,KOP,C SHAHUMHARAJ T,PAU,PURNA JN,375,0
01420,PAU KOP SPL,1,PAU,PURNA JN,00:00:00,09:20:00,0,PAU,PURNA JN,KOP,C SHAHUMHARAJ T,0,560
01420,PAU KOP SPL,4,PRLI,PARLI VAIJNATH,11:10:00,11:30:00,93,PAU,PURNA JN,KOP,C SHAHUMHARAJ T,670,690
01420,PAU KOP SPL,6,LTRR,LATUR ROAD,13:35:00,14:00:00,156,PAU,PURNA JN,KOP,C SHAHUMHARAJ T,815,840
01420,PAU KOP SPL,14,DLGN,DHALGAON,19:49:00,19:50:00,469,PAU,PURNA JN,KOP,C SHAHUMHARAJ T,1189,1190
01420,PAU KOP SPL,15,KVK,KAVATHE MAHANKL,20:05:00,20:06:00,485,PAU,PURNA JN,KOP,C SHAHUMHARAJ T,1205,1206
01427,PVR TTKL FAREPA,2,ARAG,ARAG,15:01:00,15:02:00,18,MRJ,MIRAJ JN,PVR,PANDHARPUR,901,902
01427,PVR TTKL FAREPA,4,KVK,KAVATHE MAHANKL,15:28:00,15:29:00,46,MRJ,MIRAJ JN,PVR,PANDHARPUR,928,929
01427,PVR TTKL FAREPA,5,DLGN,DHALGAON,15:40:00,15:42:00,62,MRJ,MIRAJ JN,PVR,PANDHARPUR,940,942
01428,MRJ TKL FARE PA,4,DLGN,DHALGAON,11:14:00,11:16:00,76,PVR,PANDHARPUR,MRJ,MIRAJ JN,674,676
01428,MRJ TKL FARE PA,5,KVK,KAVATHE MAHANKL,11:28:00,11:30:00,92,PVR,PANDHARPUR,MRJ,MIRAJ JN,688,690
01428,MRJ TKL FARE PA,7,ARAG,ARAG,11:53:00,11:55:00,120,PVR,PANDHARPUR,MRJ,MIRAJ JN,713,715
01655,PUNE JBP SUP SP,1,PUNE,PUNE JN,00:00:00,10:45:00,0,PUNE,PUNE JN,JBP,JABALPUR,0,645
01655,PUNE JBP SUP SP,3,ANG,AHMADNAGAR,13:58:00,14:00:00,160,PUNE,PUNE JN,JBP,JABALPUR,838,840
01655,PUNE JBP SUP SP,8,HD,HARDA,00:55:00,00:57:00,728,PUNE,PUNE JN,JBP,JABALPUR,55,57
01656,JBP PUNE SPECIA,6,HD,HARDA,13:45:00,13:47:00,321,JBP,JABALPUR,PUNE,PUNE JN,825,827
01656,JBP PUNE SPECIA,11,ANG,AHMADNAGAR,22:57:00,23:00:00,889,JBP,JABALPUR,PUNE,PUNE JN,1377,1380
01656,JBP PUNE SPECIA,13,PUNE,PUNE JN,04:05:00,00:00:00,1049,JBP,JABALPUR,PUNE,PUNE JN,245,0
01711,CSTM JBP SPL,9,HD,HARDA,23:30:00,23:32:00,676,CSTM,MUMBAI CST,JBP,JABALPUR,1410,1412
01711,CSTM JBP SPL,12,GAR,GADARWARA,03:30:00,03:32:00,868,CSTM,MUMBAI CST,JBP,JABALPUR,210,212
01712,JBP LTT SUP SPL,4,GAR,GADARWARA,00:02:00,00:04:00,114,JBP,JABALPUR,LTT,LOKMANYATILAK T,2,4
01712,JBP LTT SUP SPL,7,HD,HARDA,03:08:00,03:10:00,321,JBP,JABALPUR,LTT,LOKMANYATILAK T,188,190
01712,JBP LTT SUP SPL,10,JL,JALGAON JN,07:25:00,07:28:00,577,JBP,JABALPUR,LTT,LOKMANYATILAK T,445,448
01713,LTT HBJ SUP SPL,8,HD,HARDA,03:45:00,03:47:00,660,LTT,LOKMANYATILAK T,HBJ,HABIBGANJ,225,227
01713,LTT HBJ SUP SPL,10,HBD,HOSHANGABAD,05:46:00,05:48:00,753,LTT,LOKMANYATILAK T,HBJ,HABIBGANJ,346,348
01713,LTT HBJ SUP SPL,11,HBJ,HABIBGANJ,07:20:00,00:00:00,821,LTT,LOKMANYATILAK T,HBJ,HABIBGANJ,440,0
01714,HBJ CSTM SUP SP,1,HBJ,HABIBGANJ,00:00:00,15:20:00,0,HBJ,HABIBGANJ,CSTM,MUMBAI CST,0,920
01714,HBJ CSTM SUP SP,2,HBD,HOSHANGABAD,16:30:00,16:32:00,68,HBJ,HABIBGANJ,CSTM,MUMBAI CST,990,992
01714,HBJ CSTM SUP SP,4,HD,HARDA,18:30:00,18:32:00,162,HBJ,HABIBGANJ,CSTM,MUMBAI CST,1110,1112
01714,HBJ CSTM SUP SP,7,JL,JALGAON JN,22:08:00,22:10:00,417,HBJ,HABIBGANJ,CSTM,MUMBAI CST,1328,1330
02111,LTT LKO AC SPL,5,JL,JALGAON JN,19:53:00,19:55:00,405,LTT,LOKMANYATILAK T,LKO,LUCKNOW NR,1193,1195
02111,LTT LKO AC SPL,8,HBJ,HABIBGANJ,03:18:00,03:20:00,821,LTT,LOKMANYATILAK T,LKO,LUCKNOW NR,198,200
02111,LTT LKO AC SPL,9,BINA,BINA JN,05:33:00,05:35:00,966,LTT,LOKMANYATILAK T,LKO,LUCKNOW NR,333,335
02111,LTT LKO AC SPL,12,CNB,KANPUR CENTRAL,11:45:00,12:05:00,1338,LTT,LOKMANYATILAK T,LKO,LUCKNOW NR,705,725
02112,LKO LTT AC SPL,2,CNB,KANPUR CENTRAL,17:55:00,18:05:00,74,LKO,LUCKNOW NR,LTT,LOKMANYATILAK T,1075,1085
02112,LKO LTT AC SPL,5,HBJ,HABIBGANJ,03:58:00,04:00:00,591,LKO,LUCKNOW NR,LTT,LOKMANYATILAK T,238,240
02112,LKO LTT AC SPL,7,JL,JALGAON JN,10:53:00,10:55:00,1008,LKO,LUCKNOW NR,LTT,LOKMANYATILAK T,653,655
02509,BNC KYQ SUVIDHA,1,BNC,BANGALORE CANT,00:00:00,10:15:00,0,BNC,BANGALORE CANT,KYQ,KAMAKHYA,0,615
02509,BNC KYQ SUVIDHA,4,BZA,VIJAYAWADA JN,23:45:00,23:55:00,787,BNC,BANGALORE CANT,KYQ,KAMAKHYA,1425,1435
02509,BNC KYQ SUVIDHA,8,BBS,BHUBANESWAR,11:45:00,11:50:00,1567,BNC,BANGALORE CANT,KYQ,KAMAKHYA,705,710
02509,BNC KYQ SUVIDHA,10,KGP,KHARAGPUR JN,16:35:00,16:37:00,1891,BNC,BANGALORE CANT,KYQ,KAMAKHYA,995,997
02509,BNC KYQ SUVIDHA,11,HWH,HOWRAH JN,18:30:00,18:50:00,2006,BNC,BANGALORE CANT,KYQ,KAMAKHYA,1110,1130
02509,BNC KYQ SUVIDHA,12,RPH,RAMPUR HAT,21:46:00,21:48:00,2212,BNC,BANGALORE CANT,KYQ,KAMAKHYA,1306,1308
02510,KYQ BNC SUVIDHA,7,RPH,RAMPUR HAT,09:10:00,09:12:00,807,KYQ,KAMAKHYA,BNC,BANGALORE CANT,550,552
02510,KYQ BNC SUVIDHA,8,HWH,HOWRAH JN,12:20:00,12:40:00,1014,KYQ,KAMAKHYA,BNC,BANGALORE CANT,740,760
02510,KYQ BNC SUVIDHA,9,KGP,KHARAGPUR JN,14:25:00,14:27:00,1129,KYQ,KAMAKHYA,BNC,BANGALORE CANT,865,867
02510,KYQ BNC SUVIDHA,11,BBS,BHUBANESWAR,19:10:00,19:15:00,1453,KYQ,KAMAKHYA,BNC,BANGALORE CANT,1150,1155
02510,KYQ BNC SUVIDHA,16,BZA,VIJAYAWADA JN,07:50:00,08:00:00,2232,KYQ,KAMAKHYA,BNC,BANGALORE CANT,470,480
02510,KYQ BNC SUVIDHA,19,BNC,BANGALORE CANT,21:15:00,00:00:00,3019,KYQ,KAMAKHYA,BNC,BANGALORE CANT,1275,0
02511,KYQ KUMBH SPL,1,PUNE,PUNE JN,00:00:00,10:30:00,0,PUNE,PUNE JN,KYQ,KAMAKHYA,0,630
02511,KYQ KUMBH SPL,4,NGP,NAGPUR,01:20:00,01:30:00,941,PUNE,PUNE JN,KYQ,KAMAKHYA,80,90
02511,KYQ KUMBH SPL,16,RPH,RAMPUR HAT,00:38:00,00:40:00,2081,PUNE,PUNE JN,KYQ,KAMAKHYA,38,40
02512,KYQ PUNE SPECIA,10,RPH,RAMPUR HAT,13:28:00,13:30:00,807,KYQ,KAMAKHYA,PUNE,PUNE JN,808,810
02512,KYQ PUNE SPECIA,22,NGP,NAGPUR,11:15:00,11:25:00,1948,KYQ,KAMAKHYA,PUNE,PUNE JN,675,685
02512,KYQ PUNE SPECIA,25,PUNE,PUNE JN,02:45:00,00:00:00,2888,KYQ,KAMAKHYA,PUNE,PUNE JN,165,0
02590,GORAKHPUR SPL,4,NGP,NAGPUR,07:35:00,07:45:00,578,SC,SECUNDERABAD JN,GKP,GORAKHPUR JN,455,465
02590,GORAKHPUR SPL,6,HBJ,HABIBGANJ,14:40:00,14:45:00,960,SC,SECUNDERABAD JN,GKP,GORAKHPUR JN,880,885
02590,GORAKHPUR SPL,8,CNB,KANPUR CENTRAL,01:00:00,01:10:00,1477,SC,SECUNDERABAD JN,GKP,GORAKHPUR JN,60,70
02853,SUVIDHA SPECIAL,1,HWH,HOWRAH JN,00:00:00,17:00:00,0,HWH,HOWRAH JN,ERS,ERNAKULAM JN,0,1020
02853,SUVIDHA SPECIAL,2,KGP,KHARAGPUR JN,18:59:00,19:00:00,116,HWH,HOWRAH JN,ERS,ERNAKULAM JN,1139,1140
02853,SUVIDHA SPECIAL,3,BBS,BHUBANESWAR,23:30:00,23:35:00,439,HWH,HOWRAH JN,ERS,ERNAKULAM JN,1410,1415
02853,SUVIDHA SPECIAL,4,VSKP,VISAKHAPATNAM,06:10:00,06:30:00,882,HWH,HOWRAH JN,ERS,ERNAKULAM JN,370,390
02853,SUVIDHA SPECIAL,5,BZA,VIJAYAWADA JN,12:10:00,12:25:00,1232,HWH,HOWRAH JN,ERS,ERNAKULAM JN,730,745
02873,VSKP TPTY SF SP,1,VSKP,VISAKHAPATNAM,00:00:00,16:45:00,0,VSKP,VISAKHAPATNAM,TPTY,TIRUPATI,0,1005
02873,VSKP TPTY SF SP,6,BZA,VIJAYAWADA JN,22:25:00,22:35:00,351,VSKP,VISAKHAPATNAM,TPTY,TIRUPATI,1345,1355
02873,VSKP TPTY SF SP,7,RU,RENIGUNTA JN,04:10:00,04:12:00,727,VSKP,VISAKHAPATNAM,TPTY,TIRUPATI,250,252
02874,TPTY VSKP SF SP,2,RU,RENIGUNTA JN,16:10:00,16:12:00,10,TPTY,TIRUPATI,VSKP,VISAKHAPATNAM,970,972
02874,TPTY VSKP SF SP,3,BZA,VIJAYAWADA JN,22:05:00,22:15:00,386,TPTY,TIRUPATI,VSKP,VISAKHAPATNAM,1325,1335
02874,TPTY VSKP SF SP,8,VSKP,VISAKHAPATNAM,05:15:00,00:00:00,736,TPTY,TIRUPATI,VSKP,VISAKHAPATNAM,315,0
02877,KJM SPECIAL,1,VSKP,VISAKHAPATNAM,00:00:00,19:00:00,0,VSKP,VISAKHAPATNAM,KJM,KRISHNARAJAPURM,0,1140
02877,KJM SPECIAL,6,BZA,VIJAYAWADA JN,00:45:00,01:00:00,351,VSKP,VISAKHAPATNAM,KJM,KRISHNARAJAPURM,45,60
02877,KJM SPECIAL,10,RU,RENIGUNTA JN,07:45:00,08:00:00,727,VSKP,VISAKHAPATNAM,KJM,KRISHNARAJAPURM,465,480
02877,KJM SPECIAL,12,JTJ,JOLARPETTAI,11:30:00,11:35:00,943,VSKP,VISAKHAPATNAM,KJM,KRISHNARAJAPURM,690,695
02878,KJM VSKP EXP,2,JTJ,JOLARPETTAI,19:40:00,19:45:00,135,KJM,KRISHNARAJAPURM,VSKP,VISAKHAPATNAM,1180,1185
02878,KJM VSKP EXP,4,RU,RENIGUNTA JN,23:20:00,23:25:00,351,KJM,KRISHNARAJAPURM,VSKP,VISAKHAPATNAM,1400,1405
02878,KJM VSKP EXP,8,BZA,VIJAYAWADA JN,05:40:00,05:55:00,727,KJM,KRISHNARAJAPURM,VSKP,VISAKHAPATNAM,340,355
02878,KJM VSKP EXP,13,VSKP,VISAKHAPATNAM,12:25:00,00:00:00,1077,KJM,KRISHNARAJAPURM,VSKP,VISAKHAPATNAM,745,0
02882,SUVIDHA SPL,1,BBS,BHUBANESWAR,00:00:00,22:15:00,0,BBS,BHUBANESWAR,PUNE,PUNE JN,0,1335
02882,SUVIDHA SPL,3,VSKP,VISAKHAPATNAM,04:40:00,05:00:00,443,BBS,BHUBANESWAR,PUNE,PUNE JN,280,300
02882,SUVIDHA SPL,4,BZA,VIJAYAWADA JN,10:40:00,11:00:00,793,BBS,BHUBANESWAR,PUNE,PUNE JN,640,660
02882,SUVIDHA SPL,6,SUR,SOLAPUR JN,23:40:00,23:50:00,1439,BBS,BHUBANESWAR,PUNE,PUNE JN,1420,1430
02882,SUVIDHA SPL,7,PUNE,PUNE JN,05:00:00,00:00:00,1703,BBS,BHUBANESWAR,PUNE,PUNE JN,300,0
06065,MAS ERS EXP,4,JTJ,JOLARPETTAI,01:38:00,01:40:00,214,MAS,CHENNAI CENTRAL,ERS,ERNAKULAM JN,98,100
06066,CHENNAI EXP,11,JTJ,JOLARPETTAI,03:43:00,03:45:00,489,ERS,ERNAKULAM JN,MAS,CHENNAI CENTRAL,223,225
06335,GHY KCVL SPECIA,13,RPH,RAMPUR HAT,15:11:00,15:13:00,814,GHY,GUWAHATI,KCVL,KOCHUVELI,911,913
06335,GHY KCVL SPECIA,24,BBS,BHUBANESWAR,05:30:00,05:40:00,1507,GHY,GUWAHATI,KCVL,KOCHUVELI,330,340
06335,GHY KCVL SPECIA,30,VSKP,VISAKHAPATNAM,13:20:00,13:40:00,1949,GHY,GUWAHATI,KCVL,KOCHUVELI,800,820
06335,GHY KCVL SPECIA,35,BZA,VIJAYAWADA JN,19:50:00,20:05:00,2300,GHY,GUWAHATI,KCVL,KOCHUVELI,1190,1205
06335,GHY KCVL SPECIA,44,JTJ,JOLARPETTAI,08:25:00,08:30:00,2960,GHY,GUWAHATI,KCVL,KOCHUVELI,505,510
06336,GUWAHATI EXP,15,JTJ,JOLARPETTAI,01:15:00,01:20:00,690,KCVL,KOCHUVELI,GHY,GUWAHATI,75,80
06336,GUWAHATI EXP,24,BZA,VIJAYAWADA JN,14:30:00,14:35:00,1351,KCVL,KOCHUVELI,GHY,GUWAHATI,870,875
06336,GUWAHATI EXP,29,VSKP,VISAKHAPATNAM,20:35:00,20:55:00,1701,KCVL,KOCHUVELI,GHY,GUWAHATI,1235,1255
06336,GUWAHATI EXP,35,BBS,BHUBANESWAR,03:20:00,03:25:00,2144,KCVL,KOCHUVELI,GHY,GUWAHATI,200,205
06336,GUWAHATI EXP,46,RPH,RAMPUR HAT,17:41:00,17:43:00,2836,KCVL,KOCHUVELI,GHY,GUWAHATI,1061,1063
06541,YPR PVR EXP,10,KVK,KAVATHE MAHANKL,09:49:00,09:50:00,788,YPR,YESVANTPUR JN,PVR,PANDHARPUR,589,590
06541,YPR PVR EXP,11,DLGN,DHALGAON,10:04:00,10:05:00,805,YPR,YESVANTPUR JN,PVR,PANDHARPUR,604,605
06541,YPR PVR EXP,11,KVK,KAVATHE MAHANKL,09:49:00,09:50:00,788,YPR,YESVANTPUR JN,PVR,PANDHARPUR,589,590
06541,YPR PVR EXP,12,DLGN,DHALGAON,10:04:00,10:05:00,805,YPR,YESVANTPUR JN,PVR,PANDHARPUR,604,605
06542,PVR YPR SPECIAL,3,DLGN,DHALGAON,14:40:00,14:41:00,76,PVR,PANDHARPUR,YPR,YESVANTPUR JN,880,881
06542,PVR YPR SPECIAL,4,KVK,KAVATHE MAHANKL,15:00:00,15:01:00,92,PVR,PANDHARPUR,YPR,YESVANTPUR JN,900,901
06543,YPR CBE EXP,5,JTJ,JOLARPETTAI,02:30:00,02:31:00,157,YPR,YESVANTPUR JN,CBE,COIMBATORE JN,150,151
06544,YESVANTPUR EXP,7,JTJ,JOLARPETTAI,00:29:00,00:30:00,284,CBE,COIMBATORE JN,YPR,YESVANTPUR JN,29,30
07239,PUSHKARAM SPL,1,VSKP,VISAKHAPATNAM,00:00:00,18:45:00,0,VSKP,VISAKHAPATNAM,NDD,NIDADAVOLU JN,0,1125
07265,TPTY SC SPL,2,RU,RENIGUNTA JN,22:55:00,22:57:00,10,TPTY,TIRUPATI,SC,SECUNDERABAD JN,1375,1377
07265,TPTY SC SPL,7,BZA,VIJAYAWADA JN,04:45:00,05:00:00,386,TPTY,TIRUPATI,SC,SECUNDERABAD JN,285,300
07323,MAS HUBLI EXP,3,RU,RENIGUNTA JN,15:50:00,16:05:00,141,MAS,CHENNAI CENTRAL,UBL,HUBLI JN,950,965
07324,UBL MAS EXP,16,RU,RENIGUNTA JN,08:10:00,08:25:00,569,UBL,HUBLI JN,MAS,CHENNAI CENTRAL,490,505
07703,PUSHKARAM SPL,10,BZA,VIJAYAWADA JN,00:35:00,00:55:00,214,COA,KAKINADA PORT,HYB,HYDERABAD DECAN,35,55
07704,PUSHKARAM SPL,9,BZA,VIJAYAWADA JN,23:10:00,23:30:00,323,HYB,HYDERABAD DECAN,COA,KAKINADA PORT,1390,1410
07707,PUSHKARAM SPL,3,VSKP,VISAKHAPATNAM,15:45:00,16:05:00,131,CHE,SRIKAKULAM ROAD,HYB,HYDERABAD DECAN,945,965
07707,PUSHKARAM SPL,15,BZA,VIJAYAWADA JN,23:05:00,23:25:00,481,CHE,SRIKAKULAM ROAD,HYB,HYDERABAD DECAN,1385,1405
07708,PUSHKARAM SPL,9,BZA,VIJAYAWADA JN,22:30:00,22:55:00,360,HYB,HYDERABAD DECAN,CHE,SRIKAKULAM ROAD,1350,1375
07708,PUSHKARAM SPL,21,VSKP,VISAKHAPATNAM,07:00:00,07:20:00,711,HYB,HYDERABAD DECAN,CHE,SRIKAKULAM ROAD,420,440
07710,PUSHKARAM SPL,4,VSKP,VISAKHAPATNAM,22:35:00,22:55:00,139,PVP,PARVATIPURAM,DMM,DHARMAVARAM JN,1355,1375
07710,PUSHKARAM SPL,16,BZA,VIJAYAWADA JN,05:10:00,05:20:00,489,PVP,PARVATIPURAM,DMM,DHARMAVARAM JN,310,320
07711,PUSHKARAM SPL,1,VSKP,VISAKHAPATNAM,00:00:00,18:30:00,0,VSKP,VISAKHAPATNAM,TPTY,TIRUPATI,0,1110
07711,PUSHKARAM SPL,13,BZA,VIJAYAWADA JN,02:35:00,02:45:00,351,VSKP,VISAKHAPATNAM,TPTY,TIRUPATI,155,165
07711,PUSHKARAM SPL,21,RU,RENIGUNTA JN,11:15:00,11:17:00,750,VSKP,VISAKHAPATNAM,TPTY,TIRUPATI,675,677
07712,PUSHKARAM SPL,13,BZA,VIJAYAWADA JN,09:40:00,09:50:00,511,DMM,DHARMAVARAM JN,VSKP,VISAKHAPATNAM,580,590
07712,PUSHKARAM SPL,25,VSKP,VISAKHAPATNAM,17:00:00,00:00:00,861,DMM,DHARMAVARAM JN,VSKP,VISAKHAPATNAM,1020,0
07714,PUSHKARAM SPL,1,BZA,VIJAYAWADA JN,00:00:00,23:00:00,0,BZA,VIJAYAWADA JN,VSKP,VISAKHAPATNAM,0,1380
07714,PUSHKARAM SPL,13,VSKP,VISAKHAPATNAM,06:30:00,00:00:00,351,BZA,VIJAYAWADA JN,VSKP,VISAKHAPATNAM,390,0
07717,PUSHKARAM SPL,2,RU,RENIGUNTA JN,19:20:00,19:22:00,10,TPTY,TIRUPATI,RJY,RAJAHMUNDRY,1160,1162
07717,PUSHKARAM SPL,11,BZA,VIJAYAWADA JN,02:35:00,02:50:00,386,TPTY,TIRUPATI,RJY,RAJAHMUNDRY,155,170
07718,PUSHKARAM SPL,7,BZA,VIJAYAWADA JN,13:45:00,14:00:00,150,RJY,RAJAHMUNDRY,TPTY,TIRUPATI,825,840
07718,PUSHKARAM SPL,16,RU,RENIGUNTA JN,21:30:00,21:32:00,526,RJY,RAJAHMUNDRY,TPTY,TIRUPATI,1290,1292
07723,PUSHKARAM SPL,2,RU,RENIGUNTA JN,22:53:00,22:55:00,10,TPTY,TIRUPATI,VZM,VIZIANAGRAM JN,1373,1375
07723,PUSHKARAM SPL,8,BZA,VIJAYAWADA JN,04:45:00,05:00:00,386,TPTY,TIRUPATI,VZM,VIZIANAGRAM JN,285,300
07723,PUSHKARAM SPL,20,VSKP,VISAKHAPATNAM,13:45:00,14:05:00,736,TPTY,TIRUPATI,VZM,VIZIANAGRAM JN,825,845
07724,PUSHKARAM SPL,2,VSKP,VISAKHAPATNAM,18:00:00,18:25:00,61,VZM,VIZIANAGRAM JN,TPTY,TIRUPATI,1080,1105
07724,PUSHKARAM SPL,13,BZA,VIJAYAWADA JN,02:30:00,02:45:00,412,VZM,VIZIANAGRAM JN,TPTY,TIRUPATI,150,165
07724,PUSHKARAM SPL,19,RU,RENIGUNTA JN,11:15:00,11:17:00,788,VZM,VIZIANAGRAM JN,TPTY,TIRUPATI,675,677
08010,PURI HWH SPECIA,3,BBS,BHUBANESWAR,23:10:00,23:15:00,63,PURI,PURI,HWH,HOWRAH JN,1390,1395
08010,PURI HWH SPECIA,8,KGP,KHARAGPUR JN,08:00:00,08:05:00,387,PURI,PURI,HWH,HOWRAH JN,480,485
08010,PURI HWH SPECIA,9,HWH,HOWRAH JN,10:30:00,00:00:00,502,PURI,PURI,HWH,HOWRAH JN,630,0
08243,BSP BGKTSPECIAL,8,NGP,NAGPUR,01:10:00,01:40:00,411,BSP,BILASPUR JN,BGKT,BHAGAT KI KOTHI,70,100
08243,BSP BGKTSPECIAL,11,HBJ,HABIBGANJ,08:36:00,08:38:00,794,BSP,BILASPUR JN,BGKT,BHAGAT KI KOTHI,516,518
08244,BGKT BSP SPL,23,HBJ,HABIBGANJ,21:50:00,21:52:00,1025,BGKT,BHAGAT KI KOTHI,BSP,BILASPUR JN,1310,1312
08244,BGKT BSP SPL,26,NGP,NAGPUR,04:40:00,05:10:00,1408,BGKT,BHAGAT KI KOTHI,BSP,BILASPUR JN,280,310
08245,BSP BKN SPECIAL,8,NGP,NAGPUR,01:10:00,01:40:00,411,BSP,BILASPUR JN,BKN,BIKANER JN,70,100
08245,BSP BKN SPECIAL,11,HBJ,HABIBGANJ,08:36:00,08:38:00,794,BSP,BILASPUR JN,BKN,BIKANER JN,516,518
08246,BKN BSP SPL,23,HBJ,HABIBGANJ,21:50:00,21:52:00,1090,BKN,BIKANER JN,BSP,BILASPUR JN,1310,1312
08246,BKN BSP SPL,26,NGP,NAGPUR,04:40:00,05:10:00,1473,BKN,BIKANER JN,BSP,BILASPUR JN,280,310
08295,BSP PUNE SPL,7,NGP,NAGPUR,19:40:00,19:50:00,411,BSP,BILASPUR JN,PUNE,PUNE JN,1180,1190
08295,BSP PUNE SPL,8,WR,WARDHA JN,20:50:00,20:53:00,490,BSP,BILASPUR JN,PUNE,PUNE JN,1250,1253
08295,BSP PUNE SPL,10,BD,BADNERA JN,22:40:00,22:45:00,586,BSP,BILASPUR JN,PUNE,PUNE JN,1360,1365
08295,BSP PUNE SPL,11,AK,AKOLA JN,23:50:00,23:55:00,664,BSP,BILASPUR JN,PUNE,PUNE JN,1430,1435
08295,BSP PUNE SPL,16,PUNE,PUNE JN,11:45:00,00:00:00,1300,BSP,BILASPUR JN,PUNE,PUNE JN,705,0
08301,SBP YPR SPECIAL,11,VSKP,VISAKHAPATNAM,19:00:00,19:20:00,506,SBP,SAMBALPUR,YPR,YESVANTPUR JN,1140,1160
08301,SBP YPR SPECIAL,15,BZA,VIJAYAWADA JN,01:45:00,01:55:00,857,SBP,SAMBALPUR,YPR,YESVANTPUR JN,105,115
08301,SBP YPR SPECIAL,19,RU,RENIGUNTA JN,08:45:00,08:50:00,1233,SBP,SAMBALPUR,YPR,YESVANTPUR JN,525,530
08301,SBP YPR SPECIAL,24,JTJ,JOLARPETTAI,13:03:00,13:05:00,1431,SBP,SAMBALPUR,YPR,YESVANTPUR JN,783,785
08302,YPR SBP EXP,3,JTJ,JOLARPETTAI,03:58:00,04:00:00,154,YPR,YESVANTPUR JN,SBP,SAMBALPUR,238,240
08302,YPR SBP EXP,8,RU,RENIGUNTA JN,07:50:00,08:00:00,352,YPR,YESVANTPUR JN,SBP,SAMBALPUR,470,480
08302,YPR SBP EXP,12,BZA,VIJAYAWADA JN,14:15:00,14:35:00,728,YPR,YESVANTPUR JN,SBP,SAMBALPUR,855,875
08302,YPR SBP EXP,16,VSKP,VISAKHAPATNAM,20:35:00,20:55:00,1078,YPR,YESVANTPUR JN,SBP,SAMBALPUR,1235,1255
08401,PURI SRC SPL,3,BBS,BHUBANESWAR,23:00:00,23:05:00,63,PURI,PURI,SRC,SANTRAGACHI JN,1380,1385
08401,PURI SRC SPL,8,KGP,KHARAGPUR JN,04:00:00,04:05:00,387,PURI,PURI,SRC,SANTRAGACHI JN,240,245
08402,SRC PURI SPL,2,KGP,KHARAGPUR JN,20:27:00,20:32:00,108,SRC,SANTRAGACHI JN,PURI,PURI,1227,1232
08402,SRC PURI SPL,7,BBS,BHUBANESWAR,01:20:00,01:25:00,432,SRC,SANTRAGACHI JN,PURI,PURI,80,85
08449,BBS PNBE SPL,1,BBS,BHUBANESWAR,00:00:00,15:30:00,0,BBS,BHUBANESWAR,PNBE,PATNA JN,0,930
08450,PNBE BBS SPL,15,BBS,BHUBANESWAR,07:00:00,00:00:00,865,PNBE,PATNA JN,BBS,BHUBANESWAR,420,0
08501,VSKP SC SPL,1,VSKP,VISAKHAPATNAM,00:00:00,23:00:00,0,VSKP,VISAKHAPATNAM,SC,SECUNDERABAD JN,0,1380
08501,VSKP SC SPL,10,BZA,VIJAYAWADA JN,05:15:00,05:35:00,351,VSKP,VISAKHAPATNAM,SC,SECUNDERABAD JN,315,335
08502,SC VSKP SPL,5,BZA,VIJAYAWADA JN,21:15:00,21:35:00,351,SC,SECUNDERABAD JN,VSKP,VISAKHAPATNAM,1275,1295
08502,SC VSKP SPL,14,VSKP,VISAKHAPATNAM,06:30:00,00:00:00,701,SC,SECUNDERABAD JN,VSKP,VISAKHAPATNAM,390,0
11005,PUDUCHERRY EXP,5,PUNE,PUNE JN,01:00:00,01:10:00,183,DR,DADAR,PDY,PUDUCHERRY,60,70
11005,PUDUCHERRY EXP,31,JTJ,JOLARPETTAI,01:08:00,01:10:00,1361,DR,DADAR,PDY,PUDUCHERRY,68,70
11006,CHALUKYA EXP,9,JTJ,JOLARPETTAI,02:43:00,02:45:00,282,PDY,PUDUCHERRY,DR,DADAR,163,165
11006,CHALUKYA EXP,35,PUNE,PUNE JN,02:10:00,02:20:00,1460,PDY,PUDUCHERRY,DR,DADAR,130,140
11007,DECCAN EXPRESS,12,PUNE,PUNE JN,11:05:00,00:00:00,192,CSTM,MUMBAI CST,PUNE,PUNE JN,665,0
11008,DECCAN EXPRESS,1,PUNE,PUNE JN,00:00:00,15:30:00,0,PUNE,PUNE JN,CSTM,MUMBAI CST,0,930
11009,SINHAGAD EXP,12,PUNE,PUNE JN,18:40:00,00:00:00,192,CSTM,MUMBAI CST,PUNE,PUNE JN,1120,0
11010,SINHAGAD EXP,1,PUNE,PUNE JN,00:00:00,06:05:00,0,PUNE,PUNE JN,CSTM,MUMBAI CST,0,365
11011,LTT NANDED EXP,5,PUNE,PUNE JN,15:30:00,15:35:00,176,LTT,LOKMANYATILAK T,NED,H SAHIB NANDED,930,935
11011,LTT NANDED EXP,10,LTRR,LATUR ROAD,22:20:00,22:40:00,547,LTT,LOKMANYATILAK T,NED,H SAHIB NANDED,1340,1360
11011,LTT NANDED EXP,12,PRLI,PARLI VAIJNATH,00:40:00,00:50:00,610,LTT,LOKMANYATILAK T,NED,H SAHIB NANDED,40,50
11011,LTT NANDED EXP,15,PAU,PURNA JN,03:00:00,03:05:00,702,LTT,LOKMANYATILAK T,NED,H SAHIB NANDED,180,185
11012,NED LTT EXPRESS,2,PAU,PURNA JN,06:55:00,06:57:00,31,NED,H SAHIB NANDED,LTT,LOKMANYATILAK T,415,417
11012,NED LTT EXPRESS,5,PRLI,PARLI VAIJNATH,09:10:00,09:40:00,123,NED,H SAHIB NANDED,LTT,LOKMANYATILAK T,550,580
11012,NED LTT EXPRESS,7,LTRR,LATUR ROAD,11:20:00,11:40:00,186,NED,H SAHIB NANDED,LTT,LOKMANYATILAK T,680,700
11012,NED LTT EXPRESS,12,PUNE,PUNE JN,19:50:00,19:55:00,557,NED,H SAHIB NANDED,LTT,LOKMANYATILAK T,1190,1195
11013,COIMBATORE EXP,4,PUNE,PUNE JN,01:50:00,01:55:00,176,LTT,LOKMANYATILAK T,CBE,COIMBATORE JN,110,115
11013,COIMBATORE EXP,6,SUR,SOLAPUR JN,06:25:00,06:35:00,440,LTT,LOKMANYATILAK T,CBE,COIMBATORE JN,385,395
11013,COIMBATORE EXP,27,BNC,BANGALORE CANT,22:25:00,22:27:00,1142,LTT,LOKMANYATILAK T,CBE,COIMBATORE JN,1345,1347
11014,LOKMANYA TT EXP,10,BNC,BANGALORE CANT,16:10:00,16:12:00,386,CBE,COIMBATORE JN,LTT,LOKMANYATILAK T,970,972
11014,LOKMANYA TT EXP,29,SUR,SOLAPUR JN,05:50:00,06:00:00,1079,CBE,COIMBATORE JN,LTT,LOKMANYATILAK T,350,360
11014,LOKMANYA TT EXP,32,PUNE,PUNE JN,10:35:00,10:45:00,1343,CBE,COIMBATORE JN,LTT,LOKMANYATILAK T,635,645
11015,KUSHINAGAR EXP,4,KSRA,KASARA,00:33:00,00:35:00,105,LTT,LOKMANYATILAK T,GKP,GORAKHPUR JN,33,35
11015,KUSHINAGAR EXP,11,PC,PACHORA JN,04:33:00,04:35:00,357,LTT,LOKMANYATILAK T,GKP,GORAKHPUR JN,273,275
11015,KUSHINAGAR EXP,12,JL,JALGAON JN,05:08:00,05:10:00,405,LTT,LOKMANYATILAK T,GKP,GORAKHPUR JN,308,310
11015,KUSHINAGAR EXP,19,HD,HARDA,10:22:00,10:24:00,660,LTT,LOKMANYATILAK T,GKP,GORAKHPUR JN,622,624
11015,KUSHINAGAR EXP,22,HBD,HOSHANGABAD,12:13:00,12:15:00,753,LTT,LOKMANYATILAK T,GKP,GORAKHPUR JN,733,735
11015,KUSHINAGAR EXP,24,HBJ,HABIBGANJ,13:26:00,13:28:00,821,LTT,LOKMANYATILAK T,GKP,GORAKHPUR JN,806,808
11015,KUSHINAGAR EXP,28,BINA,BINA JN,16:25:00,16:30:00,966,LTT,LOKMANYATILAK T,GKP,GORAKHPUR JN,985,990
11015,KUSHINAGAR EXP,39,CNB,KANPUR CENTRAL,00:10:00,00:20:00,1338,LTT,LOKMANYATILAK T,GKP,GORAKHPUR JN,10,20
11016,KUSHINAGAR EXP,10,CNB,KANPUR CENTRAL,02:15:00,02:25:00,345,GKP,GORAKHPUR JN,LTT,LOKMANYATILAK T,135,145
11016,KUSHINAGAR EXP,20,BINA,BINA JN,09:45:00,09:50:00,717,GKP,GORAKHPUR JN,LTT,LOKMANYATILAK T,585,590
11016,KUSHINAGAR EXP,24,HBJ,HABIBGANJ,12:10:00,12:12:00,861,GKP,GORAKHPUR JN,LTT,LOKMANYATILAK T,730,732
11016,KUSHINAGAR EXP,26,HBD,HOSHANGABAD,13:17:00,13:19:00,929,GKP,GORAKHPUR JN,LTT,LOKMANYATILAK T,797,799
11016,KUSHINAGAR EXP,29,HD,HARDA,15:08:00,15:10:00,1023,GKP,GORAKHPUR JN,LTT,LOKMANYATILAK T,908,910
11016,KUSHINAGAR EXP,36,JL,JALGAON JN,19:43:00,19:45:00,1278,GKP,GORAKHPUR JN,LTT,LOKMANYATILAK T,1183,1185
11016,KUSHINAGAR EXP,37,PC,PACHORA JN,20:16:00,20:18:00,1326,GKP,GORAKHPUR JN,LTT,LOKMANYATILAK T,1216,1218
11017,LTT KARAIKAL EX,5,PUNE,PUNE JN,15:30:00,15:35:00,176,LTT,LOKMANYATILAK T,KIK,KARAIKAL,930,935
11017,LTT KARAIKAL EX,6,SUR,SOLAPUR JN,19:35:00,19:45:00,440,LTT,LOKMANYATILAK T,KIK,KARAIKAL,1175,1185
11017,LTT KARAIKAL EX,17,RU,RENIGUNTA JN,08:05:00,08:15:00,1127,LTT,LOKMANYATILAK T,KIK,KARAIKAL,485,495
11018,KIK LTT EXPRESS,16,RU,RENIGUNTA JN,01:30:00,01:35:00,507,KIK,KARAIKAL,LTT,LOKMANYATILAK T,90,95
11018,KIK LTT EXPRESS,27,SUR,SOLAPUR JN,14:50:00,15:00:00,1195,KIK,KARAIKAL,LTT,LOKMANYATILAK T,890,900
11018,KIK LTT EXPRESS,28,PUNE,PUNE JN,19:50:00,19:55:00,1459,KIK,KARAIKAL,LTT,LOKMANYATILAK T,1190,1195
11019,KONARK EXPRESS,6,PUNE,PUNE JN,19:00:00,19:05:00,192,CSTM,MUMBAI CST,BBS,BHUBANESWAR,1140,1145
11019,KONARK EXPRESS,8,SUR,SOLAPUR JN,00:15:00,00:25:00,455,CSTM,MUMBAI CST,BBS,BHUBANESWAR,15,25
11019,KONARK EXPRESS,20,BZA,VIJAYAWADA JN,14:00:00,14:20:00,1139,CSTM,MUMBAI CST,BBS,BHUBANESWAR,840,860
11019,KONARK EXPRESS,28,VSKP,VISAKHAPATNAM,21:00:00,21:20:00,1489,CSTM,MUMBAI CST,BBS,BHUBANESWAR,1260,1280
11019,KONARK EXPRESS,29,VSKP,VISAKHAPATNAM,21:00:00,21:20:00,1489,CSTM,MUMBAI CST,BBS,BHUBANESWAR,1260,1280
11019,KONARK EXPRESS,38,BBS,BHUBANESWAR,04:25:00,00:00:00,1932,CSTM,MUMBAI CST,BBS,BHUBANESWAR,265,0
11019,KONARK EXPRESS,39,BBS,BHUBANESWAR,04:25:00,00:00:00,1932,CSTM,MUMBAI CST,BBS,BHUBANESWAR,265,0
11020,KONARK EXPRESS,1,BBS,BHUBANESWAR,00:00:00,15:25:00,0,BBS,BHUBANESWAR,CSTM,MUMBAI CST,0,925
11020,KONARK EXPRESS,11,VSKP,VISAKHAPATNAM,22:25:00,22:45:00,443,BBS,BHUBANESWAR,CSTM,MUMBAI CST,1345,1365
11020,KONARK EXPRESS,19,BZA,VIJAYAWADA JN,05:00:00,05:20:00,793,BBS,BHUBANESWAR,CSTM,MUMBAI CST,300,320
11020,KONARK EXPRESS,31,SUR,SOLAPUR JN,18:45:00,18:55:00,1477,BBS,BHUBANESWAR,CSTM,MUMBAI CST,1125,1135
11020,KONARK EXPRESS,33,PUNE,PUNE JN,23:45:00,23:50:00,1740,BBS,BHUBANESWAR,CSTM,MUMBAI CST,1425,1430
11021,TIRUNELVELI EXP,5,PUNE,PUNE JN,01:00:00,01:10:00,183,DR,DADAR,TEN,TIRUNELVELI,60,70
11022,CHALUKYA EXP,36,PUNE,PUNE JN,02:10:00,02:20:00,1671,TEN,TIRUNELVELI,DR,DADAR,130,140
11023,SAHYADRI EXPRES,12,PUNE,PUNE JN,21:55:00,22:05:00,192,CSTM,MUMBAI CST,KOP,C SHAHUMHARAJ T,1315,1325
11024,SAHYADRI EXP,18,PUNE,PUNE JN,06:50:00,07:00:00,327,KOP,C SHAHUMHARAJ T,CSTM,MUMBAI CST,410,420
11025,BSL PUNE EXP,2,JL,JALGAON JN,00:51:00,00:53:00,25,BSL,BHUSAVAL JN,PUNE,PUNE JN,51,53
11025,BSL PUNE EXP,3,PC,PACHORA JN,01:24:00,01:26:00,73,BSL,BHUSAVAL JN,PUNE,PUNE JN,84,86
11025,BSL PUNE EXP,19,PUNE,PUNE JN,12:05:00,00:00:00,548,BSL,BHUSAVAL JN,PUNE,PUNE JN,725,0
11026,PUNE BSL EXP,1,PUNE,PUNE JN,00:00:00,11:45:00,0,PUNE,PUNE JN,BSL,BHUSAVAL JN,0,705
11026,PUNE BSL EXP,17,PC,PACHORA JN,20:28:00,20:30:00,476,PUNE,PUNE JN,BSL,BHUSAVAL JN,1228,1230
11026,PUNE BSL EXP,18,JL,JALGAON JN,21:03:00,21:05:00,524,PUNE,PUNE JN,BSL,BHUSAVAL JN,1263,1265
11027,CHENNAI MAIL,7,PUNE,PUNE JN,03:25:00,03:35:00,192,CSTM,MUMBAI CST,MAS,CHENNAI CENTRAL,205,215
11027,CHENNAI MAIL,10,JEUR,JEUR,06:23:00,06:25:00,342,CSTM,MUMBAI CST,MAS,CHENNAI CENTRAL,383,385
11027,CHENNAI MAIL,15,SUR,SOLAPUR JN,09:15:00,09:25:00,455,CSTM,MUMBAI CST,MAS,CHENNAI CENTRAL,555,565
11027,CHENNAI MAIL,46,RU,RENIGUNTA JN,00:55:00,01:00:00,1143,CSTM,MUMBAI CST,MAS,CHENNAI CENTRAL,55,60
11028,MUMBAI MAIL,6,RU,RENIGUNTA JN,02:00:00,02:05:00,141,MAS,CHENNAI CENTRAL,CSTM,MUMBAI CST,120,125
11028,MUMBAI MAIL,37,SUR,SOLAPUR JN,18:10:00,18:20:00,829,MAS,CHENNAI CENTRAL,CSTM,MUMBAI CST,1090,1100
11028,MUMBAI MAIL,42,JEUR,JEUR,20:14:00,20:15:00,942,MAS,CHENNAI CENTRAL,CSTM,MUMBAI CST,1214,1215
11028,MUMBAI MAIL,45,PUNE,PUNE JN,23:25:00,23:40:00,1092,MAS,CHENNAI CENTRAL,CSTM,MUMBAI CST,1405,1420
11029,KOYNA EXPRESS,13,PUNE,PUNE JN,12:40:00,12:45:00,192,CSTM,MUMBAI CST,KOP,C SHAHUMHARAJ T,760,765
11030,KOYNA EXPRESS,25,PUNE,PUNE JN,15:40:00,15:45:00,327,KOP,C SHAHUMHARAJ T,CSTM,MUMBAI CST,940,945
11031,SUR BIJAPUR EXP,1,SUR,SOLAPUR JN,00:00:00,10:05:00,0,SUR,SOLAPUR JN,BJP,BIJAPUR,0,605
11032,BJP SUR EXP,5,SUR,SOLAPUR JN,17:40:00,00:00:00,109,BJP,BIJAPUR,SUR,SOLAPUR JN,1060,0
11033,DARBHANGA EXP,1,PUNE,PUNE JN,00:00:00,16:15:00,0,PUNE,PUNE JN,DBG,DARBHANGA JN,0,975
11033,DARBHANGA EXP,3,ANG,AHMADNAGAR,19:02:00,19:05:00,160,PUNE,PUNE JN,DBG,DARBHANGA JN,1142,1145
11034,DBG PUNE EXP,28,ANG,AHMADNAGAR,04:10:00,04:13:00,1788,DBG,DARBHANGA JN,PUNE,PUNE JN,250,253
11034,DBG PUNE EXP,30,PUNE,PUNE JN,08:05:00,00:00:00,1947,DBG,DARBHANGA JN,PUNE,PUNE JN,485,0
11035,SHARAVATHI EXP,5,PUNE,PUNE JN,01:00:00,01:10:00,183,DR,DADAR,MYS,MYSORE JN,60,70
11036,SHARAVATI EXP,23,PUNE,PUNE JN,02:10:00,02:20:00,1029,MYS,MYSORE JN,DR,DADAR,130,140
11037,PA GORAKHPUR EX,1,PUNE,PUNE JN,00:00:00,16:15:00,0,PUNE,PUNE JN,GKP,GORAKHPUR JN,0,975
11037,PA GORAKHPUR EX,5,JL,JALGAON JN,23:43:00,23:45:00,473,PUNE,PUNE JN,GKP,GORAKHPUR JN,1423,1425
11038,GKP PUNE EXPRES,13,JL,JALGAON JN,17:53:00,17:55:00,1299,GKP,GORAKHPUR JN,PUNE,PUNE JN,1073,1075
11038,GKP PUNE EXPRES,17,PUNE,PUNE JN,04:05:00,00:00:00,1771,GKP,GORAKHPUR JN,PUNE,PUNE JN,245,0
11039,MAHARASHTRA EXP,8,HD,HARDA,18:13:00,18:15:00,1055,KOP,C SHAHUMHARAJ T,G,GONDIA JN,1093,1095
11039,MAHARASHTRA EXP,14,GAR,GADARWARA,22:48:00,22:50:00,1247,KOP,C SHAHUMHARAJ T,G,GONDIA JN,1368,1370
11039,MAHARASHTRA EXP,27,PUNE,PUNE JN,23:05:00,23:20:00,327,KOP,C SHAHUMHARAJ T,G,GONDIA JN,1385,1400
11039,MAHARASHTRA EXP,31,ANG,AHMADNAGAR,02:37:00,02:40:00,486,KOP,C SHAHUMHARAJ T,G,GONDIA JN,157,160
11039,MAHARASHTRA EXP,39,PC,PACHORA JN,07:33:00,07:35:00,751,KOP,C SHAHUMHARAJ T,G,GONDIA JN,453,455
11039,MAHARASHTRA EXP,40,JL,JALGAON JN,08:13:00,08:15:00,799,KOP,C SHAHUMHARAJ T,G,GONDIA JN,493,495
11039,MAHARASHTRA EXP,42,BDWD,BODWAD,09:32:00,09:34:00,853,KOP,C SHAHUMHARAJ T,G,GONDIA JN,572,574
11039,MAHARASHTRA EXP,43,MKU,MALKAPUR,09:48:00,09:50:00,873,KOP,C SHAHUMHARAJ T,G,GONDIA JN,588,590
11039,MAHARASHTRA EXP,46,SEG,SHEGAON,10:38:00,10:40:00,925,KOP,C SHAHUMHARAJ T,G,GONDIA JN,638,640
11039,MAHARASHTRA EXP,47,AK,AKOLA JN,11:15:00,11:20:00,963,KOP,C SHAHUMHARAJ T,G,GONDIA JN,675,680
11039,MAHARASHTRA EXP,48,MZR,MURTAJAPUR,11:48:00,11:50:00,1000,KOP,C SHAHUMHARAJ T,G,GONDIA JN,708,710
11039,MAHARASHTRA EXP,49,BD,BADNERA JN,13:00:00,13:05:00,1041,KOP,C SHAHUMHARAJ T,G,GONDIA JN,780,785
11039,MAHARASHTRA EXP,50,CND,CHANDUR,13:40:00,13:42:00,1071,KOP,C SHAHUMHARAJ T,G,GONDIA JN,820,822
11039,MAHARASHTRA EXP,52,PLO,PULGAON JN,14:12:00,14:14:00,1107,KOP,C SHAHUMHARAJ T,G,GONDIA JN,852,854
11039,MAHARASHTRA EXP,53,WR,WARDHA JN,14:52:00,14:55:00,1137,KOP,C SHAHUMHARAJ T,G,GONDIA JN,892,895
11039,MAHARASHTRA EXP,58,NGP,NAGPUR,17:20:00,17:40:00,1215,KOP,C SHAHUMHARAJ T,G,GONDIA JN,1040,1060
11040,MAHARASHTRA EXP,3,JEUR,JEUR,06:24:00,06:25:00,1019,G,GONDIA JN,KOP,C SHAHUMHARAJ T,384,385
11040,MAHARASHTRA EXP,6,SUR,SOLAPUR JN,09:15:00,00:00:00,1132,G,GONDIA JN,KOP,C SHAHUMHARAJ T,555,0
11040,MAHARASHTRA EXP,7,NGP,NAGPUR,10:40:00,10:55:00,131,G,GONDIA JN,KOP,C SHAHUMHARAJ T,640,655
11040,MAHARASHTRA EXP,10,WR,WARDHA JN,12:10:00,12:13:00,210,G,GONDIA JN,KOP,C SHAHUMHARAJ T,730,733
11040,MAHARASHTRA EXP,11,PLO,PULGAON JN,12:35:00,12:36:00,239,G,GONDIA JN,KOP,C SHAHUMHARAJ T,755,756
11040,MAHARASHTRA EXP,13,CND,CHANDUR,13:11:00,13:12:00,276,G,GONDIA JN,KOP,C SHAHUMHARAJ T,791,792
11040,MAHARASHTRA EXP,14,BD,BADNERA JN,14:10:00,14:15:00,305,G,GONDIA JN,KOP,C SHAHUMHARAJ T,850,855
11040,MAHARASHTRA EXP,15,MZR,MURTAJAPUR,14:43:00,14:45:00,346,G,GONDIA JN,KOP,C SHAHUMHARAJ T,883,885
11040,MAHARASHTRA EXP,16,AK,AKOLA JN,15:10:00,15:15:00,384,G,GONDIA JN,KOP,C SHAHUMHARAJ T,910,915
11040,MAHARASHTRA EXP,17,SEG,SHEGAON,15:44:00,15:45:00,421,G,GONDIA JN,KOP,C SHAHUMHARAJ T,944,945
11040,MAHARASHTRA EXP,20,MKU,MALKAPUR,16:29:00,16:30:00,474,G,GONDIA JN,KOP,C SHAHUMHARAJ T,989,990
11040,MAHARASHTRA EXP,21,BDWD,BODWAD,16:49:00,16:50:00,493,G,GONDIA JN,KOP,C SHAHUMHARAJ T,1009,1010
11040,MAHARASHTRA EXP,24,JL,JALGAON JN,18:14:00,18:15:00,548,G,GONDIA JN,KOP,C SHAHUMHARAJ T,1094,1095
11040,MAHARASHTRA EXP,25,PC,PACHORA JN,18:44:00,18:45:00,595,G,GONDIA JN,KOP,C SHAHUMHARAJ T,1124,1125
11040,MAHARASHTRA EXP,33,ANG,AHMADNAGAR,00:37:00,00:42:00,860,G,GONDIA JN,KOP,C SHAHUMHARAJ T,37,42
11040,MAHARASHTRA EXP,37,PUNE,PUNE JN,04:40:00,04:50:00,1020,G,GONDIA JN,KOP,C SHAHUMHARAJ T,280,290
11041,CSTM CHENNAI EX,8,PUNE,PUNE JN,18:00:00,18:10:00,192,CSTM,MUMBAI CST,MAS,CHENNAI CENTRAL,1080,1090
11041,CSTM CHENNAI EX,11,SUR,SOLAPUR JN,23:15:00,23:25:00,455,CSTM,MUMBAI CST,MAS,CHENNAI CENTRAL,1395,1405
11041,CSTM CHENNAI EX,33,RU,RENIGUNTA JN,13:40:00,13:45:00,1143,CSTM,MUMBAI CST,MAS,CHENNAI CENTRAL,820,825
11042,MUMBAI EXPRESS,6,RU,RENIGUNTA JN,14:30:00,14:35:00,141,MAS,CHENNAI CENTRAL,CSTM,MUMBAI CST,870,875
11042,MUMBAI EXPRESS,26,SUR,SOLAPUR JN,04:30:00,04:40:00,829,MAS,CHENNAI CENTRAL,CSTM,MUMBAI CST,270,280
11042,MUMBAI EXPRESS,29,PUNE,PUNE JN,09:30:00,09:35:00,1092,MAS,CHENNAI CENTRAL,CSTM,MUMBAI CST,570,575
11043,MADURAI EXPRESS,6,PUNE,PUNE JN,03:53:00,03:58:00,176,LTT,LOKMANYATILAK T,MDU,MADURAI JN,233,238
11043,MADURAI EXPRESS,8,SUR,SOLAPUR JN,08:35:00,08:45:00,440,LTT,LOKMANYATILAK T,MDU,MADURAI JN,515,525
11043,MADURAI EXPRESS,19,RU,RENIGUNTA JN,22:15:00,22:30:00,1127,LTT,LOKMANYATILAK T,MDU,MADURAI JN,1335,1350
11044,LOKAMANYA TT EX,11,RU,RENIGUNTA JN,07:00:00,07:20:00,576,MDU,MADURAI JN,LTT,LOKMANYATILAK T,420,440
11044,LOKAMANYA TT EX,22,SUR,SOLAPUR JN,21:15:00,21:25:00,1264,MDU,MADURAI JN,LTT,LOKMANYATILAK T,1275,1285
11044,LOKAMANYA TT EX,24,PUNE,PUNE JN,02:00:00,02:05:00,1527,MDU,MADURAI JN,LTT,LOKMANYATILAK T,120,125
11045,DIKSHABHOOMI EX,4,PUNE,PUNE JN,07:25:00,07:40:00,327,KOP,C SHAHUMHARAJ T,DHN,DHANBAD JN,445,460
11045,DIKSHABHOOMI EX,6,ANG,AHMADNAGAR,11:35:00,11:37:00,486,KOP,C SHAHUMHARAJ T,DHN,DHANBAD JN,695,697
11045,DIKSHABHOOMI EX,17,NGP,NAGPUR,07:35:00,07:45:00,1516,KOP,C SHAHUMHARAJ T,DHN,DHANBAD JN,455,465
11046,DIKSHABHUMI EXP,22,NGP,NAGPUR,15:30:00,15:40:00,1452,DHN,DHANBAD JN,KOP,C SHAHUMHARAJ T,930,940
11046,DIKSHABHUMI EXP,33,ANG,AHMADNAGAR,15:27:00,15:30:00,2482,DHN,DHANBAD JN,KOP,C SHAHUMHARAJ T,927,930
11046,DIKSHABHUMI EXP,35,PUNE,PUNE JN,19:15:00,19:30:00,2641,DHN,DHANBAD JN,KOP,C SHAHUMHARAJ T,1155,1170
11049,KOLHAPUR EXPRES,14,PUNE,PUNE JN,07:40:00,07:50:00,635,ADI,AHMEDABAD JN,KOP,C SHAHUMHARAJ T,460,470
11050,AHMEDABAD EXP,5,PUNE,PUNE JN,19:40:00,19:50:00,327,KOP,C SHAHUMHARAJ T,ADI,AHMEDABAD JN,1180,1190
11051,SUR KOP EXP,1,SUR,SOLAPUR JN,00:00:00,23:35:00,0,SUR,SOLAPUR JN,KOP,C SHAHUMHARAJ T,0,1415
11051,SUR KOP EXP,6,DLGN,DHALGAON,03:19:00,03:20:00,207,SUR,SOLAPUR JN,KOP,C SHAHUMHARAJ T,199,200
11051,SUR KOP EXP,6,DLGN,DHALGAON,03:18:00,03:20:00,207,SUR,SOLAPUR JN,KOP,C SHAHUMHARAJ T,198,200
11051,SUR KOP EXP,7,KVK,KAVATHE MAHANKL,03:35:00,03:37:00,223,SUR,SOLAPUR JN,KOP,C SHAHUMHARAJ T,215,217
11052,KOP SOLAPUR EXP,3,KVK,KAVATHE MAHANKL,02:08:00,02:10:00,93,KOP,C SHAHUMHARAJ T,SUR,SOLAPUR JN,128,130
11052,KOP SOLAPUR EXP,4,DLGN,DHALGAON,02:23:00,02:25:00,109,KOP,C SHAHUMHARAJ T,SUR,SOLAPUR JN,143,145
11052,KOP SOLAPUR EXP,9,SUR,SOLAPUR JN,07:45:00,00:00:00,315,KOP,C SHAHUMHARAJ T,SUR,SOLAPUR JN,465,0
11053,LTT AZAMGARH EX,6,HD,HARDA,03:37:00,03:39:00,660,LTT,LOKMANYATILAK T,AMH,AZAMGARH,217,219
11054,AMH LTT EXP,12,HD,HARDA,01:26:00,01:28:00,892,AMH,AZAMGARH,LTT,LOKMANYATILAK T,86,88
11057,AMRITSAR EXPRES,3,JMD,JAMDHA,06:17:00,06:19:00,342,CSTM,MUMBAI CST,ASR,AMRITSAR JN,377,379
11057,AMRITSAR EXPRES,4,KSRA,KASARA,01:38:00,01:40:00,121,CSTM,MUMBAI CST,ASR,AMRITSAR JN,98,100
11057,AMRITSAR EXPRES,9,DHI,DHULE,07:15:00,00:00:00,384,CSTM,MUMBAI CST,ASR,AMRITSAR JN,435,0
11057,AMRITSAR EXPRES,10,PC,PACHORA JN,05:28:00,05:30:00,373,CSTM,MUMBAI CST,ASR,AMRITSAR JN,328,330
11057,AMRITSAR EXPRES,11,JL,JALGAON JN,06:03:00,06:05:00,420,CSTM,MUMBAI CST,ASR,AMRITSAR JN,363,365
11057,AMRITSAR EXPRES,22,HD,HARDA,11:04:00,11:06:00,676,CSTM,MUMBAI CST,ASR,AMRITSAR JN,664,666
11057,AMRITSAR EXPRES,26,HBD,HOSHANGABAD,13:06:00,13:08:00,769,CSTM,MUMBAI CST,ASR,AMRITSAR JN,786,788
11057,AMRITSAR EXPRES,30,HBJ,HABIBGANJ,14:33:00,14:35:00,837,CSTM,MUMBAI CST,ASR,AMRITSAR JN,873,875
11057,AMRITSAR EXPRES,37,BINA,BINA JN,17:40:00,17:45:00,982,CSTM,MUMBAI CST,ASR,AMRITSAR JN,1060,1065
11058,ASR CSTM EXP,55,BINA,BINA JN,08:55:00,09:00:00,1065,ASR,AMRITSAR JN,CSTM,MUMBAI CST,535,540
11058,ASR CSTM EXP,62,HBJ,HABIBGANJ,11:25:00,11:27:00,1209,ASR,AMRITSAR JN,CSTM,MUMBAI CST,685,687
11058,ASR CSTM EXP,66,HBD,HOSHANGABAD,12:44:00,12:46:00,1277,ASR,AMRITSAR JN,CSTM,MUMBAI CST,764,766
11058,ASR CSTM EXP,70,HD,HARDA,14:29:00,14:31:00,1370,ASR,AMRITSAR JN,CSTM,MUMBAI CST,869,871
11058,ASR CSTM EXP,81,JL,JALGAON JN,19:18:00,19:20:00,1626,ASR,AMRITSAR JN,CSTM,MUMBAI CST,1158,1160
11058,ASR CSTM EXP,82,PC,PACHORA JN,19:53:00,19:55:00,1673,ASR,AMRITSAR JN,CSTM,MUMBAI CST,1193,1195
11061,MUZAFFARPUR EXP,8,PC,PACHORA JN,17:43:00,17:45:00,357,LTT,LOKMANYATILAK T,MFP,MUZAFFARPUR JN,1063,1065
11061,MUZAFFARPUR EXP,9,JL,JALGAON JN,18:23:00,18:25:00,405,LTT,LOKMANYATILAK T,MFP,MUZAFFARPUR JN,1103,1105
11062,MFP LTT EXPRESS,29,JL,JALGAON JN,19:29:00,19:30:00,1386,MFP,MUZAFFARPUR JN,LTT,LOKMANYATILAK T,1169,1170
11065,DARBHANGA EXP,8,PC,PACHORA JN,17:43:00,17:45:00,357,LTT,LOKMANYATILAK T,DBG,DARBHANGA JN,1063,1065
11065,DARBHANGA EXP,9,JL,JALGAON JN,18:23:00,18:25:00,405,LTT,LOKMANYATILAK T,DBG,DARBHANGA JN,1103,1105
11066,DBG LTT EXPRESS,32,JL,JALGAON JN,19:29:00,19:30:00,1475,DBG,DARBHANGA JN,LTT,LOKMANYATILAK T,1169,1170
11069,TULSI EXPRESS,10,HD,HARDA,15:33:00,15:35:00,660,LTT,LOKMANYATILAK T,ALD,ALLAHABAD JN,933,935
11069,TULSI EXPRESS,13,HBJ,HABIBGANJ,18:15:00,18:17:00,821,LTT,LOKMANYATILAK T,ALD,ALLAHABAD JN,1095,1097
11069,TULSI EXPRESS,15,BINA,BINA JN,21:35:00,21:40:00,966,LTT,LOKMANYATILAK T,ALD,ALLAHABAD JN,1295,1300
11070,TULSI EXPRESS,11,BINA,BINA JN,02:40:00,02:45:00,545,ALD,ALLAHABAD JN,LTT,LOKMANYATILAK T,160,165
11070,TULSI EXPRESS,13,HBJ,HABIBGANJ,05:05:00,05:07:00,689,ALD,ALLAHABAD JN,LTT,LOKMANYATILAK T,305,307
11070,TULSI EXPRESS,16,HD,HARDA,09:02:00,09:04:00,850,ALD,ALLAHABAD JN,LTT,LOKMANYATILAK T,542,544
11071,KAMAYANI EXPRES,9,PC,PACHORA JN,18:08:00,18:10:00,357,LTT,LOKMANYATILAK T,BSB,VARANASI JN,1088,1090
11071,KAMAYANI EXPRES,10,JL,JALGAON JN,18:43:00,18:45:00,405,LTT,LOKMANYATILAK T,BSB,VARANASI JN,1123,1125
11071,KAMAYANI EXPRES,17,HD,HARDA,23:08:00,23:10:00,660,LTT,LOKMANYATILAK T,BSB,VARANASI JN,1388,1390
11071,KAMAYANI EXPRES,19,HBD,HOSHANGABAD,00:58:00,01:00:00,753,LTT,LOKMANYATILAK T,BSB,VARANASI JN,58,60
11071,KAMAYANI EXPRES,20,HBJ,HABIBGANJ,02:08:00,02:10:00,821,LTT,LOKMANYATILAK T,BSB,VARANASI JN,128,130
11071,KAMAYANI EXPRES,24,BINA,BINA JN,05:30:00,05:35:00,966,LTT,LOKMANYATILAK T,BSB,VARANASI JN,330,335
11072,KAMAYANI EXPRES,18,BINA,BINA JN,05:30:00,05:35:00,674,BSB,VARANASI JN,LTT,LOKMANYATILAK T,330,335
11072,KAMAYANI EXPRES,22,HBJ,HABIBGANJ,07:50:00,07:52:00,818,BSB,VARANASI JN,LTT,LOKMANYATILAK T,470,472
11072,KAMAYANI EXPRES,23,HBD,HOSHANGABAD,08:50:00,08:52:00,886,BSB,VARANASI JN,LTT,LOKMANYATILAK T,530,532
11072,KAMAYANI EXPRES,25,HD,HARDA,10:20:00,10:22:00,980,BSB,VARANASI JN,LTT,LOKMANYATILAK T,620,622
11072,KAMAYANI EXPRES,32,JL,JALGAON JN,15:08:00,15:10:00,1235,BSB,VARANASI JN,LTT,LOKMANYATILAK T,908,910
11072,KAMAYANI EXPRES,33,PC,PACHORA JN,15:41:00,15:43:00,1283,BSB,VARANASI JN,LTT,LOKMANYATILAK T,941,943
11073,LTT CHENNAI EX,3,PUNE,PUNE JN,16:40:00,16:45:00,176,LTT,LOKMANYATILAK T,MAS,CHENNAI CENTRAL,1000,1005
11073,LTT CHENNAI EX,4,SUR,SOLAPUR JN,21:10:00,21:20:00,440,LTT,LOKMANYATILAK T,MAS,CHENNAI CENTRAL,1270,1280
11073,LTT CHENNAI EX,15,RU,RENIGUNTA JN,10:00:00,10:15:00,1127,LTT,LOKMANYATILAK T,MAS,CHENNAI CENTRAL,600,615
11074,CHENNAI LTT EXP,3,RU,RENIGUNTA JN,18:00:00,18:10:00,141,MAS,CHENNAI CENTRAL,LTT,LOKMANYATILAK T,1080,1090
11074,CHENNAI LTT EXP,14,SUR,SOLAPUR JN,06:40:00,06:50:00,829,MAS,CHENNAI CENTRAL,LTT,LOKMANYATILAK T,400,410
11074,CHENNAI LTT EXP,15,PUNE,PUNE JN,11:50:00,12:00:00,1092,MAS,CHENNAI CENTRAL,LTT,LOKMANYATILAK T,710,720
11075,LTT BIDR EXPRES,5,PUNE,PUNE JN,15:30:00,15:35:00,176,LTT,LOKMANYATILAK T,BIDR,BIDAR,930,935
11075,LTT BIDR EXPRES,9,LTRR,LATUR ROAD,22:30:00,22:40:00,547,LTT,LOKMANYATILAK T,BIDR,BIDAR,1350,1360
11076,BIDR LTT EXP,5,LTRR,LATUR ROAD,11:20:00,11:30:00,114,BIDR,BIDAR,LTT,LOKMANYATILAK T,680,690
11076,BIDR LTT EXP,9,PUNE,PUNE JN,19:50:00,19:55:00,485,BIDR,BIDAR,LTT,LOKMANYATILAK T,1190,1195
11077,JHELUM EXPRESS,1,PUNE,PUNE JN,00:00:00,17:20:00,0,PUNE,PUNE JN,JAT,JAMMU TAWI,0,1040
11077,JHELUM EXPRESS,4,ANG,AHMADNAGAR,20:22:00,20:25:00,160,PUNE,PUNE JN,JAT,JAMMU TAWI,1222,1225
11077,JHELUM EXPRESS,10,PC,PACHORA JN,01:08:00,01:10:00,425,PUNE,PUNE JN,JAT,JAMMU TAWI,68,70
11077,JHELUM EXPRESS,11,JL,JALGAON JN,01:38:00,01:40:00,473,PUNE,PUNE JN,JAT,JAMMU TAWI,98,100
11077,JHELUM EXPRESS,16,HD,HARDA,05:47:00,05:49:00,728,PUNE,PUNE JN,JAT,JAMMU TAWI,347,349
11077,JHELUM EXPRESS,20,HBD,HOSHANGABAD,07:33:00,07:35:00,821,PUNE,PUNE JN,JAT,JAMMU TAWI,453,455
11077,JHELUM EXPRESS,21,HBJ,HABIBGANJ,08:38:00,08:40:00,889,PUNE,PUNE JN,JAT,JAMMU TAWI,518,520
11077,JHELUM EXPRESS,25,BINA,BINA JN,11:15:00,11:20:00,1034,PUNE,PUNE JN,JAT,JAMMU TAWI,675,680
11078,JHELUM EXPRESS,42,BINA,BINA JN,20:05:00,20:10:00,1139,JAT,JAMMU TAWI,PUNE,PUNE JN,1205,1210
11078,JHELUM EXPRESS,46,HBJ,HABIBGANJ,22:30:00,22:32:00,1284,JAT,JAMMU TAWI,PUNE,PUNE JN,1350,1352
11078,JHELUM EXPRESS,47,HBD,HOSHANGABAD,23:30:00,23:32:00,1351,JAT,JAMMU TAWI,PUNE,PUNE JN,1410,1412
11078,JHELUM EXPRESS,50,HD,HARDA,01:17:00,01:19:00,1445,JAT,JAMMU TAWI,PUNE,PUNE JN,77,79
11078,JHELUM EXPRESS,55,JL,JALGAON JN,05:38:00,05:40:00,1700,JAT,JAMMU TAWI,PUNE,PUNE JN,338,340
11078,JHELUM EXPRESS,56,PC,PACHORA JN,06:08:00,06:10:00,1748,JAT,JAMMU TAWI,PUNE,PUNE JN,368,370
11078,JHELUM EXPRESS,62,ANG,AHMADNAGAR,11:02:00,11:05:00,2013,JAT,JAMMU TAWI,PUNE,PUNE JN,662,665
11078,JHELUM EXPRESS,65,PUNE,PUNE JN,15:10:00,00:00:00,2172,JAT,JAMMU TAWI,PUNE,PUNE JN,910,0
11087,VERAVAL PUNE EX,26,PUNE,PUNE JN,04:45:00,00:00:00,1066,VRL,VERAVAL,PUNE,PUNE JN,285,0
11088,PUNE VERAVAL EX,1,PUNE,PUNE JN,00:00:00,19:50:00,0,PUNE,PUNE JN,VRL,VERAVAL,0,1190
11089,BGKTPUNE EXPRES,27,PUNE,PUNE JN,04:45:00,00:00:00,1091,BGKT,BHAGAT KI KOTHI,PUNE,PUNE JN,285,0
11090,PUNE BGKT EXP,1,PUNE,PUNE JN,00:00:00,19:50:00,0,PUNE,PUNE JN,BGKT,BHAGAT KI KOTHI,0,1190
11091,BHUJ PUNE EXP,24,PUNE,PUNE JN,04:45:00,00:00:00,993,BHUJ,BHUJ,PUNE,PUNE JN,285,0
11092,PUNE BHUJ EXP,1,PUNE,PUNE JN,00:00:00,19:50:00,0,PUNE,PUNE JN,BHUJ,BHUJ,0,1190
11093,MAHANAGARI EXP,8,JL,JALGAON JN,06:38:00,06:40:00,420,CSTM,MUMBAI CST,BSB,VARANASI JN,398,400
11094,MAHANAGARI EXP,20,JL,JALGAON JN,06:38:00,06:40:00,1095,BSB,VARANASI JN,CSTM,MUMBAI CST,398,400
11095,AHIMSA EXPRESS,17,PUNE,PUNE JN,04:45:00,00:00:00,635,ADI,AHMEDABAD JN,PUNE,PUNE JN,285,0
11096,AHIMSA EXPRESS,1,PUNE,PUNE JN,00:00:00,19:50:00,0,PUNE,PUNE JN,ADI,AHMEDABAD JN,0,1190
11097,POORNA EXPRESS,1,PUNE,PUNE JN,00:00:00,23:10:00,0,PUNE,PUNE JN,ERS,ERNAKULAM JN,0,1390
11098,POORNA EXPRESS,33,PUNE,PUNE JN,05:05:00,00:00:00,1435,ERS,ERNAKULAM JN,PUNE,PUNE JN,305,0
11101,PUNE GWALIOR EX,1,PUNE,PUNE JN,00:00:00,00:25:00,0,PUNE,PUNE JN,GWL,GWALIOR,0,25
11102,GWL PUNE EXP,23,PUNE,PUNE JN,20:10:00,00:00:00,1372,GWL,GWALIOR,PUNE,PUNE JN,1210,0
11105,PRATHAM S S EXP,17,CNB,KANPUR CENTRAL,03:45:00,03:55:00,1106,KOAA,KOLKATA,JHS,JHANSI JN,225,235
11106,PRATHAM S SNGRM,6,CNB,KANPUR CENTRAL,01:20:00,01:30:00,220,JHS,JHANSI JN,KOAA,KOLKATA,80,90
11109,JHS LJN INT EX,9,CNB,KANPUR CENTRAL,10:20:00,10:35:00,220,JHS,JHANSI JN,LJN,LUCKNOW NE,620,635
11110,LJN JHS INT EXP,3,CNB,KANPUR CENTRAL,18:15:00,18:30:00,74,LJN,LUCKNOW NE,JHS,JHANSI JN,1095,1110
11123,BJU GWL MAIL,35,CNB,KANPUR CENTRAL,13:35:00,13:45:00,740,BJU,BARAUNI JN,GWL,GWALIOR,815,825
11124,GWL BJU MAIL,15,CNB,KANPUR CENTRAL,18:20:00,18:35:00,317,GWL,GWALIOR,BJU,BARAUNI JN,1100,1115
11201,LTT AJNI EXPRES,16,PAU,PURNA JN,05:00:00,05:10:00,564,LTT,LOKMANYATILAK T,AJNI,AJNI,300,310
11201,LTT AJNI EXPRES,20,AK,AKOLA JN,09:15:00,09:25:00,771,LTT,LOKMANYATILAK T,AJNI,AJNI,555,565
11201,LTT AJNI EXPRES,21,MZR,MURTAJAPUR,09:58:00,10:00:00,809,LTT,LOKMANYATILAK T,AJNI,AJNI,598,600
11201,LTT AJNI EXPRES,22,BD,BADNERA JN,10:50:00,10:55:00,850,LTT,LOKMANYATILAK T,AJNI,AJNI,650,655
11201,LTT AJNI EXPRES,23,CND,CHANDUR,11:25:00,11:27:00,879,LTT,LOKMANYATILAK T,AJNI,AJNI,685,687
11201,LTT AJNI EXPRES,25,PLO,PULGAON JN,11:47:00,11:49:00,915,LTT,LOKMANYATILAK T,AJNI,AJNI,707,709
11201,LTT AJNI EXPRES,26,WR,WARDHA JN,12:32:00,12:35:00,945,LTT,LOKMANYATILAK T,AJNI,AJNI,752,755
11202,AJNI LTT EXPRES,2,WR,WARDHA JN,17:10:00,17:13:00,76,AJNI,AJNI,LTT,LOKMANYATILAK T,1030,1033
11202,AJNI LTT EXPRES,3,PLO,PULGAON JN,17:36:00,17:38:00,106,AJNI,AJNI,LTT,LOKMANYATILAK T,1056,1058
11202,AJNI LTT EXPRES,5,CND,CHANDUR,18:22:00,18:24:00,143,AJNI,AJNI,LTT,LOKMANYATILAK T,1102,1104
11202,AJNI LTT EXPRES,6,BD,BADNERA JN,19:30:00,19:35:00,172,AJNI,AJNI,LTT,LOKMANYATILAK T,1170,1175
11202,AJNI LTT EXPRES,7,MZR,MURTAJAPUR,20:08:00,20:10:00,213,AJNI,AJNI,LTT,LOKMANYATILAK T,1208,1210
11202,AJNI LTT EXPRES,8,AK,AKOLA JN,21:25:00,21:35:00,251,AJNI,AJNI,LTT,LOKMANYATILAK T,1285,1295
11202,AJNI LTT EXPRES,12,PAU,PURNA JN,01:00:00,01:10:00,457,AJNI,AJNI,LTT,LOKMANYATILAK T,60,70
11203,NGP JAIPUR EXP,1,NGP,NAGPUR,00:00:00,11:55:00,0,NGP,NAGPUR,JP,JAIPUR,0,715
11203,NGP JAIPUR EXP,8,HBJ,HABIBGANJ,18:13:00,18:15:00,383,NGP,NAGPUR,JP,JAIPUR,1093,1095
11204,JP NGP EXP,21,HBJ,HABIBGANJ,11:50:00,11:52:00,962,JP,JAIPUR,NGP,NAGPUR,710,712
11204,JP NGP EXP,28,NGP,NAGPUR,19:15:00,00:00:00,1345,JP,JAIPUR,NGP,NAGPUR,1155,0
11205,LTT NZB EXPRESS,15,PAU,PURNA JN,05:00:00,05:10:00,564,LTT,LOKMANYATILAK T,NZB,NIZAMABAD,300,310
11206,NZB LTT EXP,7,PAU,PURNA JN,02:23:00,02:25:00,142,NZB,NIZAMABAD,LTT,LOKMANYATILAK T,143,145
11207,NGP REWA EXP,1,NGP,NAGPUR,00:00:00,07:20:00,0,NGP,NAGPUR,REWA,REWA,0,440
11208,REWA NAGPUR EXP,16,NGP,NAGPUR,15:30:00,00:00:00,781,REWA,REWA,NGP,NAGPUR,930,0
11271,VINDHYACHAL EXP,10,GAR,GADARWARA,18:17:00,18:19:00,117,ET,ITARSI JN,BPL,BHOPAL JN,1097,1099
11271,VINDHYACHAL EXP,36,BINA,BINA JN,05:35:00,05:45:00,599,ET,ITARSI JN,BPL,BHOPAL JN,335,345
11272,VINDHYACHAL EXP,10,BINA,BINA JN,20:50:00,21:00:00,139,BPL,BHOPAL JN,ET,ITARSI JN,1250,1260
11272,VINDHYACHAL EXP,36,GAR,GADARWARA,09:26:00,09:28:00,621,BPL,BHOPAL JN,ET,ITARSI JN,566,568
11301,UDYAN EXPRESS,5,PUNE,PUNE JN,11:40:00,11:45:00,192,CSTM,MUMBAI CST,SBC,BANGALORE CY JN,700,705
11301,UDYAN EXPRESS,9,SUR,SOLAPUR JN,16:05:00,16:15:00,455,CSTM,MUMBAI CST,SBC,BANGALORE CY JN,965,975
11301,UDYAN EXPRESS,35,BNC,BANGALORE CANT,08:10:00,08:15:00,1149,CSTM,MUMBAI CST,SBC,BANGALORE CY JN,490,495
11302,UDYAN EXP,2,BNC,BANGALORE CANT,20:40:00,20:42:00,5,SBC,BANGALORE CY JN,CSTM,MUMBAI CST,1240,1242
11302,UDYAN EXP,27,SUR,SOLAPUR JN,11:10:00,11:20:00,698,SBC,BANGALORE CY JN,CSTM,MUMBAI CST,670,680
11302,UDYAN EXP,31,PUNE,PUNE JN,15:50:00,15:55:00,962,SBC,BANGALORE CY JN,CSTM,MUMBAI CST,950,955
11305,CSTM SOLAPUR EX,6,PUNE,PUNE JN,01:25:00,01:30:00,192,CSTM,MUMBAI CST,SUR,SOLAPUR JN,85,90
11305,CSTM SOLAPUR EX,8,SUR,SOLAPUR JN,08:05:00,00:00:00,455,CSTM,MUMBAI CST,SUR,SOLAPUR JN,485,0
11306,SOLAPUR CSTM EX,1,SUR,SOLAPUR JN,00:00:00,20:25:00,0,SUR,SOLAPUR JN,CSTM,MUMBAI CST,0,1225
11306,SOLAPUR CSTM EX,3,PUNE,PUNE JN,01:20:00,01:30:00,264,SUR,SOLAPUR JN,CSTM,MUMBAI CST,80,90
11401,NANDIGRAM EXP,18,PAU,PURNA JN,03:58:00,04:00:00,580,CSTM,MUMBAI CST,NGP,NAGPUR,238,240
11401,NANDIGRAM EXP,34,NGP,NAGPUR,16:15:00,00:00:00,1139,CSTM,MUMBAI CST,NGP,NAGPUR,975,0
11402,NANDIGRAM EXP,1,NGP,NAGPUR,00:00:00,06:00:00,0,NGP,NAGPUR,CSTM,MUMBAI CST,0,360
11402,NANDIGRAM EXP,17,PAU,PURNA JN,17:35:00,17:37:00,560,NGP,NAGPUR,CSTM,MUMBAI CST,1055,1057
11403,NGP KOP EXPRESS,1,NGP,NAGPUR,00:00:00,15:00:00,0,NGP,NAGPUR,KOP,C SHAHUMHARAJ T,0,900
11403,NGP KOP EXPRESS,2,WR,WARDHA JN,16:06:00,16:09:00,79,NGP,NAGPUR,KOP,C SHAHUMHARAJ T,966,969
11403,NGP KOP EXPRESS,3,PLO,PULGAON JN,16:34:00,16:36:00,109,NGP,NAGPUR,KOP,C SHAHUMHARAJ T,994,996
11403,NGP KOP EXPRESS,5,BD,BADNERA JN,18:05:00,18:10:00,175,NGP,NAGPUR,KOP,C SHAHUMHARAJ T,1085,1090
11403,NGP KOP EXPRESS,6,MZR,MURTAJAPUR,18:38:00,18:40:00,216,NGP,NAGPUR,KOP,C SHAHUMHARAJ T,1118,1120
11403,NGP KOP EXPRESS,7,AK,AKOLA JN,20:00:00,20:10:00,253,NGP,NAGPUR,KOP,C SHAHUMHARAJ T,1200,1210
11403,NGP KOP EXPRESS,10,PAU,PURNA JN,23:40:00,23:45:00,460,NGP,NAGPUR,KOP,C SHAHUMHARAJ T,1420,1425
11403,NGP KOP EXPRESS,13,PRLI,PARLI VAIJNATH,02:20:00,02:30:00,553,NGP,NAGPUR,KOP,C SHAHUMHARAJ T,140,150
11403,NGP KOP EXPRESS,14,LTRR,LATUR ROAD,04:30:00,04:50:00,616,NGP,NAGPUR,KOP,C SHAHUMHARAJ T,270,290
11403,NGP KOP EXPRESS,21,DLGN,DHALGAON,11:48:00,11:50:00,929,NGP,NAGPUR,KOP,C SHAHUMHARAJ T,708,710
11404,KOP NAGPUR EXP,9,LTRR,LATUR ROAD,22:15:00,22:30:00,423,KOP,C SHAHUMHARAJ T,NGP,NAGPUR,1335,1350
11404,KOP NAGPUR EXP,10,PRLI,PARLI VAIJNATH,00:40:00,00:50:00,486,KOP,C SHAHUMHARAJ T,NGP,NAGPUR,40,50
11404,KOP NAGPUR EXP,13,PAU,PURNA JN,03:00:00,03:05:00,578,KOP,C SHAHUMHARAJ T,NGP,NAGPUR,180,185
11404,KOP NAGPUR EXP,16,AK,AKOLA JN,07:40:00,07:50:00,785,KOP,C SHAHUMHARAJ T,NGP,NAGPUR,460,470
11404,KOP NAGPUR EXP,17,MZR,MURTAJAPUR,08:20:00,08:22:00,823,KOP,C SHAHUMHARAJ T,NGP,NAGPUR,500,502
11404,KOP NAGPUR EXP,18,BD,BADNERA JN,09:15:00,09:20:00,864,KOP,C SHAHUMHARAJ T,NGP,NAGPUR,555,560
11404,KOP NAGPUR EXP,20,PLO,PULGAON JN,10:07:00,10:09:00,930,KOP,C SHAHUMHARAJ T,NGP,NAGPUR,607,609
11404,KOP NAGPUR EXP,21,WR,WARDHA JN,10:34:00,10:37:00,959,KOP,C SHAHUMHARAJ T,NGP,NAGPUR,634,637
11404,KOP NAGPUR EXP,22,NGP,NAGPUR,12:35:00,00:00:00,1038,KOP,C SHAHUMHARAJ T,NGP,NAGPUR,755,0
11405,PUNE AMI EXP,1,PUNE,PUNE JN,00:00:00,22:00:00,0,PUNE,PUNE JN,AMI,AMRAVATI,0,1320
11405,PUNE AMI EXP,4,JEUR,JEUR,00:29:00,00:30:00,151,PUNE,PUNE JN,AMI,AMRAVATI,29,30
11405,PUNE AMI EXP,9,LTRR,LATUR ROAD,04:50:00,05:10:00,371,PUNE,PUNE JN,AMI,AMRAVATI,290,310
11405,PUNE AMI EXP,10,PRLI,PARLI VAIJNATH,06:45:00,06:55:00,434,PUNE,PUNE JN,AMI,AMRAVATI,405,415
11405,PUNE AMI EXP,12,PAU,PURNA JN,08:55:00,09:00:00,526,PUNE,PUNE JN,AMI,AMRAVATI,535,540
11405,PUNE AMI EXP,15,AK,AKOLA JN,13:15:00,13:25:00,733,PUNE,PUNE JN,AMI,AMRAVATI,795,805
11405,PUNE AMI EXP,16,MZR,MURTAJAPUR,13:58:00,14:00:00,771,PUNE,PUNE JN,AMI,AMRAVATI,838,840
11405,PUNE AMI EXP,17,BD,BADNERA JN,14:25:00,14:30:00,812,PUNE,PUNE JN,AMI,AMRAVATI,865,870
11406,AMI PUNE EXP,2,BD,BADNERA JN,18:50:00,18:55:00,10,AMI,AMRAVATI,PUNE,PUNE JN,1130,1135
11406,AMI PUNE EXP,3,MZR,MURTAJAPUR,19:23:00,19:25:00,51,AMI,AMRAVATI,PUNE,PUNE JN,1163,1165
11406,AMI PUNE EXP,4,AK,AKOLA JN,20:25:00,20:45:00,89,AMI,AMRAVATI,PUNE,PUNE JN,1225,1245
11406,AMI PUNE EXP,7,PAU,PURNA JN,23:58:00,00:03:00,295,AMI,AMRAVATI,PUNE,PUNE JN,1438,3
11406,AMI PUNE EXP,9,PRLI,PARLI VAIJNATH,03:00:00,03:10:00,388,AMI,AMRAVATI,PUNE,PUNE JN,180,190
11406,AMI PUNE EXP,10,LTRR,LATUR ROAD,05:20:00,05:30:00,451,AMI,AMRAVATI,PUNE,PUNE JN,320,330
11406,AMI PUNE EXP,15,JEUR,JEUR,10:04:00,10:05:00,671,AMI,AMRAVATI,PUNE,PUNE JN,604,605
11406,AMI PUNE EXP,18,PUNE,PUNE JN,13:15:00,00:00:00,821,AMI,AMRAVATI,PUNE,PUNE JN,795,0
11407,PUNE LJN EXPRES,1,PUNE,PUNE JN,00:00:00,22:00:00,0,PUNE,PUNE JN,LJN,LUCKNOW NE,0,1320
11407,PUNE LJN EXPRES,3,ANG,AHMADNAGAR,00:40:00,00:43:00,160,PUNE,PUNE JN,LJN,LUCKNOW NE,40,43
11407,PUNE LJN EXPRES,6,JL,JALGAON JN,05:48:00,05:50:00,473,PUNE,PUNE JN,LJN,LUCKNOW NE,348,350
11407,PUNE LJN EXPRES,10,HBD,HOSHANGABAD,12:36:00,12:38:00,821,PUNE,PUNE JN,LJN,LUCKNOW NE,756,758
11407,PUNE LJN EXPRES,11,HBJ,HABIBGANJ,13:43:00,13:45:00,889,PUNE,PUNE JN,LJN,LUCKNOW NE,823,825
11407,PUNE LJN EXPRES,13,BINA,BINA JN,17:00:00,17:05:00,1034,PUNE,PUNE JN,LJN,LUCKNOW NE,1020,1025
11407,PUNE LJN EXPRES,16,CNB,KANPUR CENTRAL,01:00:00,01:10:00,1406,PUNE,PUNE JN,LJN,LUCKNOW NE,60,70
11408,LJN PUNE EXP,2,CNB,KANPUR CENTRAL,08:20:00,08:30:00,74,LJN,LUCKNOW NE,PUNE,PUNE JN,500,510
11408,LJN PUNE EXP,5,BINA,BINA JN,15:40:00,15:45:00,446,LJN,LUCKNOW NE,PUNE,PUNE JN,940,945
11408,LJN PUNE EXP,7,HBJ,HABIBGANJ,18:45:00,18:47:00,591,LJN,LUCKNOW NE,PUNE,PUNE JN,1125,1127
11408,LJN PUNE EXP,8,HBD,HOSHANGABAD,20:38:00,20:40:00,659,LJN,LUCKNOW NE,PUNE,PUNE JN,1238,1240
11408,LJN PUNE EXP,12,JL,JALGAON JN,02:00:00,02:02:00,1008,LJN,LUCKNOW NE,PUNE,PUNE JN,120,122
11408,LJN PUNE EXP,15,ANG,AHMADNAGAR,07:27:00,07:30:00,1320,LJN,LUCKNOW NE,PUNE,PUNE JN,447,450
11408,LJN PUNE EXP,17,PUNE,PUNE JN,11:05:00,00:00:00,1480,LJN,LUCKNOW NE,PUNE,PUNE JN,665,0
11423,SUR HUBLI EXP,1,SUR,SOLAPUR JN,00:00:00,06:25:00,0,SUR,SOLAPUR JN,UBL,HUBLI JN,0,385
11424,SOLAPUR EXPRESS,17,SUR,SOLAPUR JN,23:15:00,00:00:00,358,UBL,HUBLI JN,SUR,SOLAPUR JN,1395,0
11447,SHAKTIPUNJ EXP,43,HWH,HOWRAH JN,04:15:00,00:00:00,1152,JBP,JABALPUR,HWH,HOWRAH JN,255,0
11448,SHAKTIPUNJ EXP,1,HWH,HOWRAH JN,00:00:00,13:10:00,0,HWH,HOWRAH JN,JBP,JABALPUR,0,790
11453,PRERANA EXPRESS,8,JL,JALGAON JN,03:38:00,03:40:00,540,ADI,AHMEDABAD JN,NGP,NAGPUR,218,220
11453,PRERANA EXPRESS,10,MKU,MALKAPUR,05:06:00,05:08:00,614,ADI,AHMEDABAD JN,NGP,NAGPUR,306,308
11453,PRERANA EXPRESS,11,AK,AKOLA JN,06:20:00,06:25:00,704,ADI,AHMEDABAD JN,NGP,NAGPUR,380,385
11453,PRERANA EXPRESS,12,BD,BADNERA JN,08:40:00,08:45:00,783,ADI,AHMEDABAD JN,NGP,NAGPUR,520,525
11453,PRERANA EXPRESS,13,WR,WARDHA JN,10:25:00,10:28:00,878,ADI,AHMEDABAD JN,NGP,NAGPUR,625,628
11453,PRERANA EXPRESS,14,NGP,NAGPUR,12:15:00,00:00:00,957,ADI,AHMEDABAD JN,NGP,NAGPUR,735,0
11454,PRERANA EXPRESS,1,NGP,NAGPUR,00:00:00,09:35:00,0,NGP,NAGPUR,ADI,AHMEDABAD JN,0,575
11454,PRERANA EXPRESS,2,WR,WARDHA JN,10:42:00,10:45:00,79,NGP,NAGPUR,ADI,AHMEDABAD JN,642,645
11454,PRERANA EXPRESS,3,BD,BADNERA JN,12:40:00,12:43:00,175,NGP,NAGPUR,ADI,AHMEDABAD JN,760,763
11454,PRERANA EXPRESS,4,AK,AKOLA JN,13:30:00,13:35:00,253,NGP,NAGPUR,ADI,AHMEDABAD JN,810,815
11454,PRERANA EXPRESS,5,MKU,MALKAPUR,14:38:00,14:40:00,343,NGP,NAGPUR,ADI,AHMEDABAD JN,878,880
11454,PRERANA EXPRESS,7,JL,JALGAON JN,16:50:00,16:55:00,417,NGP,NAGPUR,ADI,AHMEDABAD JN,1010,1015
11463,SMNH JBP EXPRES,39,HBJ,HABIBGANJ,08:45:00,08:47:00,1084,SMNH,SOMNATH,JBP,JABALPUR,525,527
11463,SMNH JBP EXPRES,40,HBD,HOSHANGABAD,09:53:00,09:55:00,1152,SMNH,SOMNATH,JBP,JABALPUR,593,595
11463,SMNH JBP EXPRES,44,GAR,GADARWARA,12:28:00,12:30:00,1286,SMNH,SOMNATH,JBP,JABALPUR,748,750
11464,JBP SOMNATH EXP,5,GAR,GADARWARA,13:43:00,13:45:00,129,JBP,JABALPUR,SMNH,SOMNATH,823,825
11464,JBP SOMNATH EXP,9,HBD,HOSHANGABAD,16:33:00,16:35:00,263,JBP,JABALPUR,SMNH,SOMNATH,993,995
11464,JBP SOMNATH EXP,10,HBJ,HABIBGANJ,17:43:00,17:45:00,331,JBP,JABALPUR,SMNH,SOMNATH,1063,1065
11465,SMNH JBP EXPRES,41,BINA,BINA JN,11:00:00,11:05:00,1216,SMNH,SOMNATH,JBP,JABALPUR,660,665
11466,JBP SOMNATH EXP,7,BINA,BINA JN,16:10:00,16:15:00,354,JBP,JABALPUR,SMNH,SOMNATH,970,975
11471,INDB JBP EXP,11,HBJ,HABIBGANJ,22:40:00,22:42:00,224,INDB,INDORE JN BG,JBP,JABALPUR,1360,1362
11471,INDB JBP EXP,13,HBD,HOSHANGABAD,23:48:00,23:50:00,292,INDB,INDORE JN BG,JBP,JABALPUR,1428,1430
11471,INDB JBP EXP,16,GAR,GADARWARA,02:37:00,02:39:00,426,INDB,INDORE JN BG,JBP,JABALPUR,157,159
11472,JBP INDB EXP,4,GAR,GADARWARA,00:45:00,00:47:00,129,JBP,JABALPUR,INDB,INDORE JN BG,45,47
11472,JBP INDB EXP,7,HBD,HOSHANGABAD,03:51:00,03:53:00,263,JBP,JABALPUR,INDB,INDORE JN BG,231,233
11472,JBP INDB EXP,9,HBJ,HABIBGANJ,05:05:00,05:07:00,331,JBP,JABALPUR,INDB,INDORE JN BG,305,307
11703,REWA INDB EXP,9,BINA,BINA JN,12:30:00,12:35:00,411,REWA,REWA,INDB,INDORE JN BG,750,755
11704,REWA EXPRESS,9,BINA,BINA JN,12:50:00,12:55:00,402,INDB,INDORE JN BG,REWA,REWA,770,775
12001,NDLS SHATABDI E,1,HBJ,HABIBGANJ,00:00:00,15:00:00,0,HBJ,HABIBGANJ,NDLS,NEW DELHI,0,900
12002,BHOPAL SHTBDI,10,HBJ,HABIBGANJ,14:25:00,00:00:00,707,NDLS,NEW DELHI,HBJ,HABIBGANJ,865,0
12003,LJN SWRAN SHTBD,2,CNB,KANPUR CENTRAL,16:50:00,16:55:00,74,LJN,LUCKNOW NE,NDLS,NEW DELHI,1010,1015
12004,LJN SWRAN SHTBD,6,CNB,KANPUR CENTRAL,11:20:00,11:25:00,437,NDLS,NEW DELHI,LJN,LUCKNOW NE,680,685
12019,SHATABDI EXPRES,1,HWH,HOWRAH JN,00:00:00,06:05:00,0,HWH,HOWRAH JN,RNC,RANCHI,0,365
12020,SHATABDI EXPRES,10,HWH,HOWRAH JN,21:10:00,00:00:00,426,RNC,RANCHI,HWH,HOWRAH JN,1270,0
12021,BBN JANSHATABDI,1,HWH,HOWRAH JN,00:00:00,06:25:00,0,HWH,HOWRAH JN,BBN,BARABIL,0,385
12021,BBN JANSHATABDI,2,KGP,KHARAGPUR JN,08:03:00,08:05:00,116,HWH,HOWRAH JN,BBN,BARABIL,483,485
12022,BBN JANSHATABDI,8,KGP,KHARAGPUR JN,18:53:00,18:55:00,283,BBN,BARABIL,HWH,HOWRAH JN,1133,1135
12022,BBN JANSHATABDI,10,HWH,HOWRAH JN,20:50:00,00:00:00,398,BBN,BARABIL,HWH,HOWRAH JN,1250,0
12023,JANSHATABDI EXP,1,HWH,HOWRAH JN,00:00:00,14:05:00,0,HWH,HOWRAH JN,PNBE,PATNA JN,0,845
12024,JANSHATABDI EXP,14,HWH,HOWRAH JN,13:25:00,00:00:00,532,PNBE,PATNA JN,HWH,HOWRAH JN,805,0
12025,SHATABDI EXP,1,PUNE,PUNE JN,00:00:00,05:50:00,0,PUNE,PUNE JN,SC,SECUNDERABAD JN,0,350
12025,SHATABDI EXP,2,SUR,SOLAPUR JN,09:10:00,09:13:00,264,PUNE,PUNE JN,SC,SECUNDERABAD JN,550,553
12026,PUNE SHATABDI,8,SUR,SOLAPUR JN,19:37:00,19:40:00,334,SC,SECUNDERABAD JN,PUNE,PUNE JN,1177,1180
12026,PUNE SHATABDI,9,PUNE,PUNE JN,23:10:00,00:00:00,597,SC,SECUNDERABAD JN,PUNE,PUNE JN,1390,0
12027,SHATABDI EXP,3,BNC,BANGALORE CANT,22:09:00,22:11:00,357,MAS,CHENNAI CENTRAL,SBC,BANGALORE CY JN,1329,1331
12028,SHATABDI EXP,2,BNC,BANGALORE CANT,06:08:00,06:09:00,5,SBC,BANGALORE CY JN,MAS,CHENNAI CENTRAL,368,369
12033,CNB NDLS SHT,1,CNB,KANPUR CENTRAL,00:00:00,06:00:00,0,CNB,KANPUR CENTRAL,NDLS,NEW DELHI,0,360
12034,NDLS CNB SHT,4,CNB,KANPUR CENTRAL,20:50:00,00:00:00,437,NDLS,NEW DELHI,CNB,KANPUR CENTRAL,1250,0
12041,SHATABDI EXPRES,1,HWH,HOWRAH JN,00:00:00,14:15:00,0,HWH,HOWRAH JN,NJP,NEW JALPAIGURI,0,855
12042,NJP HWH SHATABD,8,HWH,HOWRAH JN,13:35:00,00:00:00,561,NJP,NEW JALPAIGURI,HWH,HOWRAH JN,815,0
12061,JBP JANSHATABDI,1,HBJ,HABIBGANJ,00:00:00,17:40:00,0,HBJ,HABIBGANJ,JBP,JABALPUR,0,1060
12061,JBP JANSHATABDI,2,HBD,HOSHANGABAD,18:36:00,18:38:00,68,HBJ,HABIBGANJ,JBP,JABALPUR,1116,1118
12061,JBP JANSHATABDI,5,GAR,GADARWARA,20:43:00,20:45:00,203,HBJ,HABIBGANJ,JBP,JABALPUR,1243,1245
12062,HBJ JANSHATABDI,6,GAR,GADARWARA,07:49:00,07:51:00,129,JBP,JABALPUR,HBJ,HABIBGANJ,469,471
12062,HBJ JANSHATABDI,9,HBD,HOSHANGABAD,10:03:00,10:05:00,263,JBP,JABALPUR,HBJ,HABIBGANJ,603,605
12062,HBJ JANSHATABDI,10,HBJ,HABIBGANJ,11:35:00,00:00:00,331,JBP,JABALPUR,HBJ,HABIBGANJ,695,0
12073,BBS JAN SHATABD,1,HWH,HOWRAH JN,00:00:00,13:25:00,0,HWH,HOWRAH JN,BBS,BHUBANESWAR,0,805
12073,BBS JAN SHATABD,2,KGP,KHARAGPUR JN,15:05:00,15:15:00,116,HWH,HOWRAH JN,BBS,BHUBANESWAR,905,915
12073,BBS JAN SHATABD,9,BBS,BHUBANESWAR,20:20:00,00:00:00,439,HWH,HOWRAH JN,BBS,BHUBANESWAR,1220,0
12074,BBS JAN SHATABD,1,BBS,BHUBANESWAR,00:00:00,06:00:00,0,BBS,BHUBANESWAR,HWH,HOWRAH JN,0,360
12074,BBS JAN SHATABD,8,KGP,KHARAGPUR JN,10:40:00,10:50:00,324,BBS,BHUBANESWAR,HWH,HOWRAH JN,640,650
12074,BBS JAN SHATABD,9,HWH,HOWRAH JN,12:40:00,00:00:00,439,BBS,BHUBANESWAR,HWH,HOWRAH JN,760,0
12077,JAN SHATABDI,10,BZA,VIJAYAWADA JN,14:45:00,00:00:00,454,MAS,CHENNAI CENTRAL,BZA,VIJAYAWADA JN,885,0
12078,JAN SHATABDI,1,BZA,VIJAYAWADA JN,00:00:00,15:20:00,0,BZA,VIJAYAWADA JN,MAS,CHENNAI CENTRAL,0,920
12101,JNANESWARI DELX,5,AK,AKOLA JN,04:45:00,04:50:00,569,LTT,LOKMANYATILAK T,HWH,HOWRAH JN,285,290
12101,JNANESWARI DELX,6,BD,BADNERA JN,06:40:00,06:45:00,647,LTT,LOKMANYATILAK T,HWH,HOWRAH JN,400,405
12101,JNANESWARI DELX,7,NGP,NAGPUR,09:50:00,10:00:00,821,LTT,LOKMANYATILAK T,HWH,HOWRAH JN,590,600
12101,JNANESWARI DELX,15,KGP,KHARAGPUR JN,01:25:00,01:30:00,1837,LTT,LOKMANYATILAK T,HWH,HOWRAH JN,85,90
12101,JNANESWARI DELX,16,HWH,HOWRAH JN,03:35:00,00:00:00,1952,LTT,LOKMANYATILAK T,HWH,HOWRAH JN,215,0
12102,JNANESWARISUPDL,1,HWH,HOWRAH JN,00:00:00,22:50:00,0,HWH,HOWRAH JN,LTT,LOKMANYATILAK T,0,1370
12102,JNANESWARISUPDL,2,KGP,KHARAGPUR JN,00:30:00,00:35:00,116,HWH,HOWRAH JN,LTT,LOKMANYATILAK T,30,35
12102,JNANESWARISUPDL,10,NGP,NAGPUR,16:20:00,16:30:00,1131,HWH,HOWRAH JN,LTT,LOKMANYATILAK T,980,990
12102,JNANESWARISUPDL,11,BD,BADNERA JN,19:10:00,19:15:00,1305,HWH,HOWRAH JN,LTT,LOKMANYATILAK T,1150,1155
12102,JNANESWARISUPDL,12,AK,AKOLA JN,20:05:00,20:10:00,1384,HWH,HOWRAH JN,LTT,LOKMANYATILAK T,1205,1210
12103,PA LUCKNOW EXP,1,PUNE,PUNE JN,00:00:00,16:15:00,0,PUNE,PUNE JN,LJN,LUCKNOW NE,0,975
12103,PA LUCKNOW EXP,10,BINA,BINA JN,08:55:00,09:00:00,1034,PUNE,PUNE JN,LJN,LUCKNOW NE,535,540
12103,PA LUCKNOW EXP,13,CNB,KANPUR CENTRAL,15:35:00,15:45:00,1406,PUNE,PUNE JN,LJN,LUCKNOW NE,935,945
12104,LJN PUNE EXP,2,CNB,KANPUR CENTRAL,07:50:00,08:00:00,74,LJN,LUCKNOW NE,PUNE,PUNE JN,470,480
12104,LJN PUNE EXP,5,BINA,BINA JN,14:05:00,14:10:00,446,LJN,LUCKNOW NE,PUNE,PUNE JN,845,850
12104,LJN PUNE EXP,13,PUNE,PUNE JN,08:05:00,00:00:00,1480,LJN,LUCKNOW NE,PUNE,PUNE JN,485,0
12105,VIDARBHA EXPRES,8,JL,JALGAON JN,01:23:00,01:25:00,420,CSTM,MUMBAI CST,G,GONDIA JN,83,85
12105,VIDARBHA EXPRES,10,MKU,MALKAPUR,03:03:00,03:05:00,495,CSTM,MUMBAI CST,G,GONDIA JN,183,185
12105,VIDARBHA EXPRES,12,SEG,SHEGAON,03:48:00,03:50:00,547,CSTM,MUMBAI CST,G,GONDIA JN,228,230
12105,VIDARBHA EXPRES,13,AK,AKOLA JN,04:15:00,04:20:00,584,CSTM,MUMBAI CST,G,GONDIA JN,255,260
12105,VIDARBHA EXPRES,14,MZR,MURTAJAPUR,04:48:00,04:50:00,622,CSTM,MUMBAI CST,G,GONDIA JN,288,290
12105,VIDARBHA EXPRES,15,BD,BADNERA JN,05:50:00,05:55:00,663,CSTM,MUMBAI CST,G,GONDIA JN,350,355
12105,VIDARBHA EXPRES,16,CND,CHANDUR,06:19:00,06:21:00,692,CSTM,MUMBAI CST,G,GONDIA JN,379,381
12105,VIDARBHA EXPRES,18,PLO,PULGAON JN,06:53:00,06:55:00,729,CSTM,MUMBAI CST,G,GONDIA JN,413,415
12105,VIDARBHA EXPRES,19,WR,WARDHA JN,07:25:00,07:28:00,758,CSTM,MUMBAI CST,G,GONDIA JN,445,448
12105,VIDARBHA EXPRES,21,NGP,NAGPUR,08:55:00,09:20:00,837,CSTM,MUMBAI CST,G,GONDIA JN,535,560
12106,VIDARBHA EXPRES,4,NGP,NAGPUR,17:00:00,17:15:00,130,G,GONDIA JN,CSTM,MUMBAI CST,1020,1035
12106,VIDARBHA EXPRES,6,WR,WARDHA JN,18:17:00,18:20:00,209,G,GONDIA JN,CSTM,MUMBAI CST,1097,1100
12106,VIDARBHA EXPRES,7,PLO,PULGAON JN,18:42:00,18:43:00,239,G,GONDIA JN,CSTM,MUMBAI CST,1122,1123
12106,VIDARBHA EXPRES,9,CND,CHANDUR,19:17:00,19:18:00,275,G,GONDIA JN,CSTM,MUMBAI CST,1157,1158
12106,VIDARBHA EXPRES,10,BD,BADNERA JN,19:57:00,20:00:00,305,G,GONDIA JN,CSTM,MUMBAI CST,1197,1200
12106,VIDARBHA EXPRES,11,MZR,MURTAJAPUR,20:28:00,20:30:00,346,G,GONDIA JN,CSTM,MUMBAI CST,1228,1230
12106,VIDARBHA EXPRES,12,AK,AKOLA JN,21:00:00,21:05:00,383,G,GONDIA JN,CSTM,MUMBAI CST,1260,1265
12106,VIDARBHA EXPRES,13,SEG,SHEGAON,21:28:00,21:30:00,421,G,GONDIA JN,CSTM,MUMBAI CST,1288,1290
12106,VIDARBHA EXPRES,15,MKU,MALKAPUR,22:10:00,22:12:00,473,G,GONDIA JN,CSTM,MUMBAI CST,1330,1332
12106,VIDARBHA EXPRES,17,JL,JALGAON JN,23:38:00,23:40:00,547,G,GONDIA JN,CSTM,MUMBAI CST,1418,1420
12107,LUCKNOW SUP EXP,10,CNB,KANPUR CENTRAL,13:30:00,13:50:00,1338,LTT,LOKMANYATILAK T,LJN,LUCKNOW NE,810,830
12108,LJN LTT EXPRESS,2,CNB,KANPUR CENTRAL,00:15:00,00:20:00,74,LJN,LUCKNOW NE,LTT,LOKMANYATILAK T,15,20
12109,PANCHAVATI EXP,4,KSRA,KASARA,20:13:00,20:15:00,121,CSTM,MUMBAI CST,MMR,MANMAD JN,1213,1215
12110,PANCHAVTI EXP,7,KSRA,KASARA,08:28:00,08:30:00,140,MMR,MANMAD JN,CSTM,MUMBAI CST,508,510
12111,CSTM AMRAVATI E,7,JL,JALGAON JN,02:28:00,02:30:00,420,CSTM,MUMBAI CST,AMI,AMRAVATI,148,150
12111,CSTM AMRAVATI E,9,MKU,MALKAPUR,04:28:00,04:30:00,495,CSTM,MUMBAI CST,AMI,AMRAVATI,268,270
12111,CSTM AMRAVATI E,11,SEG,SHEGAON,05:13:00,05:15:00,547,CSTM,MUMBAI CST,AMI,AMRAVATI,313,315
12111,CSTM AMRAVATI E,12,AK,AKOLA JN,05:45:00,05:50:00,584,CSTM,MUMBAI CST,AMI,AMRAVATI,345,350
12111,CSTM AMRAVATI E,13,MZR,MURTAJAPUR,06:18:00,06:20:00,622,CSTM,MUMBAI CST,AMI,AMRAVATI,378,380
12111,CSTM AMRAVATI E,14,BD,BADNERA JN,07:35:00,07:40:00,663,CSTM,MUMBAI CST,AMI,AMRAVATI,455,460
12112,AMRAVATI CSTM E,2,BD,BADNERA JN,19:20:00,19:25:00,10,AMI,AMRAVATI,CSTM,MUMBAI CST,1160,1165
12112,AMRAVATI CSTM E,3,MZR,MURTAJAPUR,19:58:00,20:00:00,51,AMI,AMRAVATI,CSTM,MUMBAI CST,1198,1200
12112,AMRAVATI CSTM E,4,AK,AKOLA JN,20:25:00,20:30:00,89,AMI,AMRAVATI,CSTM,MUMBAI CST,1225,1230
12112,AMRAVATI CSTM E,5,SEG,SHEGAON,20:58:00,21:00:00,126,AMI,AMRAVATI,CSTM,MUMBAI CST,1258,1260
12112,AMRAVATI CSTM E,7,MKU,MALKAPUR,21:38:00,21:40:00,178,AMI,AMRAVATI,CSTM,MUMBAI CST,1298,1300
12112,AMRAVATI CSTM E,9,JL,JALGAON JN,23:13:00,23:15:00,252,AMI,AMRAVATI,CSTM,MUMBAI CST,1393,1395
12113,NAGPUR GARIBRAT,1,PUNE,PUNE JN,00:00:00,17:40:00,0,PUNE,PUNE JN,NGP,NAGPUR,0,1060
12113,NAGPUR GARIBRAT,3,ANG,AHMADNAGAR,20:50:00,20:55:00,160,PUNE,PUNE JN,NGP,NAGPUR,1250,1255
12113,NAGPUR GARIBRAT,6,MKU,MALKAPUR,03:48:00,03:50:00,547,PUNE,PUNE JN,NGP,NAGPUR,228,230
12113,NAGPUR GARIBRAT,7,AK,AKOLA JN,04:30:00,04:35:00,637,PUNE,PUNE JN,NGP,NAGPUR,270,275
12113,NAGPUR GARIBRAT,8,BD,BADNERA JN,06:20:00,06:25:00,716,PUNE,PUNE JN,NGP,NAGPUR,380,385
12113,NAGPUR GARIBRAT,9,WR,WARDHA JN,08:04:00,08:07:00,811,PUNE,PUNE JN,NGP,NAGPUR,484,487
12113,NAGPUR GARIBRAT,10,NGP,NAGPUR,09:25:00,00:00:00,890,PUNE,PUNE JN,NGP,NAGPUR,565,0
12114,PUNE GARIBRATH,1,NGP,NAGPUR,00:00:00,18:35:00,0,NGP,NAGPUR,PUNE,PUNE JN,0,1115
12114,PUNE GARIBRATH,2,WR,WARDHA JN,19:42:00,19:45:00,79,NGP,NAGPUR,PUNE,PUNE JN,1182,1185
12114,PUNE GARIBRATH,3,BD,BADNERA JN,21:30:00,21:33:00,175,NGP,NAGPUR,PUNE,PUNE JN,1290,1293
12114,PUNE GARIBRATH,4,AK,AKOLA JN,22:25:00,22:30:00,253,NGP,NAGPUR,PUNE,PUNE JN,1345,1350
12114,PUNE GARIBRATH,7,ANG,AHMADNAGAR,05:50:00,05:55:00,730,NGP,NAGPUR,PUNE,PUNE JN,350,355
12114,PUNE GARIBRATH,9,PUNE,PUNE JN,09:45:00,00:00:00,890,NGP,NAGPUR,PUNE,PUNE JN,585,0
12115,SIDDHESHWAR EXP,8,PUNE,PUNE JN,02:10:00,02:20:00,192,CSTM,MUMBAI CST,SUR,SOLAPUR JN,130,140
12115,SIDDHESHWAR EXP,11,JEUR,JEUR,04:38:00,04:40:00,342,CSTM,MUMBAI CST,SUR,SOLAPUR JN,278,280
12115,SIDDHESHWAR EXP,16,SUR,SOLAPUR JN,06:50:00,00:00:00,455,CSTM,MUMBAI CST,SUR,SOLAPUR JN,410,0
12116,SIDDHESWAR EXP,1,SUR,SOLAPUR JN,00:00:00,22:45:00,0,SUR,SOLAPUR JN,CSTM,MUMBAI CST,0,1365
12116,SIDDHESWAR EXP,5,JEUR,JEUR,00:28:00,00:30:00,114,SUR,SOLAPUR JN,CSTM,MUMBAI CST,28,30
12116,SIDDHESWAR EXP,8,PUNE,PUNE JN,03:00:00,03:10:00,264,SUR,SOLAPUR JN,CSTM,MUMBAI CST,180,190
12117,LTT MANMAD EXP,4,KSRA,KASARA,16:46:00,16:48:00,105,LTT,LOKMANYATILAK T,MMR,MANMAD JN,1006,1008
12118,MANMAD LTT EXP,7,KSRA,KASARA,10:53:00,10:55:00,140,MMR,MANMAD JN,LTT,LOKMANYATILAK T,653,655
12121,M P SMPRK KRNTI,5,BINA,BINA JN,00:20:00,00:40:00,354,JBP,JABALPUR,NZM,H NIZAMUDDIN,20,40
12123,DECCAN QUEEN,6,PUNE,PUNE JN,20:25:00,00:00:00,192,CSTM,MUMBAI CST,PUNE,PUNE JN,1225,0
12124,DECCAN QUEEN,1,PUNE,PUNE JN,00:00:00,07:15:00,0,PUNE,PUNE JN,CSTM,MUMBAI CST,0,435
12125,PRAGATI EXPRESS,9,PUNE,PUNE JN,19:50:00,00:00:00,189,CSTM,MUMBAI CST,PUNE,PUNE JN,1190,0
12126,PRAGATI EXPRESS,1,PUNE,PUNE JN,00:00:00,07:50:00,0,PUNE,PUNE JN,CSTM,MUMBAI CST,0,470
12127,INTERCITY EXP,7,PUNE,PUNE JN,09:57:00,00:00:00,192,CSTM,MUMBAI CST,PUNE,PUNE JN,597,0
12128,INTERCITY EXP,1,PUNE,PUNE JN,00:00:00,17:55:00,0,PUNE,PUNE JN,CSTM,MUMBAI CST,0,1075
12129,AZAD HIND EXP,1,PUNE,PUNE JN,00:00:00,18:25:00,0,PUNE,PUNE JN,HWH,HOWRAH JN,0,1105
12129,AZAD HIND EXP,4,ANG,AHMADNAGAR,21:22:00,21:25:00,160,PUNE,PUNE JN,HWH,HOWRAH JN,1282,1285
12129,AZAD HIND EXP,8,JL,JALGAON JN,02:33:00,02:35:00,473,PUNE,PUNE JN,HWH,HOWRAH JN,153,155
12129,AZAD HIND EXP,10,MKU,MALKAPUR,04:13:00,04:15:00,547,PUNE,PUNE JN,HWH,HOWRAH JN,253,255
12129,AZAD HIND EXP,11,SEG,SHEGAON,04:53:00,04:55:00,599,PUNE,PUNE JN,HWH,HOWRAH JN,293,295
12129,AZAD HIND EXP,12,AK,AKOLA JN,05:20:00,05:25:00,636,PUNE,PUNE JN,HWH,HOWRAH JN,320,325
12129,AZAD HIND EXP,13,BD,BADNERA JN,06:55:00,07:00:00,715,PUNE,PUNE JN,HWH,HOWRAH JN,415,420
12129,AZAD HIND EXP,14,WR,WARDHA JN,08:37:00,08:40:00,811,PUNE,PUNE JN,HWH,HOWRAH JN,517,520
12129,AZAD HIND EXP,15,NGP,NAGPUR,10:10:00,10:20:00,889,PUNE,PUNE JN,HWH,HOWRAH JN,610,620
12129,AZAD HIND EXP,30,KGP,KHARAGPUR JN,01:42:00,01:47:00,1905,PUNE,PUNE JN,HWH,HOWRAH JN,102,107
12129,AZAD HIND EXP,31,HWH,HOWRAH JN,03:50:00,00:00:00,2020,PUNE,PUNE JN,HWH,HOWRAH JN,230,0
12130,AZAD HIND EXP,1,HWH,HOWRAH JN,00:00:00,21:50:00,0,HWH,HOWRAH JN,PUNE,PUNE JN,0,1310
12130,AZAD HIND EXP,2,KGP,KHARAGPUR JN,23:30:00,23:35:00,116,HWH,HOWRAH JN,PUNE,PUNE JN,1410,1415
12130,AZAD HIND EXP,17,NGP,NAGPUR,15:40:00,15:50:00,1131,HWH,HOWRAH JN,PUNE,PUNE JN,940,950
12130,AZAD HIND EXP,18,WR,WARDHA JN,16:43:00,16:46:00,1210,HWH,HOWRAH JN,PUNE,PUNE JN,1003,1006
12130,AZAD HIND EXP,19,BD,BADNERA JN,18:25:00,18:28:00,1305,HWH,HOWRAH JN,PUNE,PUNE JN,1105,1108
12130,AZAD HIND EXP,20,AK,AKOLA JN,19:22:00,19:25:00,1384,HWH,HOWRAH JN,PUNE,PUNE JN,1162,1165
12130,AZAD HIND EXP,21,SEG,SHEGAON,19:49:00,19:50:00,1421,HWH,HOWRAH JN,PUNE,PUNE JN,1189,1190
12130,AZAD HIND EXP,22,MKU,MALKAPUR,20:24:00,20:25:00,1474,HWH,HOWRAH JN,PUNE,PUNE JN,1224,1225
12130,AZAD HIND EXP,24,JL,JALGAON JN,21:54:00,21:55:00,1548,HWH,HOWRAH JN,PUNE,PUNE JN,1314,1315
12130,AZAD HIND EXP,28,ANG,AHMADNAGAR,03:27:00,03:30:00,1861,HWH,HOWRAH JN,PUNE,PUNE JN,207,210
12130,AZAD HIND EXP,30,PUNE,PUNE JN,06:50:00,00:00:00,2020,HWH,HOWRAH JN,PUNE,PUNE JN,410,0
12135,PUNE NAGPUR EXP,1,PUNE,PUNE JN,00:00:00,17:40:00,0,PUNE,PUNE JN,NGP,NAGPUR,0,1060
12135,PUNE NAGPUR EXP,3,ANG,AHMADNAGAR,20:50:00,20:55:00,160,PUNE,PUNE JN,NGP,NAGPUR,1250,1255
12135,PUNE NAGPUR EXP,8,JL,JALGAON JN,01:58:00,02:00:00,473,PUNE,PUNE JN,NGP,NAGPUR,118,120
12135,PUNE NAGPUR EXP,10,MKU,MALKAPUR,03:23:00,03:25:00,547,PUNE,PUNE JN,NGP,NAGPUR,203,205
12135,PUNE NAGPUR EXP,11,SEG,SHEGAON,04:03:00,04:05:00,599,PUNE,PUNE JN,NGP,NAGPUR,243,245
12135,PUNE NAGPUR EXP,12,AK,AKOLA JN,04:30:00,04:35:00,636,PUNE,PUNE JN,NGP,NAGPUR,270,275
12135,PUNE NAGPUR EXP,13,BD,BADNERA JN,06:20:00,06:25:00,715,PUNE,PUNE JN,NGP,NAGPUR,380,385
12135,PUNE NAGPUR EXP,15,PLO,PULGAON JN,07:27:00,07:29:00,781,PUNE,PUNE JN,NGP,NAGPUR,447,449
12135,PUNE NAGPUR EXP,16,WR,WARDHA JN,08:04:00,08:07:00,811,PUNE,PUNE JN,NGP,NAGPUR,484,487
12135,PUNE NAGPUR EXP,18,NGP,NAGPUR,09:25:00,00:00:00,889,PUNE,PUNE JN,NGP,NAGPUR,565,0
12136,NAGPUR PUNE EXP,1,NGP,NAGPUR,00:00:00,18:35:00,0,NGP,NAGPUR,PUNE,PUNE JN,0,1115
12136,NAGPUR PUNE EXP,3,WR,WARDHA JN,19:42:00,19:45:00,79,NGP,NAGPUR,PUNE,PUNE JN,1182,1185
12136,NAGPUR PUNE EXP,4,PLO,PULGAON JN,20:08:00,20:10:00,109,NGP,NAGPUR,PUNE,PUNE JN,1208,1210
12136,NAGPUR PUNE EXP,6,BD,BADNERA JN,21:30:00,21:33:00,175,NGP,NAGPUR,PUNE,PUNE JN,1290,1293
12136,NAGPUR PUNE EXP,7,AK,AKOLA JN,22:25:00,22:30:00,253,NGP,NAGPUR,PUNE,PUNE JN,1345,1350
12136,NAGPUR PUNE EXP,8,SEG,SHEGAON,22:58:00,23:00:00,291,NGP,NAGPUR,PUNE,PUNE JN,1378,1380
12136,NAGPUR PUNE EXP,9,MKU,MALKAPUR,23:33:00,23:35:00,343,NGP,NAGPUR,PUNE,PUNE JN,1413,1415
12136,NAGPUR PUNE EXP,11,JL,JALGAON JN,01:10:00,01:12:00,417,NGP,NAGPUR,PUNE,PUNE JN,70,72
12136,NAGPUR PUNE EXP,16,ANG,AHMADNAGAR,05:50:00,05:55:00,730,NGP,NAGPUR,PUNE,PUNE JN,350,355
12136,NAGPUR PUNE EXP,18,PUNE,PUNE JN,09:45:00,00:00:00,889,NGP,NAGPUR,PUNE,PUNE JN,585,0
12137,PUNJAB MAIL,4,KSRA,KASARA,21:43:00,21:45:00,121,CSTM,MUMBAI CST,FZR,FIROZPUR CANT,1303,1305
12137,PUNJAB MAIL,10,JL,JALGAON JN,02:08:00,02:10:00,420,CSTM,MUMBAI CST,FZR,FIROZPUR CANT,128,130
12137,PUNJAB MAIL,15,HD,HARDA,06:18:00,06:20:00,676,CSTM,MUMBAI CST,FZR,FIROZPUR CANT,378,380
12137,PUNJAB MAIL,18,HBD,HOSHANGABAD,07:58:00,08:00:00,769,CSTM,MUMBAI CST,FZR,FIROZPUR CANT,478,480
12137,PUNJAB MAIL,19,HBJ,HABIBGANJ,09:10:00,09:12:00,837,CSTM,MUMBAI CST,FZR,FIROZPUR CANT,550,552
12137,PUNJAB MAIL,23,BINA,BINA JN,12:00:00,12:05:00,982,CSTM,MUMBAI CST,FZR,FIROZPUR CANT,720,725
12138,PUNJAB MAIL,33,BINA,BINA JN,14:45:00,14:50:00,949,FZR,FIROZPUR CANT,CSTM,MUMBAI CST,885,890
12138,PUNJAB MAIL,37,HBJ,HABIBGANJ,17:05:00,17:07:00,1093,FZR,FIROZPUR CANT,CSTM,MUMBAI CST,1025,1027
12138,PUNJAB MAIL,38,HBD,HOSHANGABAD,18:05:00,18:07:00,1161,FZR,FIROZPUR CANT,CSTM,MUMBAI CST,1085,1087
12138,PUNJAB MAIL,41,HD,HARDA,19:37:00,19:39:00,1254,FZR,FIROZPUR CANT,CSTM,MUMBAI CST,1177,1179
12138,PUNJAB MAIL,46,JL,JALGAON JN,23:59:00,00:01:00,1510,FZR,FIROZPUR CANT,CSTM,MUMBAI CST,1439,1
12139,SEWAGRAM EXP,1,WR,WARDHA JN,04:10:00,07:15:00,758,CSTM,MUMBAI CST,NGP,NAGPUR,250,435
12139,SEWAGRAM EXP,5,KSRA,KASARA,17:03:00,17:05:00,121,CSTM,MUMBAI CST,NGP,NAGPUR,1023,1025
12139,SEWAGRAM EXP,14,PC,PACHORA JN,21:08:00,21:10:00,373,CSTM,MUMBAI CST,NGP,NAGPUR,1268,1270
12139,SEWAGRAM EXP,15,JL,JALGAON JN,21:48:00,21:50:00,420,CSTM,MUMBAI CST,NGP,NAGPUR,1308,1310
12139,SEWAGRAM EXP,18,BDWD,BODWAD,22:58:00,23:00:00,475,CSTM,MUMBAI CST,NGP,NAGPUR,1378,1380
12139,SEWAGRAM EXP,19,MKU,MALKAPUR,23:17:00,23:19:00,495,CSTM,MUMBAI CST,NGP,NAGPUR,1397,1399
12139,SEWAGRAM EXP,22,SEG,SHEGAON,00:18:00,00:20:00,547,CSTM,MUMBAI CST,NGP,NAGPUR,18,20
12139,SEWAGRAM EXP,23,AK,AKOLA JN,01:00:00,01:05:00,584,CSTM,MUMBAI CST,NGP,NAGPUR,60,65
12139,SEWAGRAM EXP,24,MZR,MURTAJAPUR,01:35:00,01:37:00,622,CSTM,MUMBAI CST,NGP,NAGPUR,95,97
12139,SEWAGRAM EXP,25,BD,BADNERA JN,02:35:00,02:40:00,663,CSTM,MUMBAI CST,NGP,NAGPUR,155,160
12139,SEWAGRAM EXP,26,CND,CHANDUR,03:05:00,03:07:00,692,CSTM,MUMBAI CST,NGP,NAGPUR,185,187
12139,SEWAGRAM EXP,28,PLO,PULGAON JN,03:37:00,03:39:00,729,CSTM,MUMBAI CST,NGP,NAGPUR,217,219
12139,SEWAGRAM EXP,29,WR,WARDHA JN,04:10:00,04:20:00,758,CSTM,MUMBAI CST,NGP,NAGPUR,250,260
12139,SEWAGRAM EXP,33,NGP,NAGPUR,06:10:00,00:00:00,837,CSTM,MUMBAI CST,NGP,NAGPUR,370,0
12140,SEWAGRAM EXP,1,NGP,NAGPUR,00:00:00,21:00:00,0,NGP,NAGPUR,CSTM,MUMBAI CST,0,1260
12140,SEWAGRAM EXP,5,WR,WARDHA JN,22:10:00,22:35:00,79,NGP,NAGPUR,CSTM,MUMBAI CST,1330,1355
12140,SEWAGRAM EXP,6,PLO,PULGAON JN,22:58:00,23:00:00,109,NGP,NAGPUR,CSTM,MUMBAI CST,1378,1380
12140,SEWAGRAM EXP,8,CND,CHANDUR,23:33:00,23:35:00,145,NGP,NAGPUR,CSTM,MUMBAI CST,1413,1415
12140,SEWAGRAM EXP,9,BD,BADNERA JN,00:20:00,00:23:00,175,NGP,NAGPUR,CSTM,MUMBAI CST,20,23
12140,SEWAGRAM EXP,10,MZR,MURTAJAPUR,00:54:00,00:55:00,216,NGP,NAGPUR,CSTM,MUMBAI CST,54,55
12140,SEWAGRAM EXP,11,AK,AKOLA JN,01:20:00,01:25:00,253,NGP,NAGPUR,CSTM,MUMBAI CST,80,85
12140,SEWAGRAM EXP,12,SEG,SHEGAON,01:53:00,01:55:00,291,NGP,NAGPUR,CSTM,MUMBAI CST,113,115
12140,SEWAGRAM EXP,15,MKU,MALKAPUR,02:38:00,02:40:00,343,NGP,NAGPUR,CSTM,MUMBAI CST,158,160
12140,SEWAGRAM EXP,16,BDWD,BODWAD,02:55:00,02:57:00,363,NGP,NAGPUR,CSTM,MUMBAI CST,175,177
12140,SEWAGRAM EXP,19,JL,JALGAON JN,04:18:00,04:20:00,417,NGP,NAGPUR,CSTM,MUMBAI CST,258,260
12140,SEWAGRAM EXP,20,PC,PACHORA JN,04:53:00,04:55:00,465,NGP,NAGPUR,CSTM,MUMBAI CST,293,295
12140,SEWAGRAM EXP,29,KSRA,KASARA,09:33:00,09:35:00,717,NGP,NAGPUR,CSTM,MUMBAI CST,573,575
12141,RAJENDRA NGR EX,5,JL,JALGAON JN,05:38:00,05:40:00,405,LTT,LOKMANYATILAK T,RJPB,RAJENDRANAGAR T,338,340
12143,LTT SLN SUP EXP,7,BINA,BINA JN,09:35:00,09:40:00,966,LTT,LOKMANYATILAK T,SLN,SULTANPUR,575,580
12143,LTT SLN SUP EXP,10,CNB,KANPUR CENTRAL,15:40:00,15:45:00,1338,LTT,LOKMANYATILAK T,SLN,SULTANPUR,940,945
12144,SLN LTT SF,5,CNB,KANPUR CENTRAL,04:15:00,04:25:00,214,SLN,SULTANPUR,LTT,LOKMANYATILAK T,255,265
12144,SLN LTT SF,8,BINA,BINA JN,12:45:00,12:50:00,586,SLN,SULTANPUR,LTT,LOKMANYATILAK T,765,770
12145,LTT PURI SUP EX,6,AK,AKOLA JN,04:45:00,04:50:00,569,LTT,LOKMANYATILAK T,PURI,PURI,285,290
12145,LTT PURI SUP EX,7,BD,BADNERA JN,07:10:00,07:15:00,647,LTT,LOKMANYATILAK T,PURI,PURI,430,435
12145,LTT PURI SUP EX,8,NGP,NAGPUR,10:50:00,11:05:00,821,LTT,LOKMANYATILAK T,PURI,PURI,650,665
12145,LTT PURI SUP EX,25,BBS,BHUBANESWAR,05:30:00,05:35:00,1817,LTT,LOKMANYATILAK T,PURI,PURI,330,335
12146,PURI LTT SUP EX,3,BBS,BHUBANESWAR,23:00:00,23:05:00,63,PURI,PURI,LTT,LOKMANYATILAK T,1380,1385
12146,PURI LTT SUP EX,21,NGP,NAGPUR,17:50:00,18:00:00,1059,PURI,PURI,LTT,LOKMANYATILAK T,1070,1080
12146,PURI LTT SUP EX,22,BD,BADNERA JN,20:45:00,20:48:00,1234,PURI,PURI,LTT,LOKMANYATILAK T,1245,1248
12146,PURI LTT SUP EX,23,AK,AKOLA JN,21:40:00,21:45:00,1312,PURI,PURI,LTT,LOKMANYATILAK T,1300,1305
12147,NIZAMUDDIN EXP,6,PUNE,PUNE JN,15:55:00,16:10:00,327,KOP,C SHAHUMHARAJ T,NZM,H NIZAMUDDIN,955,970
12147,NIZAMUDDIN EXP,9,ANG,AHMADNAGAR,19:02:00,19:05:00,486,KOP,C SHAHUMHARAJ T,NZM,H NIZAMUDDIN,1142,1145
12147,NIZAMUDDIN EXP,17,BINA,BINA JN,08:20:00,08:25:00,1360,KOP,C SHAHUMHARAJ T,NZM,H NIZAMUDDIN,500,505
12148,NZM KOP EXP,7,BINA,BINA JN,15:00:00,15:05:00,556,NZM,H NIZAMUDDIN,KOP,C SHAHUMHARAJ T,900,905
12148,NZM KOP EXP,15,ANG,AHMADNAGAR,05:32:00,05:35:00,1429,NZM,H NIZAMUDDIN,KOP,C SHAHUMHARAJ T,332,335
12148,NZM KOP EXP,18,PUNE,PUNE JN,09:15:00,09:30:00,1589,NZM,H NIZAMUDDIN,KOP,C SHAHUMHARAJ T,555,570
12149,PUNE PATNA EXP,1,PUNE,PUNE JN,00:00:00,20:55:00,0,PUNE,PUNE JN,PNBE,PATNA JN,0,1255
12149,PUNE PATNA EXP,3,ANG,AHMADNAGAR,23:37:00,23:40:00,160,PUNE,PUNE JN,PNBE,PATNA JN,1417,1420
12150,PNBE PUNE EXP,17,ANG,AHMADNAGAR,01:50:00,01:53:00,1620,PNBE,PATNA JN,PUNE,PUNE JN,110,113
12150,PNBE PUNE EXP,19,PUNE,PUNE JN,05:30:00,00:00:00,1780,PNBE,PATNA JN,PUNE,PUNE JN,330,0
12151,SAMARSATA EXP,6,AK,AKOLA JN,04:45:00,04:50:00,569,LTT,LOKMANYATILAK T,HWH,HOWRAH JN,285,290
12151,SAMARSATA EXP,7,BD,BADNERA JN,07:10:00,07:15:00,647,LTT,LOKMANYATILAK T,HWH,HOWRAH JN,430,435
12151,SAMARSATA EXP,8,NGP,NAGPUR,10:50:00,11:05:00,821,LTT,LOKMANYATILAK T,HWH,HOWRAH JN,650,665
12151,SAMARSATA EXP,23,KGP,KHARAGPUR JN,06:03:00,06:05:00,1966,LTT,LOKMANYATILAK T,HWH,HOWRAH JN,363,365
12151,SAMARSATA EXP,25,HWH,HOWRAH JN,08:25:00,00:00:00,2081,LTT,LOKMANYATILAK T,HWH,HOWRAH JN,505,0
12152,SAMARSATA EXP,1,HWH,HOWRAH JN,00:00:00,21:15:00,0,HWH,HOWRAH JN,LTT,LOKMANYATILAK T,0,1275
12152,SAMARSATA EXP,2,KGP,KHARAGPUR JN,23:00:00,23:05:00,116,HWH,HOWRAH JN,LTT,LOKMANYATILAK T,1380,1385
12152,SAMARSATA EXP,18,NGP,NAGPUR,17:50:00,18:00:00,1270,HWH,HOWRAH JN,LTT,LOKMANYATILAK T,1070,1080
12152,SAMARSATA EXP,19,BD,BADNERA JN,20:45:00,20:48:00,1444,HWH,HOWRAH JN,LTT,LOKMANYATILAK T,1245,1248
12152,SAMARSATA EXP,20,AK,AKOLA JN,21:40:00,21:45:00,1523,HWH,HOWRAH JN,LTT,LOKMANYATILAK T,1300,1305
12153,HABIBGANJ EXP,7,HD,HARDA,02:18:00,02:20:00,660,LTT,LOKMANYATILAK T,HBJ,HABIBGANJ,138,140
12153,HABIBGANJ EXP,9,HBD,HOSHANGABAD,04:03:00,04:05:00,753,LTT,LOKMANYATILAK T,HBJ,HABIBGANJ,243,245
12153,HABIBGANJ EXP,10,HBJ,HABIBGANJ,05:30:00,00:00:00,821,LTT,LOKMANYATILAK T,HBJ,HABIBGANJ,330,0
12154,HBJ LTT SUP EXP,1,HBJ,HABIBGANJ,00:00:00,18:20:00,0,HBJ,HABIBGANJ,LTT,LOKMANYATILAK T,0,1100
12154,HBJ LTT SUP EXP,2,HBD,HOSHANGABAD,19:16:00,19:18:00,68,HBJ,HABIBGANJ,LTT,LOKMANYATILAK T,1156,1158
12154,HBJ LTT SUP EXP,4,HD,HARDA,20:39:00,20:41:00,162,HBJ,HABIBGANJ,LTT,LOKMANYATILAK T,1239,1241
12155,BHOPAL EXPRESS,1,HBJ,HABIBGANJ,00:00:00,21:05:00,0,HBJ,HABIBGANJ,NZM,H NIZAMUDDIN,0,1265
12155,BHOPAL EXPRESS,5,BINA,BINA JN,23:32:00,23:35:00,145,HBJ,HABIBGANJ,NZM,H NIZAMUDDIN,1412,1415
12156,BHOPAL EXPRESS,6,BINA,BINA JN,04:25:00,04:27:00,556,NZM,H NIZAMUDDIN,HBJ,HABIBGANJ,265,267
12156,BHOPAL EXPRESS,10,HBJ,HABIBGANJ,07:05:00,00:00:00,700,NZM,H NIZAMUDDIN,HBJ,HABIBGANJ,425,0
12157,HUTATMA EXPRESS,1,PUNE,PUNE JN,00:00:00,18:00:00,0,PUNE,PUNE JN,SUR,SOLAPUR JN,0,1080
12157,HUTATMA EXPRESS,4,SUR,SOLAPUR JN,22:00:00,00:00:00,264,PUNE,PUNE JN,SUR,SOLAPUR JN,1320,0
12158,HUTATMA EXPRESS,1,SUR,SOLAPUR JN,00:00:00,06:30:00,0,SUR,SOLAPUR JN,PUNE,PUNE JN,0,390
12158,HUTATMA EXPRESS,4,PUNE,PUNE JN,10:30:00,00:00:00,264,SUR,SOLAPUR JN,PUNE,PUNE JN,630,0
12159,AMI JBP SUP EXP,2,BD,BADNERA JN,18:00:00,18:01:00,10,AMI,AMRAVATI,JBP,JABALPUR,1080,1081
12159,AMI JBP SUP EXP,5,PLO,PULGAON JN,19:08:00,19:10:00,76,AMI,AMRAVATI,JBP,JABALPUR,1148,1150
12159,AMI JBP SUP EXP,6,WR,WARDHA JN,19:33:00,19:36:00,105,AMI,AMRAVATI,JBP,JABALPUR,1173,1176
12159,AMI JBP SUP EXP,7,NGP,NAGPUR,21:30:00,21:40:00,184,AMI,AMRAVATI,JBP,JABALPUR,1290,1300
12159,AMI JBP SUP EXP,16,GAR,GADARWARA,04:28:00,04:30:00,598,AMI,AMRAVATI,JBP,JABALPUR,268,270
12160,JBP AMI SUP EXP,6,GAR,GADARWARA,22:46:00,22:48:00,129,JBP,JABALPUR,AMI,AMRAVATI,1366,1368
12160,JBP AMI SUP EXP,15,NGP,NAGPUR,06:25:00,06:35:00,543,JBP,JABALPUR,AMI,AMRAVATI,385,395
12160,JBP AMI SUP EXP,16,WR,WARDHA JN,07:40:00,07:43:00,621,JBP,JABALPUR,AMI,AMRAVATI,460,463
12160,JBP AMI SUP EXP,17,PLO,PULGAON JN,08:05:00,08:07:00,651,JBP,JABALPUR,AMI,AMRAVATI,485,487
12160,JBP AMI SUP EXP,20,BD,BADNERA JN,09:15:00,09:35:00,717,JBP,JABALPUR,AMI,AMRAVATI,555,575
12161,LASHKAR EXPRESS,7,JL,JALGAON JN,22:03:00,22:05:00,405,LTT,LOKMANYATILAK T,AGC,AGRA CANTT,1323,1325
12161,LASHKAR EXPRESS,11,HD,HARDA,02:18:00,02:20:00,660,LTT,LOKMANYATILAK T,AGC,AGRA CANTT,138,140
12161,LASHKAR EXPRESS,14,HBJ,HABIBGANJ,05:10:00,05:12:00,821,LTT,LOKMANYATILAK T,AGC,AGRA CANTT,310,312
12161,LASHKAR EXPRESS,16,BINA,BINA JN,07:25:00,07:30:00,966,LTT,LOKMANYATILAK T,AGC,AGRA CANTT,445,450
12162,LASHKAR EXPRESS,7,BINA,BINA JN,06:10:00,06:15:00,369,AGC,AGRA CANTT,LTT,LOKMANYATILAK T,370,375
12162,LASHKAR EXPRESS,9,HBJ,HABIBGANJ,08:25:00,08:27:00,513,AGC,AGRA CANTT,LTT,LOKMANYATILAK T,505,507
12162,LASHKAR EXPRESS,12,HD,HARDA,10:57:00,10:59:00,674,AGC,AGRA CANTT,LTT,LOKMANYATILAK T,657,659
12162,LASHKAR EXPRESS,16,JL,JALGAON JN,15:18:00,15:20:00,930,AGC,AGRA CANTT,LTT,LOKMANYATILAK T,918,920
12163,CHENNAI EXPRESS,4,PUNE,PUNE JN,00:05:00,00:10:00,183,DR,DADAR,MS,CHENNAI EGMORE,5,10
12163,CHENNAI EXPRESS,5,SUR,SOLAPUR JN,03:55:00,04:05:00,447,DR,DADAR,MS,CHENNAI EGMORE,235,245
12163,CHENNAI EXPRESS,21,RU,RENIGUNTA JN,16:55:00,17:00:00,1134,DR,DADAR,MS,CHENNAI EGMORE,1015,1020
12164,CHENNAI EXP,3,RU,RENIGUNTA JN,09:20:00,09:25:00,147,MS,CHENNAI EGMORE,DR,DADAR,560,565
12164,CHENNAI EXP,19,SUR,SOLAPUR JN,21:50:00,22:00:00,835,MS,CHENNAI EGMORE,DR,DADAR,1310,1320
12164,CHENNAI EXP,20,PUNE,PUNE JN,02:25:00,02:35:00,1098,MS,CHENNAI EGMORE,DR,DADAR,145,155
12165,LTT BSB SUP EXP,7,JL,JALGAON JN,11:18:00,11:20:00,405,LTT,LOKMANYATILAK T,BSB,VARANASI JN,678,680
12166,BSB LTT SUP EXP,9,JL,JALGAON JN,14:13:00,14:15:00,1078,BSB,VARANASI JN,LTT,LOKMANYATILAK T,853,855
12169,SUR INTERCITY,1,PUNE,PUNE JN,00:00:00,09:30:00,0,PUNE,PUNE JN,SUR,SOLAPUR JN,0,570
12169,SUR INTERCITY,4,JEUR,JEUR,11:33:00,11:35:00,151,PUNE,PUNE JN,SUR,SOLAPUR JN,693,695
12169,SUR INTERCITY,6,SUR,SOLAPUR JN,13:30:00,00:00:00,264,PUNE,PUNE JN,SUR,SOLAPUR JN,810,0
12170,PUNE INTERCITY,1,SUR,SOLAPUR JN,00:00:00,14:00:00,0,SUR,SOLAPUR JN,PUNE,PUNE JN,0,840
12170,PUNE INTERCITY,3,JEUR,JEUR,15:28:00,15:30:00,114,SUR,SOLAPUR JN,PUNE,PUNE JN,928,930
12170,PUNE INTERCITY,6,PUNE,PUNE JN,18:05:00,00:00:00,264,SUR,SOLAPUR JN,PUNE,PUNE JN,1085,0
12173,UDYOG NAGRI EXP,9,CNB,KANPUR CENTRAL,13:30:00,13:35:00,1338,LTT,LOKMANYATILAK T,PBH,PARTAPGARH JN,810,815
12174,UDYOG NAGRI EXP,5,CNB,KANPUR CENTRAL,07:55:00,08:00:00,247,PBH,PARTAPGARH JN,LTT,LOKMANYATILAK T,475,480
12175,CHAMBAL EXP,1,HWH,HOWRAH JN,00:00:00,17:45:00,0,HWH,HOWRAH JN,GWL,GWALIOR,0,1065
12176,CHAMBAL EXPRESS,32,HWH,HOWRAH JN,06:45:00,00:00:00,1285,GWL,GWALIOR,HWH,HOWRAH JN,405,0
12177,CHAMBAL EXP,1,HWH,HOWRAH JN,00:00:00,17:45:00,0,HWH,HOWRAH JN,MTJ,MATHURA JN,0,1065
12178,CHAMBAL EXPRESS,35,HWH,HOWRAH JN,06:45:00,00:00:00,1457,MTJ,MATHURA JN,HWH,HOWRAH JN,405,0
12179,LJN AGC INTRCIT,3,CNB,KANPUR CENTRAL,17:25:00,17:30:00,74,LJN,LUCKNOW NE,AGC,AGRA CANTT,1045,1050
12180,LJN INTERCITY,11,CNB,KANPUR CENTRAL,10:15:00,10:20:00,259,AGC,AGRA CANTT,LJN,LUCKNOW NE,615,620
12183,BPL PBH SUP EXP,3,BINA,BINA JN,21:00:00,21:05:00,139,BPL,BHOPAL JN,PBH,PARTAPGARH JN,1260,1265
12183,BPL PBH SUP EXP,7,CNB,KANPUR CENTRAL,04:00:00,04:05:00,511,BPL,BHOPAL JN,PBH,PARTAPGARH JN,240,245
12184,PBH BPL EXPRESS,5,CNB,KANPUR CENTRAL,00:15:00,00:20:00,247,PBH,PARTAPGARH JN,BPL,BHOPAL JN,15,20
12184,PBH BPL EXPRESS,9,BINA,BINA JN,06:30:00,06:35:00,619,PBH,PARTAPGARH JN,BPL,BHOPAL JN,390,395
12185,REWANCHAL EXP,1,HBJ,HABIBGANJ,00:00:00,22:00:00,0,HBJ,HABIBGANJ,REWA,REWA,0,1320
12185,REWANCHAL EXP,6,BINA,BINA JN,00:20:00,00:25:00,145,HBJ,HABIBGANJ,REWA,REWA,20,25
12186,REWANCHAL EXP,11,BINA,BINA JN,03:20:00,03:30:00,411,REWA,REWA,HBJ,HABIBGANJ,200,210
12186,REWANCHAL EXP,16,HBJ,HABIBGANJ,06:05:00,00:00:00,555,REWA,REWA,HBJ,HABIBGANJ,365,0
12187,MUMBAI GARIBRAT,3,GAR,GADARWARA,21:18:00,21:20:00,129,JBP,JABALPUR,CSTM,MUMBAI CST,1278,1280
12187,MUMBAI GARIBRAT,6,HD,HARDA,00:35:00,00:37:00,321,JBP,JABALPUR,CSTM,MUMBAI CST,35,37
12187,MUMBAI GARIBRAT,9,JL,JALGAON JN,04:42:00,04:44:00,577,JBP,JABALPUR,CSTM,MUMBAI CST,282,284
12188,JBP GARIB RATH,7,JL,JALGAON JN,19:28:00,19:30:00,420,CSTM,MUMBAI CST,JBP,JABALPUR,1168,1170
12188,JBP GARIB RATH,10,HD,HARDA,00:33:00,00:35:00,676,CSTM,MUMBAI CST,JBP,JABALPUR,33,35
12188,JBP GARIB RATH,13,GAR,GADARWARA,03:28:00,03:30:00,868,CSTM,MUMBAI CST,JBP,JABALPUR,208,210
12191,NDLS JBP SUP EX,11,BINA,BINA JN,22:55:00,23:00:00,563,NDLS,NEW DELHI,JBP,JABALPUR,1375,1380
12191,NDLS JBP SUP EX,15,HBJ,HABIBGANJ,01:10:00,01:12:00,707,NDLS,NEW DELHI,JBP,JABALPUR,70,72
12191,NDLS JBP SUP EX,16,HBD,HOSHANGABAD,02:20:00,02:22:00,775,NDLS,NEW DELHI,JBP,JABALPUR,140,142
12191,NDLS JBP SUP EX,19,GAR,GADARWARA,04:48:00,04:50:00,910,NDLS,NEW DELHI,JBP,JABALPUR,288,290
12192,JBP NDLS SUP EX,6,GAR,GADARWARA,19:36:00,19:38:00,129,JBP,JABALPUR,NDLS,NEW DELHI,1176,1178
12192,JBP NDLS SUP EX,9,HBD,HOSHANGABAD,22:23:00,22:25:00,263,JBP,JABALPUR,NDLS,NEW DELHI,1343,1345
12192,JBP NDLS SUP EX,10,HBJ,HABIBGANJ,23:28:00,23:30:00,331,JBP,JABALPUR,NDLS,NEW DELHI,1408,1410
12192,JBP NDLS SUP EX,14,BINA,BINA JN,01:55:00,02:00:00,476,JBP,JABALPUR,NDLS,NEW DELHI,115,120
12193,YPR JBP EXP,16,NGP,NAGPUR,13:45:00,13:55:00,1194,YPR,YESVANTPUR JN,JBP,JABALPUR,825,835
12194,JBP YPR SUP EXP,6,NGP,NAGPUR,15:10:00,15:20:00,543,JBP,JABALPUR,YPR,YESVANTPUR JN,910,920
12197,GWL INTERCITY,4,BINA,BINA JN,17:15:00,17:20:00,139,BPL,BHOPAL JN,GWL,GWALIOR,1035,1040
12198,BPL INTERCITY,8,BINA,BINA JN,12:55:00,13:00:00,346,GWL,GWALIOR,BPL,BHOPAL JN,775,780
12209,KGM GARIB RATH,1,CNB,KANPUR CENTRAL,00:00:00,06:15:00,0,CNB,KANPUR CENTRAL,KGM,KATHGODAM,0,375
12210,CNB GARIB RATH,9,CNB,KANPUR CENTRAL,04:35:00,00:00:00,462,KGM,KATHGODAM,CNB,KANPUR CENTRAL,275,0
12213,DURONTO EXPRESS,11,NGP,NAGPUR,16:00:00,16:10:00,1265,YPR,YESVANTPUR JN,DEE,DELHI S ROHILLA,960,970
12213,DURONTO EXPRESS,13,BINA,BINA JN,00:02:00,00:05:00,1792,YPR,YESVANTPUR JN,DEE,DELHI S ROHILLA,2,5
12214,YPR DURONTO EXP,7,BINA,BINA JN,06:16:00,06:17:00,575,DEE,DELHI S ROHILLA,YPR,YESVANTPUR JN,376,377
12214,YPR DURONTO EXP,9,NGP,NAGPUR,14:00:00,14:10:00,1102,DEE,DELHI S ROHILLA,YPR,YESVANTPUR JN,840,850
12219,SC DURONTO EXP,2,PUNE,PUNE JN,00:20:00,00:22:00,158,LTT,LOKMANYATILAK T,SC,SECUNDERABAD JN,20,22
12219,SC DURONTO EXP,3,SUR,SOLAPUR JN,04:15:00,04:25:00,422,LTT,LOKMANYATILAK T,SC,SECUNDERABAD JN,255,265
12220,DURONTO AC EXP,4,PUNE,PUNE JN,04:30:00,04:35:00,597,SC,SECUNDERABAD JN,LTT,LOKMANYATILAK T,270,275
12221,HOWRAH DURONTO,1,PUNE,PUNE JN,00:00:00,15:15:00,0,PUNE,PUNE JN,HWH,HOWRAH JN,0,915
12221,HOWRAH DURONTO,5,NGP,NAGPUR,04:15:00,04:25:00,890,PUNE,PUNE JN,HWH,HOWRAH JN,255,265
12221,HOWRAH DURONTO,8,HWH,HOWRAH JN,19:40:00,00:00:00,2020,PUNE,PUNE JN,HWH,HOWRAH JN,1180,0
12222,HWH PUNE DURONT,1,HWH,HOWRAH JN,00:00:00,08:20:00,0,HWH,HOWRAH JN,PUNE,PUNE JN,0,500
12222,HWH PUNE DURONT,4,NGP,NAGPUR,23:00:00,23:05:00,1131,HWH,HOWRAH JN,PUNE,PUNE JN,1380,1385
12222,HWH PUNE DURONT,8,PUNE,PUNE JN,11:45:00,00:00:00,2020,HWH,HOWRAH JN,PUNE,PUNE JN,705,0
12225,KAIFIYAT EXP,13,CNB,KANPUR CENTRAL,00:45:00,00:50:00,371,AMH,AZAMGARH,DLI,DELHI,45,50
12226,KAIFIYAT EXP,4,CNB,KANPUR CENTRAL,01:35:00,01:40:00,434,DLI,DELHI,AMH,AZAMGARH,95,100
12243,SHATABDI EXP,2,JTJ,JOLARPETTAI,10:00:00,10:02:00,214,MAS,CHENNAI CENTRAL,CBE,COIMBATORE JN,600,602
12244,SHATABDI EXP,6,JTJ,JOLARPETTAI,19:23:00,19:25:00,284,CBE,COIMBATORE JN,MAS,CHENNAI CENTRAL,1163,1165
12245,HWH YPR DURONTO,1,HWH,HOWRAH JN,00:00:00,11:00:00,0,HWH,HOWRAH JN,YPR,YESVANTPUR JN,0,660
12245,HWH YPR DURONTO,2,KGP,KHARAGPUR JN,13:00:00,13:05:00,116,HWH,HOWRAH JN,YPR,YESVANTPUR JN,780,785
12245,HWH YPR DURONTO,3,BBS,BHUBANESWAR,14:49:00,14:50:00,439,HWH,HOWRAH JN,YPR,YESVANTPUR JN,889,890
12245,HWH YPR DURONTO,5,BZA,VIJAYAWADA JN,00:49:00,00:50:00,1219,HWH,HOWRAH JN,YPR,YESVANTPUR JN,49,50
12245,HWH YPR DURONTO,6,RU,RENIGUNTA JN,10:44:00,10:45:00,1595,HWH,HOWRAH JN,YPR,YESVANTPUR JN,644,645
12245,HWH YPR DURONTO,7,JTJ,JOLARPETTAI,13:44:00,13:45:00,1793,HWH,HOWRAH JN,YPR,YESVANTPUR JN,824,825
12246,DURONTO EXPRESS,2,JTJ,JOLARPETTAI,13:49:00,13:50:00,154,YPR,YESVANTPUR JN,HWH,HOWRAH JN,829,830
12246,DURONTO EXPRESS,3,RU,RENIGUNTA JN,16:55:00,17:00:00,352,YPR,YESVANTPUR JN,HWH,HOWRAH JN,1015,1020
12246,DURONTO EXPRESS,6,HWH,HOWRAH JN,16:10:00,00:00:00,1946,YPR,YESVANTPUR JN,HWH,HOWRAH JN,970,0
12249,HWH NDLS YUVA E,1,HWH,HOWRAH JN,00:00:00,18:40:00,0,HWH,HOWRAH JN,NDLS,NEW DELHI,0,1120
12249,HWH NDLS YUVA E,8,CNB,KANPUR CENTRAL,06:20:00,06:28:00,1008,HWH,HOWRAH JN,NDLS,NEW DELHI,380,388
12250,NDLS HWH YUVA,3,CNB,KANPUR CENTRAL,00:29:00,00:34:00,440,NDLS,NEW DELHI,HWH,HOWRAH JN,29,34
12250,NDLS HWH YUVA,9,HWH,HOWRAH JN,12:40:00,00:00:00,1447,NDLS,NEW DELHI,HWH,HOWRAH JN,760,0
12253,ANGA EXPRESS,4,JTJ,JOLARPETTAI,16:13:00,16:15:00,157,YPR,YESVANTPUR JN,BGP,BHAGALPUR,973,975
12253,ANGA EXPRESS,10,BZA,VIJAYAWADA JN,02:40:00,03:00:00,750,YPR,YESVANTPUR JN,BGP,BHAGALPUR,160,180
12253,ANGA EXPRESS,13,VSKP,VISAKHAPATNAM,08:30:00,08:50:00,1100,YPR,YESVANTPUR JN,BGP,BHAGALPUR,510,530
12253,ANGA EXPRESS,17,BBS,BHUBANESWAR,15:10:00,15:15:00,1543,YPR,YESVANTPUR JN,BGP,BHAGALPUR,910,915
12253,ANGA EXPRESS,21,KGP,KHARAGPUR JN,20:08:00,20:23:00,1866,YPR,YESVANTPUR JN,BGP,BHAGALPUR,1208,1223
12253,ANGA EXPRESS,22,HWH,HOWRAH JN,22:25:00,23:00:00,1982,YPR,YESVANTPUR JN,BGP,BHAGALPUR,1345,1380
12254,ANGA EXPRESS,9,HWH,HOWRAH JN,23:05:00,23:30:00,507,BGP,BHAGALPUR,YPR,YESVANTPUR JN,1385,1410
12254,ANGA EXPRESS,10,KGP,KHARAGPUR JN,01:10:00,01:15:00,622,BGP,BHAGALPUR,YPR,YESVANTPUR JN,70,75
12254,ANGA EXPRESS,14,BBS,BHUBANESWAR,05:55:00,06:00:00,946,BGP,BHAGALPUR,YPR,YESVANTPUR JN,355,360
12254,ANGA EXPRESS,18,VSKP,VISAKHAPATNAM,12:35:00,12:55:00,1388,BGP,BHAGALPUR,YPR,YESVANTPUR JN,755,775
12254,ANGA EXPRESS,22,BZA,VIJAYAWADA JN,18:45:00,19:05:00,1738,BGP,BHAGALPUR,YPR,YESVANTPUR JN,1125,1145
12254,ANGA EXPRESS,28,JTJ,JOLARPETTAI,04:50:00,04:55:00,2331,BGP,BHAGALPUR,YPR,YESVANTPUR JN,290,295
12261,HOWRAH DURONTO,3,NGP,NAGPUR,04:15:00,04:25:00,837,CSTM,MUMBAI CST,HWH,HOWRAH JN,255,265
12261,HOWRAH DURONTO,6,HWH,HOWRAH JN,19:40:00,00:00:00,1968,CSTM,MUMBAI CST,HWH,HOWRAH JN,1180,0
12262,HWH CSTM DURONT,1,HWH,HOWRAH JN,00:00:00,08:20:00,0,HWH,HOWRAH JN,CSTM,MUMBAI CST,0,500
12262,HWH CSTM DURONT,2,KGP,KHARAGPUR JN,10:00:00,10:05:00,116,HWH,HOWRAH JN,CSTM,MUMBAI CST,600,605
12262,HWH CSTM DURONT,3,NGP,NAGPUR,14:00:00,14:01:00,1131,HWH,HOWRAH JN,CSTM,MUMBAI CST,840,841
12263,NZM DURONTO EXP,1,PUNE,PUNE JN,00:00:00,11:10:00,0,PUNE,PUNE JN,NZM,H NIZAMUDDIN,0,670
12264,PUNE DURONTO EX,5,PUNE,PUNE JN,07:10:00,00:00:00,1520,NZM,H NIZAMUDDIN,PUNE,PUNE JN,430,0
12273,NDLS DURONTO,1,HWH,HOWRAH JN,00:00:00,12:45:00,0,HWH,HOWRAH JN,NDLS,NEW DELHI,0,765
12274,HWH DURONTO EXP,4,HWH,HOWRAH JN,06:10:00,00:00:00,1446,NDLS,NEW DELHI,HWH,HOWRAH JN,370,0
12275,NDLS DURONTO EX,2,CNB,KANPUR CENTRAL,01:00:00,01:01:00,195,ALD,ALLAHABAD JN,NDLS,NEW DELHI,60,61
12276,ALD DURONTO EXP,3,CNB,KANPUR CENTRAL,01:10:00,01:12:00,440,NDLS,NEW DELHI,ALD,ALLAHABAD JN,70,72
12277,SATABDI EXPRESS,1,HWH,HOWRAH JN,00:00:00,14:25:00,0,HWH,HOWRAH JN,PURI,PURI,0,865
12277,SATABDI EXPRESS,3,KGP,KHARAGPUR JN,16:05:00,16:15:00,116,HWH,HOWRAH JN,PURI,PURI,965,975
12277,SATABDI EXPRESS,8,BBS,BHUBANESWAR,20:30:00,20:32:00,439,HWH,HOWRAH JN,PURI,PURI,1230,1232
12278,SATABDI EXPRESS,2,BBS,BHUBANESWAR,07:18:00,07:20:00,63,PURI,PURI,HWH,HOWRAH JN,438,440
12278,SATABDI EXPRESS,7,KGP,KHARAGPUR JN,11:45:00,11:55:00,387,PURI,PURI,HWH,HOWRAH JN,705,715
12278,SATABDI EXPRESS,8,HWH,HOWRAH JN,13:45:00,00:00:00,502,PURI,PURI,HWH,HOWRAH JN,825,0
12281,BBS DURONTO EXP,1,BBS,BHUBANESWAR,00:00:00,08:10:00,0,BBS,BHUBANESWAR,NDLS,NEW DELHI,0,490
12281,BBS DURONTO EXP,5,CNB,KANPUR CENTRAL,04:20:00,04:25:00,1288,BBS,BHUBANESWAR,NDLS,NEW DELHI,260,265
12282,BBS DURONTO EXP,3,CNB,KANPUR CENTRAL,17:20:00,17:21:00,440,NDLS,NEW DELHI,BBS,BHUBANESWAR,1040,1041
12282,BBS DURONTO EXP,8,BBS,BHUBANESWAR,11:05:00,00:00:00,1727,NDLS,NEW DELHI,BBS,BHUBANESWAR,665,0
12285,NZM DURONTO EX,3,NGP,NAGPUR,22:00:00,22:05:00,578,SC,SECUNDERABAD JN,NZM,H NIZAMUDDIN,1320,1325
12289,NAGPUR DURONTO,2,KSRA,KASARA,22:00:00,22:05:00,121,CSTM,MUMBAI CST,NGP,NAGPUR,1320,1325
12289,NAGPUR DURONTO,5,NGP,NAGPUR,07:20:00,00:00:00,837,CSTM,MUMBAI CST,NGP,NAGPUR,440,0
12290,NGP CSTM DURONT,1,NGP,NAGPUR,00:00:00,20:40:00,0,NGP,NAGPUR,CSTM,MUMBAI CST,0,1240
12290,NGP CSTM DURONT,4,KSRA,KASARA,06:03:00,06:05:00,717,NGP,NAGPUR,CSTM,MUMBAI CST,363,365
12291,YPR CHENNAI EXP,5,JTJ,JOLARPETTAI,01:30:00,01:32:00,157,YPR,YESVANTPUR JN,MAS,CHENNAI CENTRAL,90,92
12292,YESVANTPUR EXP,4,JTJ,JOLARPETTAI,02:43:00,02:45:00,214,MAS,CHENNAI CENTRAL,YPR,YESVANTPUR JN,163,165
12295,SANGHAMITRA EXP,2,BNC,BANGALORE CANT,09:10:00,09:12:00,5,SBC,BANGALORE CY JN,PNBE,PATNA JN,550,552
12295,SANGHAMITRA EXP,5,JTJ,JOLARPETTAI,11:28:00,11:30:00,149,SBC,BANGALORE CY JN,PNBE,PATNA JN,688,690
12295,SANGHAMITRA EXP,13,BZA,VIJAYAWADA JN,22:25:00,22:35:00,792,SBC,BANGALORE CY JN,PNBE,PATNA JN,1345,1355
12295,SANGHAMITRA EXP,20,NGP,NAGPUR,08:20:00,08:30:00,1455,SBC,BANGALORE CY JN,PNBE,PATNA JN,500,510
12296,SANGHA MITRA EX,17,NGP,NAGPUR,17:55:00,18:10:00,1274,PNBE,PATNA JN,SBC,BANGALORE CY JN,1075,1090
12296,SANGHA MITRA EX,24,BZA,VIJAYAWADA JN,06:05:00,06:25:00,1936,PNBE,PATNA JN,SBC,BANGALORE CY JN,365,385
12296,SANGHA MITRA EX,31,JTJ,JOLARPETTAI,17:25:00,17:30:00,2579,PNBE,PATNA JN,SBC,BANGALORE CY JN,1045,1050
12296,SANGHA MITRA EX,35,BNC,BANGALORE CANT,19:58:00,20:00:00,2723,PNBE,PATNA JN,SBC,BANGALORE CY JN,1198,1200
12297,PUNE DURONTO,2,PUNE,PUNE JN,07:10:00,00:00:00,635,ADI,AHMEDABAD JN,PUNE,PUNE JN,430,0
12298,ADI DURONTO EXP,1,PUNE,PUNE JN,00:00:00,21:35:00,0,PUNE,PUNE JN,ADI,AHMEDABAD JN,0,1295
12301,KOLKATA RAJDHNI,1,HWH,HOWRAH JN,00:00:00,16:55:00,0,HWH,HOWRAH JN,NDLS,NEW DELHI,0,1015
12301,KOLKATA RAJDHNI,9,CNB,KANPUR CENTRAL,04:45:00,04:53:00,1008,HWH,HOWRAH JN,NDLS,NEW DELHI,285,293
12302,KOLKATA RJDHNI,3,CNB,KANPUR CENTRAL,21:38:00,21:43:00,440,NDLS,NEW DELHI,HWH,HOWRAH JN,1298,1303
12302,KOLKATA RJDHNI,10,HWH,HOWRAH JN,09:55:00,00:00:00,1447,NDLS,NEW DELHI,HWH,HOWRAH JN,595,0
12303,POORVA EXPRESS,1,HWH,HOWRAH JN,00:00:00,08:05:00,0,HWH,HOWRAH JN,NDLS,NEW DELHI,0,485
12303,POORVA EXPRESS,22,CNB,KANPUR CENTRAL,00:05:00,00:13:00,1090,HWH,HOWRAH JN,NDLS,NEW DELHI,5,13
12304,POORVA EXPRESS,6,CNB,KANPUR CENTRAL,23:10:00,23:15:00,440,NDLS,NEW DELHI,HWH,HOWRAH JN,1390,1395
12304,POORVA EXPRESS,27,HWH,HOWRAH JN,16:55:00,00:00:00,1529,NDLS,NEW DELHI,HWH,HOWRAH JN,1015,0
12305,KOLKATA RJDHNI,1,HWH,HOWRAH JN,00:00:00,14:05:00,0,HWH,HOWRAH JN,NDLS,NEW DELHI,0,845
12305,KOLKATA RJDHNI,9,CNB,KANPUR CENTRAL,04:45:00,04:53:00,1090,HWH,HOWRAH JN,NDLS,NEW DELHI,285,293
12306,KOLKATA RJDHNI,3,CNB,KANPUR CENTRAL,21:38:00,21:43:00,440,NDLS,NEW DELHI,HWH,HOWRAH JN,1298,1303
12306,KOLKATA RJDHNI,11,HWH,HOWRAH JN,12:40:00,00:00:00,1529,NDLS,NEW DELHI,HWH,HOWRAH JN,760,0
12307,HWH JU EXPRESS,1,HWH,HOWRAH JN,00:00:00,23:40:00,0,HWH,HOWRAH JN,JU,JODHPUR JN,0,1420
12307,HWH JU EXPRESS,16,CNB,KANPUR CENTRAL,15:05:00,15:20:00,1008,HWH,HOWRAH JN,JU,JODHPUR JN,905,920
12308,JU HWH SUPFAST,11,CNB,KANPUR CENTRAL,10:55:00,11:10:00,806,JU,JODHPUR JN,HWH,HOWRAH JN,655,670
12308,JU HWH SUPFAST,27,HWH,HOWRAH JN,04:00:00,00:00:00,1813,JU,JODHPUR JN,HWH,HOWRAH JN,240,0
12309,RJPB RAJDHANI,6,CNB,KANPUR CENTRAL,02:30:00,02:35:00,561,RJPB,RAJENDRANAGAR T,NDLS,NEW DELHI,150,155
12310,RJPB RAJDHANI,3,CNB,KANPUR CENTRAL,21:58:00,22:03:00,440,NDLS,NEW DELHI,RJPB,RAJENDRANAGAR T,1318,1323
12311,HWH DLI KLK MAI,1,HWH,HOWRAH JN,00:00:00,19:40:00,0,HWH,HOWRAH JN,KLK,KALKA,0,1180
12311,HWH DLI KLK MAI,18,CNB,KANPUR CENTRAL,12:35:00,12:45:00,1008,HWH,HOWRAH JN,KLK,KALKA,755,765
12312,KALKA MAIL,23,CNB,KANPUR CENTRAL,14:20:00,14:30:00,736,KLK,KALKA,HWH,HOWRAH JN,860,870
12312,KALKA MAIL,40,HWH,HOWRAH JN,07:55:00,00:00:00,1743,KLK,KALKA,HWH,HOWRAH JN,475,0
12313,SDAH RAJDHANIEX,9,CNB,KANPUR CENTRAL,05:10:00,05:18:00,1014,SDAH,SEALDAH,NDLS,NEW DELHI,310,318
12314,SEALDAH RJDHANI,3,CNB,KANPUR CENTRAL,21:20:00,21:25:00,440,NDLS,NEW DELHI,SDAH,SEALDAH,1280,1285
12315,ANNANYA EXPRES,13,CNB,KANPUR CENTRAL,06:45:00,06:50:00,1097,SDAH,SEALDAH,UDZ,UDAIPUR CITY,405,410
12316,ANANYA EXPRESS,12,CNB,KANPUR CENTRAL,19:55:00,20:05:00,1044,UDZ,UDAIPUR CITY,SDAH,SEALDAH,1195,1205
12319,KOAA AGC EXPRES,8,CNB,KANPUR CENTRAL,03:50:00,04:00:00,1010,KOAA,KOLKATA,AGC,AGRA CANTT,230,240
12320,AGC KOAA EXP,5,CNB,KANPUR CENTRAL,01:05:00,01:15:00,406,AGC,AGRA CANTT,KOAA,KOLKATA,65,75
12321,HWH MUMBAI MAIL,1,HWH,HOWRAH JN,00:00:00,22:00:00,0,HWH,HOWRAH JN,CSTM,MUMBAI CST,0,1320
12321,HWH MUMBAI MAIL,33,GAR,GADARWARA,19:45:00,19:47:00,1308,HWH,HOWRAH JN,CSTM,MUMBAI CST,1185,1187
12321,HWH MUMBAI MAIL,36,HD,HARDA,23:15:00,23:17:00,1501,HWH,HOWRAH JN,CSTM,MUMBAI CST,1395,1397
12321,HWH MUMBAI MAIL,41,JL,JALGAON JN,03:24:00,03:25:00,1756,HWH,HOWRAH JN,CSTM,MUMBAI CST,204,205
12322,KOLKATA MAIL,4,KSRA,KASARA,23:43:00,23:45:00,121,CSTM,MUMBAI CST,HWH,HOWRAH JN,1423,1425
12322,KOLKATA MAIL,10,JL,JALGAON JN,03:58:00,04:00:00,420,CSTM,MUMBAI CST,HWH,HOWRAH JN,238,240
12322,KOLKATA MAIL,15,HD,HARDA,08:03:00,08:05:00,676,CSTM,MUMBAI CST,HWH,HOWRAH JN,483,485
12322,KOLKATA MAIL,18,GAR,GADARWARA,11:05:00,11:07:00,868,CSTM,MUMBAI CST,HWH,HOWRAH JN,665,667
12322,KOLKATA MAIL,50,HWH,HOWRAH JN,11:45:00,00:00:00,2176,CSTM,MUMBAI CST,HWH,HOWRAH JN,705,0
12323,HWH NDLS EXPRES,1,HWH,HOWRAH JN,00:00:00,18:50:00,0,HWH,HOWRAH JN,NDLS,NEW DELHI,0,1130
12323,HWH NDLS EXPRES,10,CNB,KANPUR CENTRAL,10:10:00,10:20:00,1008,HWH,HOWRAH JN,NDLS,NEW DELHI,610,620
12324,NDLS HWH EXPRES,5,CNB,KANPUR CENTRAL,13:20:00,13:40:00,440,NDLS,NEW DELHI,HWH,HOWRAH JN,800,820
12324,NDLS HWH EXPRES,14,HWH,HOWRAH JN,06:00:00,00:00:00,1447,NDLS,NEW DELHI,HWH,HOWRAH JN,360,0
12327,UPASANA EXPRESS,1,HWH,HOWRAH JN,00:00:00,13:00:00,0,HWH,HOWRAH JN,DDN,DEHRADUN,0,780
12328,UPASANA EXPRESS,19,HWH,HOWRAH JN,03:15:00,00:00:00,1587,DDN,DEHRADUN,HWH,HOWRAH JN,195,0
12329,W B SMPRK KRNTI,8,CNB,KANPUR CENTRAL,03:50:00,04:00:00,1014,SDAH,SEALDAH,DLI,DELHI,230,240
12330,W B SMPRK KRNTI,2,CNB,KANPUR CENTRAL,01:15:00,01:20:00,434,DLI,DELHI,SDAH,SEALDAH,75,80
12331,HIMGIRI EXPRESS,1,HWH,HOWRAH JN,00:00:00,23:55:00,0,HWH,HOWRAH JN,JAT,JAMMU TAWI,0,1435
12332,HIMGIRI EXPRESS,32,HWH,HOWRAH JN,11:30:00,00:00:00,2021,JAT,JAMMU TAWI,HWH,HOWRAH JN,690,0
12333,VIBHUTI EXPRESS,1,HWH,HOWRAH JN,00:00:00,20:00:00,0,HWH,HOWRAH JN,ALY,ALLAHABAD CITY,0,1200
12334,VIBHUTI EXPRESS,30,HWH,HOWRAH JN,07:30:00,00:00:00,882,ALY,ALLAHABAD CITY,HWH,HOWRAH JN,450,0
12335,BGP LTT EXPRESS,30,HD,HARDA,08:10:00,08:12:00,1256,BGP,BHAGALPUR,LTT,LOKMANYATILAK T,490,492
12336,BHAGALPUR EXP,9,HD,HARDA,18:38:00,18:40:00,660,LTT,LOKMANYATILAK T,BGP,BHAGALPUR,1118,1120
12337,SANTINIKATANEXP,1,HWH,HOWRAH JN,00:00:00,10:10:00,0,HWH,HOWRAH JN,BHP,BOLPUR S NIKTN,0,610
12338,SANTINIKETANEXP,4,HWH,HOWRAH JN,15:40:00,00:00:00,146,BHP,BOLPUR S NIKTN,HWH,HOWRAH JN,940,0
12339,COAL FIELD EXP,1,HWH,HOWRAH JN,00:00:00,17:20:00,0,HWH,HOWRAH JN,DHN,DHANBAD JN,0,1040
12340,COALFIELD EXP,13,HWH,HOWRAH JN,10:25:00,00:00:00,259,DHN,DHANBAD JN,HWH,HOWRAH JN,625,0
12341,AGNIBINA EXPRES,1,HWH,HOWRAH JN,00:00:00,18:20:00,0,HWH,HOWRAH JN,ASN,ASANSOL JN,0,1100
12342,AGNIBINA EXPRES,7,HWH,HOWRAH JN,08:45:00,00:00:00,200,ASN,ASANSOL JN,HWH,HOWRAH JN,525,0
12345,SARAIGHAT EXP,1,HWH,HOWRAH JN,00:00:00,15:50:00,0,HWH,HOWRAH JN,GHY,GUWAHATI,0,950
12345,SARAIGHAT EXP,4,RPH,RAMPUR HAT,18:57:00,18:59:00,207,HWH,HOWRAH JN,GHY,GUWAHATI,1137,1139
12346,SARAIGHAT EXP,11,RPH,RAMPUR HAT,01:56:00,01:58:00,814,GHY,GUWAHATI,HWH,HOWRAH JN,116,118
12346,SARAIGHAT EXP,14,HWH,HOWRAH JN,05:10:00,00:00:00,1020,GHY,GUWAHATI,HWH,HOWRAH JN,310,0
12347,RAMPURHAT EXP,1,HWH,HOWRAH JN,00:00:00,11:55:00,0,HWH,HOWRAH JN,RPH,RAMPUR HAT,0,715
12347,RAMPURHAT EXP,9,RPH,RAMPUR HAT,15:35:00,00:00:00,207,HWH,HOWRAH JN,RPH,RAMPUR HAT,935,0
12348,RAMPURHAT EXP,1,RPH,RAMPUR HAT,00:00:00,16:35:00,0,RPH,RAMPUR HAT,HWH,HOWRAH JN,0,995
12348,RAMPURHAT EXP,9,HWH,HOWRAH JN,20:15:00,00:00:00,207,RPH,RAMPUR HAT,HWH,HOWRAH JN,1215,0
12349,BGP NDLS EXP,12,CNB,KANPUR CENTRAL,06:45:00,06:50:00,780,BGP,BHAGALPUR,NDLS,NEW DELHI,405,410
12350,NDLS BGP EXPRES,3,CNB,KANPUR CENTRAL,06:10:00,06:20:00,440,NDLS,NEW DELHI,BGP,BHAGALPUR,370,380
12351,DANAPUR EXPRESS,1,HWH,HOWRAH JN,00:00:00,20:35:00,0,HWH,HOWRAH JN,DNR,DANAPUR,0,1235
12352,DANAPUR HWH EXP,26,HWH,HOWRAH JN,06:35:00,00:00:00,541,DNR,DANAPUR,HWH,HOWRAH JN,395,0
12353,HWH LKU EXP,1,HWH,HOWRAH JN,00:00:00,08:15:00,0,HWH,HOWRAH JN,LKU,LAL KUAN,0,495
12354,LKU HWH EXP,17,HWH,HOWRAH JN,18:55:00,00:00:00,1344,LKU,LAL KUAN,HWH,HOWRAH JN,1135,0
12363,KOAA HDB SUPF E,4,RPH,RAMPUR HAT,12:29:00,12:31:00,209,KOAA,KOLKATA,HDB,HALDIBARI,749,751
12364,HDB KOAA SF EXP,8,RPH,RAMPUR HAT,15:58:00,16:00:00,411,HDB,HALDIBARI,KOAA,KOLKATA,958,960
12369,KUMBHA EXPRESS,1,HWH,HOWRAH JN,00:00:00,13:00:00,0,HWH,HOWRAH JN,HW,HARIDWAR JN,0,780
12370,HW HWH S F EXP,18,HWH,HOWRAH JN,03:15:00,00:00:00,1536,HW,HARIDWAR JN,HWH,HOWRAH JN,195,0
12371,HWH JSM EXP,1,HWH,HOWRAH JN,00:00:00,08:15:00,0,HWH,HOWRAH JN,JSM,JAISALMER,0,495
12372,JSM HWH SF EXP,29,HWH,HOWRAH JN,16:30:00,00:00:00,2245,JSM,JAISALMER,HWH,HOWRAH JN,990,0
12373,SDAH RPH INTRCT,8,RPH,RAMPUR HAT,12:45:00,00:00:00,213,SDAH,SEALDAH,RPH,RAMPUR HAT,765,0
12374,RPH SDAH INTRCT,1,RPH,RAMPUR HAT,00:00:00,11:00:00,0,RPH,RAMPUR HAT,SDAH,SEALDAH,0,660
12375,MAS ASN EXPRESS,7,BZA,VIJAYAWADA JN,21:40:00,21:55:00,431,MAS,CHENNAI CENTRAL,ASN,ASANSOL JN,1300,1315
12375,MAS ASN EXPRESS,11,VSKP,VISAKHAPATNAM,04:10:00,04:30:00,781,MAS,CHENNAI CENTRAL,ASN,ASANSOL JN,250,270
12376,ASN MAS EXPRESS,18,VSKP,VISAKHAPATNAM,09:40:00,10:00:00,952,ASN,ASANSOL JN,MAS,CHENNAI CENTRAL,580,600
12376,ASN MAS EXPRESS,22,BZA,VIJAYAWADA JN,15:30:00,15:45:00,1302,ASN,ASANSOL JN,MAS,CHENNAI CENTRAL,930,945
12377,PADATIK EXPRESS,5,RPH,RAMPUR HAT,02:17:00,02:22:00,213,SDAH,SEALDAH,NJP,NEW JALPAIGURI,137,142
12378,PADATIK EXPRESS,4,RPH,RAMPUR HAT,03:05:00,03:10:00,354,NJP,NEW JALPAIGURI,SDAH,SEALDAH,185,190
12379,JALIANWALAB EXP,8,CNB,KANPUR CENTRAL,03:50:00,04:00:00,1014,SDAH,SEALDAH,ASR,AMRITSAR JN,230,240
12380,JALIANWALA B EX,7,CNB,KANPUR CENTRAL,01:15:00,01:20:00,880,ASR,AMRITSAR JN,SDAH,SEALDAH,75,80
12381,POORVA EXPRESS,1,HWH,HOWRAH JN,00:00:00,08:15:00,0,HWH,HOWRAH JN,NDLS,NEW DELHI,0,495
12381,POORVA EXPRESS,18,CNB,KANPUR CENTRAL,00:05:00,00:13:00,1007,HWH,HOWRAH JN,NDLS,NEW DELHI,5,13
12382,POORVA EXPRESS,6,CNB,KANPUR CENTRAL,23:10:00,23:15:00,440,NDLS,NEW DELHI,HWH,HOWRAH JN,1390,1395
12382,POORVA EXPRESS,23,HWH,HOWRAH JN,16:55:00,00:00:00,1446,NDLS,NEW DELHI,HWH,HOWRAH JN,1015,0
12389,GAYA MS EXPRESS,12,NGP,NAGPUR,01:40:00,01:50:00,1248,GAYA,GAYA JN,MS,CHENNAI EGMORE,100,110
12389,GAYA MS EXPRESS,15,BZA,VIJAYAWADA JN,12:40:00,12:55:00,1910,GAYA,GAYA JN,MS,CHENNAI EGMORE,760,775
12390,MS GAYA EXPRESS,4,BZA,VIJAYAWADA JN,14:20:00,14:35:00,435,MS,CHENNAI EGMORE,GAYA,GAYA JN,860,875
12390,MS GAYA EXPRESS,7,NGP,NAGPUR,00:45:00,00:55:00,1097,MS,CHENNAI EGMORE,GAYA,GAYA JN,45,55
12393,S KRANTI SUP EX,6,CNB,KANPUR CENTRAL,01:55:00,02:05:00,561,RJPB,RAJENDRANAGAR T,NDLS,NEW DELHI,115,125
12395,ZIYARAT EXPRESS,8,CNB,KANPUR CENTRAL,03:35:00,03:43:00,561,RJPB,RAJENDRANAGAR T,AII,AJMER JN,215,223
12396,ZIYARAT EXPRESS,8,CNB,KANPUR CENTRAL,13:30:00,13:40:00,744,AII,AJMER JN,RJPB,RAJENDRANAGAR T,810,820
12397,MAHABODHI EXP,13,CNB,KANPUR CENTRAL,22:15:00,22:20:00,550,GAYA,GAYA JN,NDLS,NEW DELHI,1335,1340
12398,MAHABODHI EXP,4,CNB,KANPUR CENTRAL,19:05:00,19:10:00,440,NDLS,NEW DELHI,GAYA,GAYA JN,1145,1150
12401,MAGADH EXPRESS,22,CNB,KANPUR CENTRAL,03:20:00,03:25:00,624,IPR,ISLAMPUR,NDLS,NEW DELHI,200,205
12402,MAGADH EXPRESS,8,CNB,KANPUR CENTRAL,02:30:00,02:35:00,440,NDLS,NEW DELHI,IPR,ISLAMPUR,150,155
12403,ALD JP EXPRESS,4,CNB,KANPUR CENTRAL,02:05:00,02:15:00,195,ALD,ALLAHABAD JN,JP,JAIPUR,125,135
12404,JP ALD EXPRESS,15,CNB,KANPUR CENTRAL,02:00:00,02:10:00,586,JP,JAIPUR,ALD,ALLAHABAD JN,120,130
12405,GONDWANA EXPRES,2,MKU,MALKAPUR,06:23:00,06:25:00,51,BSL,BHUSAVAL JN,NZM,H NIZAMUDDIN,383,385
12405,GONDWANA EXPRES,3,SEG,SHEGAON,07:00:00,07:02:00,103,BSL,BHUSAVAL JN,NZM,H NIZAMUDDIN,420,422
12405,GONDWANA EXPRES,4,AK,AKOLA JN,07:30:00,07:35:00,140,BSL,BHUSAVAL JN,NZM,H NIZAMUDDIN,450,455
12405,GONDWANA EXPRES,5,BD,BADNERA JN,08:40:00,08:45:00,219,BSL,BHUSAVAL JN,NZM,H NIZAMUDDIN,520,525
12405,GONDWANA EXPRES,7,PLO,PULGAON JN,09:43:00,09:45:00,285,BSL,BHUSAVAL JN,NZM,H NIZAMUDDIN,583,585
12405,GONDWANA EXPRES,8,WR,WARDHA JN,10:25:00,10:28:00,314,BSL,BHUSAVAL JN,NZM,H NIZAMUDDIN,625,628
12405,GONDWANA EXPRES,9,NGP,NAGPUR,12:45:00,13:05:00,393,BSL,BHUSAVAL JN,NZM,H NIZAMUDDIN,765,785
12405,GONDWANA EXPRES,18,HBD,HOSHANGABAD,18:08:00,18:10:00,708,BSL,BHUSAVAL JN,NZM,H NIZAMUDDIN,1088,1090
12405,GONDWANA EXPRES,22,BINA,BINA JN,22:00:00,22:05:00,920,BSL,BHUSAVAL JN,NZM,H NIZAMUDDIN,1320,1325
12406,GONDWANA EXPRES,7,BINA,BINA JN,00:10:00,00:15:00,556,NZM,H NIZAMUDDIN,BSL,BHUSAVAL JN,10,15
12406,GONDWANA EXPRES,11,HBD,HOSHANGABAD,03:13:00,03:15:00,768,NZM,H NIZAMUDDIN,BSL,BHUSAVAL JN,193,195
12406,GONDWANA EXPRES,20,NGP,NAGPUR,09:00:00,09:15:00,1083,NZM,H NIZAMUDDIN,BSL,BHUSAVAL JN,540,555
12406,GONDWANA EXPRES,21,WR,WARDHA JN,10:30:00,10:35:00,1162,NZM,H NIZAMUDDIN,BSL,BHUSAVAL JN,630,635
12406,GONDWANA EXPRES,22,PLO,PULGAON JN,10:56:00,10:58:00,1191,NZM,H NIZAMUDDIN,BSL,BHUSAVAL JN,656,658
12406,GONDWANA EXPRES,24,BD,BADNERA JN,12:25:00,12:30:00,1257,NZM,H NIZAMUDDIN,BSL,BHUSAVAL JN,745,750
12406,GONDWANA EXPRES,25,AK,AKOLA JN,13:20:00,13:25:00,1336,NZM,H NIZAMUDDIN,BSL,BHUSAVAL JN,800,805
12406,GONDWANA EXPRES,26,SEG,SHEGAON,13:52:00,13:54:00,1373,NZM,H NIZAMUDDIN,BSL,BHUSAVAL JN,832,834
12406,GONDWANA EXPRES,27,MKU,MALKAPUR,14:28:00,14:30:00,1425,NZM,H NIZAMUDDIN,BSL,BHUSAVAL JN,868,870
12409,GONDWANA EXPRES,15,NGP,NAGPUR,12:40:00,13:05:00,544,RIG,RAIGARH,NZM,H NIZAMUDDIN,760,785
12409,GONDWANA EXPRES,24,HBD,HOSHANGABAD,18:08:00,18:10:00,858,RIG,RAIGARH,NZM,H NIZAMUDDIN,1088,1090
12409,GONDWANA EXPRES,28,BINA,BINA JN,22:00:00,22:05:00,1071,RIG,RAIGARH,NZM,H NIZAMUDDIN,1320,1325
12410,GONDWANA EXPRES,7,BINA,BINA JN,00:10:00,00:15:00,556,NZM,H NIZAMUDDIN,RIG,RAIGARH,10,15
12410,GONDWANA EXPRES,11,HBD,HOSHANGABAD,03:13:00,03:15:00,768,NZM,H NIZAMUDDIN,RIG,RAIGARH,193,195
12410,GONDWANA EXPRES,20,NGP,NAGPUR,09:00:00,09:40:00,1083,NZM,H NIZAMUDDIN,RIG,RAIGARH,540,580
12417,PRAYAG RAJ EXP,3,CNB,KANPUR CENTRAL,00:05:00,00:15:00,195,ALD,ALLAHABAD JN,NDLS,NEW DELHI,5,15
12418,PRAYAG RAJ EXP,6,CNB,KANPUR CENTRAL,03:30:00,03:35:00,440,NDLS,NEW DELHI,ALD,ALLAHABAD JN,210,215
12419,GOMTI EXP,3,CNB,KANPUR CENTRAL,07:35:00,07:40:00,74,LKO,LUCKNOW NR,NDLS,NEW DELHI,455,460
12420,GOMTI EXPRESS,15,CNB,KANPUR CENTRAL,19:45:00,19:55:00,440,NDLS,NEW DELHI,LKO,LUCKNOW NR,1185,1195
12421,NED ASR SUP EXP,2,PAU,PURNA JN,11:30:00,11:40:00,31,NED,H SAHIB NANDED,ASR,AMRITSAR JN,690,700
12421,NED ASR SUP EXP,5,AK,AKOLA JN,16:00:00,16:05:00,238,NED,H SAHIB NANDED,ASR,AMRITSAR JN,960,965
12421,NED ASR SUP EXP,6,MKU,MALKAPUR,17:03:00,17:05:00,327,NED,H SAHIB NANDED,ASR,AMRITSAR JN,1023,1025
12421,NED ASR SUP EXP,10,BINA,BINA JN,02:33:00,02:38:00,914,NED,H SAHIB NANDED,ASR,AMRITSAR JN,153,158
12422,ASR NED SF EXP,14,BINA,BINA JN,08:40:00,08:45:00,1027,ASR,AMRITSAR JN,NED,H SAHIB NANDED,520,525
12422,ASR NED SF EXP,18,MKU,MALKAPUR,17:38:00,17:40:00,1614,ASR,AMRITSAR JN,NED,H SAHIB NANDED,1058,1060
12422,ASR NED SF EXP,19,AK,AKOLA JN,19:05:00,19:25:00,1703,ASR,AMRITSAR JN,NED,H SAHIB NANDED,1145,1165
12422,ASR NED SF EXP,22,PAU,PURNA JN,22:30:00,22:40:00,1910,ASR,AMRITSAR JN,NED,H SAHIB NANDED,1350,1360
12423,DBRT RAJDHANI E,20,CNB,KANPUR CENTRAL,05:00:00,05:08:00,1999,DBRT,DIBRUGARH TOWN,NDLS,NEW DELHI,300,308
12424,DBRT RAJDHANI,3,CNB,KANPUR CENTRAL,18:34:00,18:39:00,440,NDLS,NEW DELHI,DBRT,DIBRUGARH TOWN,1114,1119
12427,REWA ANVT EXP,8,CNB,KANPUR CENTRAL,23:30:00,23:35:00,421,REWA,REWA,ANVT,ANAND VIHAR TRM,1410,1415
12428,ANVT REWA EXP,5,CNB,KANPUR CENTRAL,03:20:00,03:25:00,427,ANVT,ANAND VIHAR TRM,REWA,REWA,200,205
12433,RAJDHANI EXP,2,BZA,VIJAYAWADA JN,11:50:00,12:00:00,431,MAS,CHENNAI CENTRAL,NZM,H NIZAMUDDIN,710,720
12433,RAJDHANI EXP,4,NGP,NAGPUR,20:35:00,20:45:00,1093,MAS,CHENNAI CENTRAL,NZM,H NIZAMUDDIN,1235,1245
12434,CHENNAI RAJDHNI,6,NGP,NAGPUR,05:25:00,05:35:00,1083,NZM,H NIZAMUDDIN,MAS,CHENNAI CENTRAL,325,335
12434,CHENNAI RAJDHNI,8,BZA,VIJAYAWADA JN,14:20:00,14:30:00,1745,NZM,H NIZAMUDDIN,MAS,CHENNAI CENTRAL,860,870
12437,RAJDHANI EXP,3,NGP,NAGPUR,20:35:00,20:45:00,578,SC,SECUNDERABAD JN,NZM,H NIZAMUDDIN,1235,1245
12438,NZM SC RJDHNI,5,NGP,NAGPUR,05:25:00,05:35:00,1083,NZM,H NIZAMUDDIN,SC,SECUNDERABAD JN,325,335
12439,RNC NDLS RAJ EX,8,CNB,KANPUR CENTRAL,05:45:00,05:50:00,866,RNC,RANCHI,NDLS,NEW DELHI,345,350
12440,NDLS RNC RAJ EX,4,CNB,KANPUR CENTRAL,21:00:00,21:05:00,440,NDLS,NEW DELHI,RNC,RANCHI,1260,1265
12441,BSP NDLS RAJ EX,6,NGP,NAGPUR,20:25:00,20:45:00,411,BSP,BILASPUR JN,NDLS,NEW DELHI,1225,1245
12442,BILASPUR RJDHNI,5,NGP,NAGPUR,05:30:00,05:45:00,1090,NDLS,NEW DELHI,BSP,BILASPUR JN,330,345
12443,HLZ ANVT WKLY S,4,KGP,KHARAGPUR JN,10:35:00,10:45:00,114,HLZ,HALDIA,ANVT,ANAND VIHAR TRM,635,645
12443,HLZ ANVT WKLY S,12,CNB,KANPUR CENTRAL,03:50:00,04:00:00,1150,HLZ,HALDIA,ANVT,ANAND VIHAR TRM,230,240
12444,ANVT HLZ S F EX,3,CNB,KANPUR CENTRAL,01:15:00,01:20:00,427,ANVT,ANAND VIHAR TRM,HLZ,HALDIA,75,80
12444,ANVT HLZ S F EX,10,KGP,KHARAGPUR JN,18:10:00,18:20:00,1462,ANVT,ANAND VIHAR TRM,HLZ,HALDIA,1090,1100
12451,SHRAM SHKTI EXP,1,CNB,KANPUR CENTRAL,00:00:00,23:45:00,0,CNB,KANPUR CENTRAL,NDLS,NEW DELHI,0,1425
12452,SHRAM SHKTI EXP,3,CNB,KANPUR CENTRAL,06:30:00,00:00:00,440,NDLS,NEW DELHI,CNB,KANPUR CENTRAL,390,0
12453,RNC NDLS RAJ EX,6,CNB,KANPUR CENTRAL,05:45:00,05:50:00,902,RNC,RANCHI,NDLS,NEW DELHI,345,350
12454,NDLS RNC RJDHNI,3,CNB,KANPUR CENTRAL,21:00:00,21:05:00,440,NDLS,NEW DELHI,RNC,RANCHI,1260,1265
12469,CNB JAT EXPRESS,1,CNB,KANPUR CENTRAL,00:00:00,17:15:00,0,CNB,KANPUR CENTRAL,JAT,JAMMU TAWI,0,1035
12470,JAT CNB EXPRESS,14,CNB,KANPUR CENTRAL,14:50:00,00:00:00,1026,JAT,JAMMU TAWI,CNB,KANPUR CENTRAL,890,0
12485,NED SGNR EXPRES,2,PAU,PURNA JN,11:30:00,11:40:00,31,NED,H SAHIB NANDED,SGNR,SHRI GANGANAGAR,690,700
12485,NED SGNR EXPRES,5,AK,AKOLA JN,16:00:00,16:05:00,238,NED,H SAHIB NANDED,SGNR,SHRI GANGANAGAR,960,965
12485,NED SGNR EXPRES,6,MKU,MALKAPUR,17:03:00,17:05:00,327,NED,H SAHIB NANDED,SGNR,SHRI GANGANAGAR,1023,1025
12485,NED SGNR EXPRES,10,BINA,BINA JN,02:33:00,02:38:00,914,NED,H SAHIB NANDED,SGNR,SHRI GANGANAGAR,153,158
12486,SGNR NED EXPRES,17,BINA,BINA JN,08:40:00,08:45:00,1051,SGNR,SHRI GANGANAGAR,NED,H SAHIB NANDED,520,525
12486,SGNR NED EXPRES,21,MKU,MALKAPUR,17:38:00,17:40:00,1638,SGNR,SHRI GANGANAGAR,NED,H SAHIB NANDED,1058,1060
12486,SGNR NED EXPRES,22,AK,AKOLA JN,19:05:00,19:25:00,1728,SGNR,SHRI GANGANAGAR,NED,H SAHIB NANDED,1145,1165
12486,SGNR NED EXPRES,25,PAU,PURNA JN,22:30:00,22:40:00,1935,SGNR,SHRI GANGANAGAR,NED,H SAHIB NANDED,1350,1360
12487,SEEMANCHAL EXP,15,CNB,KANPUR CENTRAL,14:30:00,14:40:00,957,JBN,JOGBANI,ANVT,ANAND VIHAR TRM,870,880
12488,SEEMANCHAL EXP,4,CNB,KANPUR CENTRAL,13:45:00,13:55:00,427,ANVT,ANAND VIHAR TRM,JBN,JOGBANI,825,835
12495,BKN KOAA SUP EX,11,CNB,KANPUR CENTRAL,19:55:00,20:05:00,875,BKN,BIKANER JN,KOAA,KOLKATA,1195,1205
12496,PRATAP EXPRESS,11,CNB,KANPUR CENTRAL,14:00:00,14:15:00,1010,KOAA,KOLKATA,BKN,BIKANER JN,840,855
12501,PORVOTR S KRNTI,15,CNB,KANPUR CENTRAL,06:45:00,06:50:00,1535,GHY,GUWAHATI,NDLS,NEW DELHI,405,410
12502,PORVOTR S KRNTI,3,CNB,KANPUR CENTRAL,06:10:00,06:20:00,440,NDLS,NEW DELHI,GHY,GUWAHATI,370,380
12505,NORTH EAST EXP,26,CNB,KANPUR CENTRAL,12:45:00,12:55:00,1440,GHY,GUWAHATI,ANVT,ANAND VIHAR TRM,765,775
12506,NORTH EAST EXP,5,CNB,KANPUR CENTRAL,12:50:00,13:00:00,427,ANVT,ANAND VIHAR TRM,GHY,GUWAHATI,770,780
12507,GUWAHATI EXP,18,JTJ,JOLARPETTAI,05:45:00,05:50:00,709,TVC,TRIVANDRUM CNTL,GHY,GUWAHATI,345,350
12507,GUWAHATI EXP,23,BZA,VIJAYAWADA JN,16:45:00,17:00:00,1352,TVC,TRIVANDRUM CNTL,GHY,GUWAHATI,1005,1020
12507,GUWAHATI EXP,25,VSKP,VISAKHAPATNAM,22:55:00,23:15:00,1703,TVC,TRIVANDRUM CNTL,GHY,GUWAHATI,1375,1395
12507,GUWAHATI EXP,32,BBS,BHUBANESWAR,06:10:00,06:15:00,2145,TVC,TRIVANDRUM CNTL,GHY,GUWAHATI,370,375
12507,GUWAHATI EXP,37,KGP,KHARAGPUR JN,11:25:00,11:40:00,2469,TVC,TRIVANDRUM CNTL,GHY,GUWAHATI,685,700
12507,GUWAHATI EXP,39,HWH,HOWRAH JN,13:55:00,14:25:00,2584,TVC,TRIVANDRUM CNTL,GHY,GUWAHATI,835,865
12507,GUWAHATI EXP,41,RPH,RAMPUR HAT,17:41:00,17:43:00,2790,TVC,TRIVANDRUM CNTL,GHY,GUWAHATI,1061,1063
12508,GHY TVC EXPRESS,14,RPH,RAMPUR HAT,21:08:00,21:10:00,763,GHY,GUWAHATI,TVC,TRIVANDRUM CNTL,1268,1270
12508,GHY TVC EXPRESS,16,HWH,HOWRAH JN,00:45:00,01:05:00,969,GHY,GUWAHATI,TVC,TRIVANDRUM CNTL,45,65
12508,GHY TVC EXPRESS,17,KGP,KHARAGPUR JN,02:45:00,03:00:00,1084,GHY,GUWAHATI,TVC,TRIVANDRUM CNTL,165,180
12508,GHY TVC EXPRESS,22,BBS,BHUBANESWAR,07:40:00,07:45:00,1408,GHY,GUWAHATI,TVC,TRIVANDRUM CNTL,460,465
12508,GHY TVC EXPRESS,29,VSKP,VISAKHAPATNAM,15:30:00,15:50:00,1850,GHY,GUWAHATI,TVC,TRIVANDRUM CNTL,930,950
12508,GHY TVC EXPRESS,31,BZA,VIJAYAWADA JN,21:40:00,21:55:00,2201,GHY,GUWAHATI,TVC,TRIVANDRUM CNTL,1300,1315
12508,GHY TVC EXPRESS,35,JTJ,JOLARPETTAI,08:25:00,08:30:00,2844,GHY,GUWAHATI,TVC,TRIVANDRUM CNTL,505,510
12509,GUWAHATI EXP,2,BNC,BANGALORE CANT,23:40:00,23:42:00,5,SBC,BANGALORE CY JN,GHY,GUWAHATI,1420,1422
12509,GUWAHATI EXP,5,JTJ,JOLARPETTAI,02:08:00,02:10:00,149,SBC,BANGALORE CY JN,GHY,GUWAHATI,128,130
12509,GUWAHATI EXP,10,BZA,VIJAYAWADA JN,13:05:00,13:20:00,792,SBC,BANGALORE CY JN,GHY,GUWAHATI,785,800
12509,GUWAHATI EXP,12,VSKP,VISAKHAPATNAM,19:15:00,19:35:00,1142,SBC,BANGALORE CY JN,GHY,GUWAHATI,1155,1175
12509,GUWAHATI EXP,19,BBS,BHUBANESWAR,02:25:00,02:30:00,1585,SBC,BANGALORE CY JN,GHY,GUWAHATI,145,150
12509,GUWAHATI EXP,24,KGP,KHARAGPUR JN,08:15:00,08:30:00,1908,SBC,BANGALORE CY JN,GHY,GUWAHATI,495,510
12509,GUWAHATI EXP,26,HWH,HOWRAH JN,10:55:00,11:15:00,2024,SBC,BANGALORE CY JN,GHY,GUWAHATI,655,675
12509,GUWAHATI EXP,28,RPH,RAMPUR HAT,14:26:00,14:28:00,2230,SBC,BANGALORE CY JN,GHY,GUWAHATI,866,868
12510,GHY SBC EXPRESS,16,RPH,RAMPUR HAT,21:08:00,21:10:00,763,GHY,GUWAHATI,SBC,BANGALORE CY JN,1268,1270
12510,GHY SBC EXPRESS,18,HWH,HOWRAH JN,00:45:00,01:05:00,969,GHY,GUWAHATI,SBC,BANGALORE CY JN,45,65
12510,GHY SBC EXPRESS,19,KGP,KHARAGPUR JN,02:45:00,03:00:00,1084,GHY,GUWAHATI,SBC,BANGALORE CY JN,165,180
12510,GHY SBC EXPRESS,24,BBS,BHUBANESWAR,07:40:00,07:45:00,1408,GHY,GUWAHATI,SBC,BANGALORE CY JN,460,465
12510,GHY SBC EXPRESS,31,VSKP,VISAKHAPATNAM,15:30:00,15:50:00,1850,GHY,GUWAHATI,SBC,BANGALORE CY JN,930,950
12510,GHY SBC EXPRESS,33,BZA,VIJAYAWADA JN,21:40:00,21:55:00,2201,GHY,GUWAHATI,SBC,BANGALORE CY JN,1300,1315
12510,GHY SBC EXPRESS,37,JTJ,JOLARPETTAI,08:18:00,08:20:00,2844,GHY,GUWAHATI,SBC,BANGALORE CY JN,498,500
12510,GHY SBC EXPRESS,41,BNC,BANGALORE CANT,11:07:00,11:10:00,2988,GHY,GUWAHATI,SBC,BANGALORE CY JN,667,670
12511,RAPTI SAGAR EXP,10,CNB,KANPUR CENTRAL,13:17:00,13:22:00,353,GKP,GORAKHPUR JN,TVC,TRIVANDRUM CNTL,797,802
12511,RAPTI SAGAR EXP,21,NGP,NAGPUR,03:50:00,04:00:00,1252,GKP,GORAKHPUR JN,TVC,TRIVANDRUM CNTL,230,240
12511,RAPTI SAGAR EXP,32,BZA,VIJAYAWADA JN,15:50:00,16:05:00,1915,GKP,GORAKHPUR JN,TVC,TRIVANDRUM CNTL,950,965
12511,RAPTI SAGAR EXP,39,JTJ,JOLARPETTAI,03:08:00,03:10:00,2558,GKP,GORAKHPUR JN,TVC,TRIVANDRUM CNTL,188,190
12512,RAPTISAGAR EXP,25,JTJ,JOLARPETTAI,19:48:00,19:50:00,695,TVC,TRIVANDRUM CNTL,GKP,GORAKHPUR JN,1188,1190
12512,RAPTISAGAR EXP,32,BZA,VIJAYAWADA JN,06:05:00,06:20:00,1338,TVC,TRIVANDRUM CNTL,GKP,GORAKHPUR JN,365,380
12512,RAPTISAGAR EXP,43,NGP,NAGPUR,16:45:00,17:00:00,2001,TVC,TRIVANDRUM CNTL,GKP,GORAKHPUR JN,1005,1020
12512,RAPTISAGAR EXP,54,CNB,KANPUR CENTRAL,08:15:00,08:20:00,2901,TVC,TRIVANDRUM CNTL,GKP,GORAKHPUR JN,495,500
12513,SC GHY EXP,3,BZA,VIJAYAWADA JN,13:05:00,13:20:00,351,SC,SECUNDERABAD JN,GHY,GUWAHATI,785,800
12513,SC GHY EXP,5,VSKP,VISAKHAPATNAM,19:15:00,19:35:00,701,SC,SECUNDERABAD JN,GHY,GUWAHATI,1155,1175
12513,SC GHY EXP,12,BBS,BHUBANESWAR,02:25:00,02:30:00,1144,SC,SECUNDERABAD JN,GHY,GUWAHATI,145,150
12513,SC GHY EXP,17,KGP,KHARAGPUR JN,08:15:00,08:30:00,1467,SC,SECUNDERABAD JN,GHY,GUWAHATI,495,510
12513,SC GHY EXP,19,HWH,HOWRAH JN,10:55:00,11:15:00,1583,SC,SECUNDERABAD JN,GHY,GUWAHATI,655,675
12513,SC GHY EXP,21,RPH,RAMPUR HAT,14:26:00,14:28:00,1789,SC,SECUNDERABAD JN,GHY,GUWAHATI,866,868
12514,GHY SC EXPRESS,12,RPH,RAMPUR HAT,21:08:00,21:10:00,763,GHY,GUWAHATI,SC,SECUNDERABAD JN,1268,1270
12514,GHY SC EXPRESS,14,HWH,HOWRAH JN,00:45:00,01:05:00,969,GHY,GUWAHATI,SC,SECUNDERABAD JN,45,65
12514,GHY SC EXPRESS,15,KGP,KHARAGPUR JN,02:45:00,03:00:00,1084,GHY,GUWAHATI,SC,SECUNDERABAD JN,165,180
12514,GHY SC EXPRESS,20,BBS,BHUBANESWAR,07:40:00,07:45:00,1408,GHY,GUWAHATI,SC,SECUNDERABAD JN,460,465
12514,GHY SC EXPRESS,27,VSKP,VISAKHAPATNAM,15:30:00,15:50:00,1850,GHY,GUWAHATI,SC,SECUNDERABAD JN,930,950
12514,GHY SC EXPRESS,29,BZA,VIJAYAWADA JN,21:40:00,21:55:00,2201,GHY,GUWAHATI,SC,SECUNDERABAD JN,1300,1315
12515,GUWAHATI EXP,17,JTJ,JOLARPETTAI,01:53:00,01:55:00,709,TVC,TRIVANDRUM CNTL,GHY,GUWAHATI,113,115
12515,GUWAHATI EXP,22,BZA,VIJAYAWADA JN,13:05:00,13:20:00,1352,TVC,TRIVANDRUM CNTL,GHY,GUWAHATI,785,800
12515,GUWAHATI EXP,24,VSKP,VISAKHAPATNAM,19:15:00,19:35:00,1703,TVC,TRIVANDRUM CNTL,GHY,GUWAHATI,1155,1175
12515,GUWAHATI EXP,31,BBS,BHUBANESWAR,02:25:00,02:30:00,2145,TVC,TRIVANDRUM CNTL,GHY,GUWAHATI,145,150
12515,GUWAHATI EXP,36,KGP,KHARAGPUR JN,08:15:00,08:30:00,2469,TVC,TRIVANDRUM CNTL,GHY,GUWAHATI,495,510
12515,GUWAHATI EXP,38,HWH,HOWRAH JN,10:55:00,11:15:00,2584,TVC,TRIVANDRUM CNTL,GHY,GUWAHATI,655,675
12515,GUWAHATI EXP,40,RPH,RAMPUR HAT,14:26:00,14:28:00,2790,TVC,TRIVANDRUM CNTL,GHY,GUWAHATI,866,868
12516,GHY TVC EXPRESS,14,RPH,RAMPUR HAT,21:08:00,21:10:00,763,GHY,GUWAHATI,TVC,TRIVANDRUM CNTL,1268,1270
12516,GHY TVC EXPRESS,16,HWH,HOWRAH JN,00:45:00,01:05:00,969,GHY,GUWAHATI,TVC,TRIVANDRUM CNTL,45,65
12516,GHY TVC EXPRESS,18,KGP,KHARAGPUR JN,02:45:00,03:00:00,1084,GHY,GUWAHATI,TVC,TRIVANDRUM CNTL,165,180
12516,GHY TVC EXPRESS,23,BBS,BHUBANESWAR,07:40:00,07:45:00,1408,GHY,GUWAHATI,TVC,TRIVANDRUM CNTL,460,465
12516,GHY TVC EXPRESS,30,VSKP,VISAKHAPATNAM,15:30:00,15:50:00,1850,GHY,GUWAHATI,TVC,TRIVANDRUM CNTL,930,950
12516,GHY TVC EXPRESS,32,BZA,VIJAYAWADA JN,21:40:00,21:55:00,2201,GHY,GUWAHATI,TVC,TRIVANDRUM CNTL,1300,1315
12516,GHY TVC EXPRESS,37,JTJ,JOLARPETTAI,08:25:00,08:30:00,2844,GHY,GUWAHATI,TVC,TRIVANDRUM CNTL,505,510
12519,LTT KYQ AC EXP,7,JL,JALGAON JN,13:33:00,13:35:00,405,LTT,LOKMANYATILAK T,KYQ,KAMAKHYA,813,815
12520,KYQ LTT AC EXP,21,JL,JALGAON JN,10:54:00,10:55:00,2183,KYQ,KAMAKHYA,LTT,LOKMANYATILAK T,654,655
12521,RAPTI SAGAR EXP,19,CNB,KANPUR CENTRAL,13:17:00,13:22:00,748,BJU,BARAUNI JN,ERS,ERNAKULAM JN,797,802
12521,RAPTI SAGAR EXP,30,NGP,NAGPUR,03:50:00,04:00:00,1647,BJU,BARAUNI JN,ERS,ERNAKULAM JN,230,240
12521,RAPTI SAGAR EXP,41,BZA,VIJAYAWADA JN,15:50:00,16:05:00,2310,BJU,BARAUNI JN,ERS,ERNAKULAM JN,950,965
12521,RAPTI SAGAR EXP,48,JTJ,JOLARPETTAI,03:08:00,03:10:00,2953,BJU,BARAUNI JN,ERS,ERNAKULAM JN,188,190
12522,RAPTISAGAR EXP,17,JTJ,JOLARPETTAI,19:48:00,19:50:00,489,ERS,ERNAKULAM JN,BJU,BARAUNI JN,1188,1190
12522,RAPTISAGAR EXP,24,BZA,VIJAYAWADA JN,06:05:00,06:20:00,1132,ERS,ERNAKULAM JN,BJU,BARAUNI JN,365,380
12522,RAPTISAGAR EXP,35,NGP,NAGPUR,16:45:00,17:00:00,1794,ERS,ERNAKULAM JN,BJU,BARAUNI JN,1005,1020
12522,RAPTISAGAR EXP,46,CNB,KANPUR CENTRAL,08:15:00,08:20:00,2694,ERS,ERNAKULAM JN,BJU,BARAUNI JN,495,500
12533,PUSHPAK EXP,3,CNB,KANPUR CENTRAL,21:20:00,21:32:00,74,LJN,LUCKNOW NE,CSTM,MUMBAI CST,1280,1292
12533,PUSHPAK EXP,8,HBJ,HABIBGANJ,06:15:00,06:17:00,591,LJN,LUCKNOW NE,CSTM,MUMBAI CST,375,377
12534,PUSHPAK EXPRESS,8,HBJ,HABIBGANJ,20:38:00,20:40:00,837,CSTM,MUMBAI CST,LJN,LUCKNOW NE,1238,1240
12534,PUSHPAK EXPRESS,13,CNB,KANPUR CENTRAL,06:45:00,07:00:00,1354,CSTM,MUMBAI CST,LJN,LUCKNOW NE,405,420
12535,LJN R GARIBRATH,2,CNB,KANPUR CENTRAL,16:05:00,16:10:00,74,LJN,LUCKNOW NE,R,RAIPUR JN,965,970
12536,LJN GARIBRATH,12,CNB,KANPUR CENTRAL,03:30:00,03:40:00,845,R,RAIPUR JN,LJN,LUCKNOW NE,210,220
12539,YPR LUCKNOW EXP,4,JTJ,JOLARPETTAI,13:13:00,13:15:00,157,YPR,YESVANTPUR JN,LKO,LUCKNOW NR,793,795
12539,YPR LUCKNOW EXP,7,RU,RENIGUNTA JN,16:40:00,16:50:00,374,YPR,YESVANTPUR JN,LKO,LUCKNOW NR,1000,1010
12539,YPR LUCKNOW EXP,9,BZA,VIJAYAWADA JN,22:55:00,23:05:00,750,YPR,YESVANTPUR JN,LKO,LUCKNOW NR,1375,1385
12539,YPR LUCKNOW EXP,12,NGP,NAGPUR,10:20:00,10:30:00,1412,YPR,YESVANTPUR JN,LKO,LUCKNOW NR,620,630
12540,LKO YPR SUP EXP,10,NGP,NAGPUR,16:40:00,16:50:00,1141,LKO,LUCKNOW NR,YPR,YESVANTPUR JN,1000,1010
12540,LKO YPR SUP EXP,13,BZA,VIJAYAWADA JN,02:50:00,03:00:00,1805,LKO,LUCKNOW NR,YPR,YESVANTPUR JN,170,180
12540,LKO YPR SUP EXP,14,RU,RENIGUNTA JN,09:25:00,09:35:00,2181,LKO,LUCKNOW NR,YPR,YESVANTPUR JN,565,575
12540,LKO YPR SUP EXP,16,JTJ,JOLARPETTAI,13:05:00,13:10:00,2379,LKO,LUCKNOW NR,YPR,YESVANTPUR JN,785,790
12541,GKP LTT SUP EXP,5,CNB,KANPUR CENTRAL,05:25:00,05:35:00,342,GKP,GORAKHPUR JN,LTT,LOKMANYATILAK T,325,335
12542,LTT GKP SUP EXP,10,CNB,KANPUR CENTRAL,09:45:00,09:55:00,1338,LTT,LOKMANYATILAK T,GKP,GORAKHPUR JN,585,595
12551,YPRKYQ AC EXP,2,JTJ,JOLARPETTAI,11:13:00,11:15:00,154,YPR,YESVANTPUR JN,KYQ,KAMAKHYA,673,675
12551,YPRKYQ AC EXP,6,BZA,VIJAYAWADA JN,22:35:00,22:45:00,797,YPR,YESVANTPUR JN,KYQ,KAMAKHYA,1355,1365
12551,YPRKYQ AC EXP,11,BBS,BHUBANESWAR,09:55:00,10:00:00,1577,YPR,YESVANTPUR JN,KYQ,KAMAKHYA,595,600
12551,YPRKYQ AC EXP,20,RPH,RAMPUR HAT,22:38:00,22:40:00,2269,YPR,YESVANTPUR JN,KYQ,KAMAKHYA,1358,1360
12552,KYQ YPR AC EXP,10,RPH,RAMPUR HAT,04:45:00,04:50:00,756,KYQ,KAMAKHYA,YPR,YESVANTPUR JN,285,290
12552,KYQ YPR AC EXP,19,BBS,BHUBANESWAR,16:50:00,16:55:00,1449,KYQ,KAMAKHYA,YPR,YESVANTPUR JN,1010,1015
12552,KYQ YPR AC EXP,24,BZA,VIJAYAWADA JN,04:30:00,04:40:00,2228,KYQ,KAMAKHYA,YPR,YESVANTPUR JN,270,280
12552,KYQ YPR AC EXP,28,JTJ,JOLARPETTAI,15:00:00,15:02:00,2871,KYQ,KAMAKHYA,YPR,YESVANTPUR JN,900,902
12553,VAISHALI EXP,17,CNB,KANPUR CENTRAL,23:55:00,00:05:00,748,BJU,BARAUNI JN,NDLS,NEW DELHI,1435,5
12554,VAISHALI EXP,7,CNB,KANPUR CENTRAL,02:20:00,02:25:00,440,NDLS,NEW DELHI,BJU,BARAUNI JN,140,145
12555,GORAKDAM EXPRES,8,CNB,KANPUR CENTRAL,23:23:00,23:28:00,345,GKP,GORAKHPUR JN,HSR,HISAR,1403,1408
12556,GORAKDAM EXPRES,9,CNB,KANPUR CENTRAL,03:10:00,03:15:00,620,HSR,HISAR,GKP,GORAKHPUR JN,190,195
12559,SHIV GANGA EXP,3,CNB,KANPUR CENTRAL,01:30:00,01:38:00,315,MUV,MANDUADIH,NDLS,NEW DELHI,90,98
12560,SHIV GANGA EXP,3,CNB,KANPUR CENTRAL,01:00:00,01:05:00,440,NDLS,NEW DELHI,MUV,MANDUADIH,60,65
12561,SWATANTRA S EXP,16,CNB,KANPUR CENTRAL,06:10:00,06:15:00,727,DBG,DARBHANGA JN,NDLS,NEW DELHI,370,375
12562,SWATANTRTA S EX,4,CNB,KANPUR CENTRAL,02:45:00,02:50:00,440,NDLS,NEW DELHI,DBG,DARBHANGA JN,165,170
12565,BIHAR S KRANTI,11,CNB,KANPUR CENTRAL,22:48:00,22:58:00,735,DBG,DARBHANGA JN,NDLS,NEW DELHI,1368,1378
12566,BIHAR S KRANTI,3,CNB,KANPUR CENTRAL,20:15:00,20:20:00,440,NDLS,NEW DELHI,DBG,DARBHANGA JN,1215,1220
12569,JYG ANVT G RATH,20,CNB,KANPUR CENTRAL,02:55:00,03:00:00,825,JYG,JAYNAGAR,ANVT,ANAND VIHAR TRM,175,180
12570,JYG GARIB RATH,3,CNB,KANPUR CENTRAL,22:12:00,22:17:00,427,ANVT,ANAND VIHAR TRM,JYG,JAYNAGAR,1332,1337
12577,BAGMATI EXPRESS,22,NGP,NAGPUR,18:20:00,18:45:00,1455,DBG,DARBHANGA JN,MYS,MYSORE JN,1100,1125
12577,BAGMATI EXPRESS,29,BZA,VIJAYAWADA JN,07:10:00,07:30:00,2117,DBG,DARBHANGA JN,MYS,MYSORE JN,430,450
12577,BAGMATI EXPRESS,35,JTJ,JOLARPETTAI,17:53:00,17:55:00,2760,DBG,DARBHANGA JN,MYS,MYSORE JN,1073,1075
12577,BAGMATI EXPRESS,37,BNC,BANGALORE CANT,20:18:00,20:20:00,2904,DBG,DARBHANGA JN,MYS,MYSORE JN,1218,1220
12578,BAGMATI EXPRESS,5,BNC,BANGALORE CANT,10:20:00,10:22:00,143,MYS,MYSORE JN,DBG,DARBHANGA JN,620,622
12578,BAGMATI EXPRESS,6,JTJ,JOLARPETTAI,12:18:00,12:20:00,287,MYS,MYSORE JN,DBG,DARBHANGA JN,738,740
12578,BAGMATI EXPRESS,12,BZA,VIJAYAWADA JN,22:55:00,23:05:00,930,MYS,MYSORE JN,DBG,DARBHANGA JN,1375,1385
12578,BAGMATI EXPRESS,19,NGP,NAGPUR,10:20:00,10:30:00,1592,MYS,MYSORE JN,DBG,DARBHANGA JN,620,630
12581,MUV NDLS S F EX,4,CNB,KANPUR CENTRAL,04:15:00,04:20:00,315,MUV,MANDUADIH,NDLS,NEW DELHI,255,260
12582,NDLS MUV SF EXP,4,CNB,KANPUR CENTRAL,04:55:00,05:00:00,440,NDLS,NEW DELHI,MUV,MANDUADIH,295,300
12589,GKP SC EXPRESS,10,CNB,KANPUR CENTRAL,13:17:00,13:22:00,353,GKP,GORAKHPUR JN,SC,SECUNDERABAD JN,797,802
12589,GKP SC EXPRESS,21,NGP,NAGPUR,03:50:00,04:00:00,1252,GKP,GORAKHPUR JN,SC,SECUNDERABAD JN,230,240
12590,GORAKHPUR EXP,11,NGP,NAGPUR,17:00:00,17:10:00,578,SC,SECUNDERABAD JN,GKP,GORAKHPUR JN,1020,1030
12590,GORAKHPUR EXP,22,CNB,KANPUR CENTRAL,08:15:00,08:20:00,1477,SC,SECUNDERABAD JN,GKP,GORAKHPUR JN,495,500
12591,GKP YPR EXPRESS,10,CNB,KANPUR CENTRAL,13:17:00,13:22:00,353,GKP,GORAKHPUR JN,YPR,YESVANTPUR JN,797,802
12591,GKP YPR EXPRESS,21,NGP,NAGPUR,03:50:00,04:00:00,1252,GKP,GORAKHPUR JN,YPR,YESVANTPUR JN,230,240
12592,GORAKHPUR EXP,19,NGP,NAGPUR,17:00:00,17:10:00,1265,YPR,YESVANTPUR JN,GKP,GORAKHPUR JN,1020,1030
12592,GORAKHPUR EXP,30,CNB,KANPUR CENTRAL,08:15:00,08:20:00,2165,YPR,YESVANTPUR JN,GKP,GORAKHPUR JN,495,500
12593,LJN BPL G R,2,CNB,KANPUR CENTRAL,00:30:00,00:40:00,74,LJN,LUCKNOW NE,BPL,BHOPAL JN,30,40
12593,LJN BPL G R,4,BINA,BINA JN,07:05:00,07:10:00,446,LJN,LUCKNOW NE,BPL,BHOPAL JN,425,430
12594,LJN GARIB RATH,3,BINA,BINA JN,01:00:00,01:05:00,139,BPL,BHOPAL JN,LJN,LUCKNOW NE,60,65
12594,LJN GARIB RATH,5,CNB,KANPUR CENTRAL,08:15:00,08:20:00,511,BPL,BHOPAL JN,LJN,LUCKNOW NE,495,500
12601,MANGALORE MAIL,6,JTJ,JOLARPETTAI,23:23:00,23:25:00,214,MAS,CHENNAI CENTRAL,MAQ,MANGALORE CNTL,1403,1405
12602,CHENNAI MAIL,28,JTJ,JOLARPETTAI,02:03:00,02:05:00,676,MAQ,MANGALORE CNTL,MAS,CHENNAI CENTRAL,123,125
12607,LALBAGH EXPRESS,8,JTJ,JOLARPETTAI,18:53:00,18:55:00,214,MAS,CHENNAI CENTRAL,SBC,BANGALORE CY JN,1133,1135
12607,LALBAGH EXPRESS,12,BNC,BANGALORE CANT,21:08:00,21:10:00,357,MAS,CHENNAI CENTRAL,SBC,BANGALORE CY JN,1268,1270
12608,LALBAGH EXP,2,BNC,BANGALORE CANT,06:40:00,06:42:00,5,SBC,BANGALORE CY JN,MAS,CHENNAI CENTRAL,400,402
12608,LALBAGH EXP,6,JTJ,JOLARPETTAI,08:44:00,08:45:00,149,SBC,BANGALORE CY JN,MAS,CHENNAI CENTRAL,524,525
12609,BANGALORE EXP,11,JTJ,JOLARPETTAI,17:06:00,17:08:00,214,MAS,CHENNAI CENTRAL,SBC,BANGALORE CY JN,1026,1028
12609,BANGALORE EXP,19,BNC,BANGALORE CANT,19:33:00,19:35:00,357,MAS,CHENNAI CENTRAL,SBC,BANGALORE CY JN,1173,1175
12610,CHENNAI EXPRESS,2,BNC,BANGALORE CANT,08:10:00,08:12:00,5,SBC,BANGALORE CY JN,MAS,CHENNAI CENTRAL,490,492
12610,CHENNAI EXPRESS,8,JTJ,JOLARPETTAI,10:28:00,10:30:00,149,SBC,BANGALORE CY JN,MAS,CHENNAI CENTRAL,628,630
12611,NZM GARIB RATH,4,BZA,VIJAYAWADA JN,11:50:00,12:00:00,431,MAS,CHENNAI CENTRAL,NZM,H NIZAMUDDIN,710,720
12611,NZM GARIB RATH,6,NGP,NAGPUR,20:35:00,20:45:00,1093,MAS,CHENNAI CENTRAL,NZM,H NIZAMUDDIN,1235,1245
12611,NZM GARIB RATH,8,BINA,BINA JN,03:50:00,03:55:00,1620,MAS,CHENNAI CENTRAL,NZM,H NIZAMUDDIN,230,235
12612,MAS GARIB RATH,6,NGP,NAGPUR,05:25:00,05:35:00,1083,NZM,H NIZAMUDDIN,MAS,CHENNAI CENTRAL,325,335
12612,MAS GARIB RATH,8,BZA,VIJAYAWADA JN,14:20:00,14:30:00,1746,NZM,H NIZAMUDDIN,MAS,CHENNAI CENTRAL,860,870
12615,GRAND TRUNK EXP,8,BZA,VIJAYAWADA JN,01:55:00,02:05:00,431,MAS,CHENNAI CENTRAL,NDLS,NEW DELHI,115,125
12615,GRAND TRUNK EXP,19,NGP,NAGPUR,12:15:00,12:25:00,1093,MAS,CHENNAI CENTRAL,NDLS,NEW DELHI,735,745
12615,GRAND TRUNK EXP,26,HBD,HOSHANGABAD,17:38:00,17:40:00,1407,MAS,CHENNAI CENTRAL,NDLS,NEW DELHI,1058,1060
12615,GRAND TRUNK EXP,27,HBJ,HABIBGANJ,18:45:00,18:47:00,1475,MAS,CHENNAI CENTRAL,NDLS,NEW DELHI,1125,1127
12615,GRAND TRUNK EXP,31,BINA,BINA JN,21:25:00,21:30:00,1620,MAS,CHENNAI CENTRAL,NDLS,NEW DELHI,1285,1290
12616,G T EXPRESS,9,BINA,BINA JN,03:15:00,03:20:00,563,NDLS,NEW DELHI,MAS,CHENNAI CENTRAL,195,200
12616,G T EXPRESS,13,HBJ,HABIBGANJ,05:38:00,05:40:00,707,NDLS,NEW DELHI,MAS,CHENNAI CENTRAL,338,340
12616,G T EXPRESS,14,HBD,HOSHANGABAD,06:35:00,06:37:00,775,NDLS,NEW DELHI,MAS,CHENNAI CENTRAL,395,397
12616,G T EXPRESS,21,NGP,NAGPUR,12:20:00,12:30:00,1090,NDLS,NEW DELHI,MAS,CHENNAI CENTRAL,740,750
12616,G T EXPRESS,32,BZA,VIJAYAWADA JN,23:15:00,23:25:00,1752,NDLS,NEW DELHI,MAS,CHENNAI CENTRAL,1395,1405
12617,MANGALA LDWEEP,40,BINA,BINA JN,04:40:00,04:45:00,2511,ERS,ERNAKULAM JN,NZM,H NIZAMUDDIN,280,285
12618,MNGLA LKSDP EXP,8,BINA,BINA JN,17:35:00,17:40:00,556,NZM,H NIZAMUDDIN,ERS,ERNAKULAM JN,1055,1060
12621,TAMIL NADU EXP,2,BZA,VIJAYAWADA JN,04:10:00,04:20:00,431,MAS,CHENNAI CENTRAL,NDLS,NEW DELHI,250,260
12621,TAMIL NADU EXP,5,NGP,NAGPUR,14:10:00,14:20:00,1093,MAS,CHENNAI CENTRAL,NDLS,NEW DELHI,850,860
12622,TAMIL NADU EXP,7,NGP,NAGPUR,14:15:00,14:30:00,1090,NDLS,NEW DELHI,MAS,CHENNAI CENTRAL,855,870
12622,TAMIL NADU EXP,10,BZA,VIJAYAWADA JN,00:15:00,00:25:00,1752,NDLS,NEW DELHI,MAS,CHENNAI CENTRAL,15,25
12625,KERALA EXPRESS,22,JTJ,JOLARPETTAI,00:43:00,00:45:00,709,TVC,TRIVANDRUM CNTL,NDLS,NEW DELHI,43,45
12625,KERALA EXPRESS,26,RU,RENIGUNTA JN,04:10:00,04:20:00,907,TVC,TRIVANDRUM CNTL,NDLS,NEW DELHI,250,260
12625,KERALA EXPRESS,29,BZA,VIJAYAWADA JN,10:00:00,10:15:00,1283,TVC,TRIVANDRUM CNTL,NDLS,NEW DELHI,600,615
12625,KERALA EXPRESS,34,NGP,NAGPUR,20:15:00,20:25:00,1945,TVC,TRIVANDRUM CNTL,NDLS,NEW DELHI,1215,1225
12625,KERALA EXPRESS,37,BINA,BINA JN,04:50:00,04:55:00,2472,TVC,TRIVANDRUM CNTL,NDLS,NEW DELHI,290,295
12626,KERALA EXPRESS,6,BINA,BINA JN,19:35:00,19:40:00,563,NDLS,NEW DELHI,TVC,TRIVANDRUM CNTL,1175,1180
12626,KERALA EXPRESS,9,NGP,NAGPUR,04:00:00,04:10:00,1090,NDLS,NEW DELHI,TVC,TRIVANDRUM CNTL,240,250
12626,KERALA EXPRESS,14,BZA,VIJAYAWADA JN,14:45:00,15:00:00,1754,NDLS,NEW DELHI,TVC,TRIVANDRUM CNTL,885,900
12626,KERALA EXPRESS,17,RU,RENIGUNTA JN,20:30:00,20:40:00,2130,NDLS,NEW DELHI,TVC,TRIVANDRUM CNTL,1230,1240
12626,KERALA EXPRESS,21,JTJ,JOLARPETTAI,00:33:00,00:35:00,2327,NDLS,NEW DELHI,TVC,TRIVANDRUM CNTL,33,35
12627,KARNATAKA EXP,2,BNC,BANGALORE CANT,19:30:00,19:32:00,5,SBC,BANGALORE CY JN,NDLS,NEW DELHI,1170,1172
12627,KARNATAKA EXP,17,SUR,SOLAPUR JN,07:40:00,07:50:00,698,SBC,BANGALORE CY JN,NDLS,NEW DELHI,460,470
12627,KARNATAKA EXP,20,ANG,AHMADNAGAR,11:57:00,12:00:00,970,SBC,BANGALORE CY JN,NDLS,NEW DELHI,717,720
12627,KARNATAKA EXP,24,JL,JALGAON JN,16:39:00,16:40:00,1282,SBC,BANGALORE CY JN,NDLS,NEW DELHI,999,1000
12627,KARNATAKA EXP,30,BINA,BINA JN,01:30:00,01:32:00,1843,SBC,BANGALORE CY JN,NDLS,NEW DELHI,90,92
12628,KARNATAKA EXP,6,BINA,BINA JN,04:55:00,04:57:00,563,NDLS,NEW DELHI,SBC,BANGALORE CY JN,295,297
12628,KARNATAKA EXP,12,JL,JALGAON JN,13:18:00,13:20:00,1124,NDLS,NEW DELHI,SBC,BANGALORE CY JN,798,800
12628,KARNATAKA EXP,16,ANG,AHMADNAGAR,18:27:00,18:30:00,1437,NDLS,NEW DELHI,SBC,BANGALORE CY JN,1107,1110
12628,KARNATAKA EXP,19,SUR,SOLAPUR JN,00:01:00,00:10:00,1708,NDLS,NEW DELHI,SBC,BANGALORE CY JN,1,10
12628,KARNATAKA EXP,34,BNC,BANGALORE CANT,13:08:00,13:10:00,2402,NDLS,NEW DELHI,SBC,BANGALORE CY JN,788,790
12629,SAMPARK KRANTI,8,PUNE,PUNE JN,08:45:00,09:00:00,1022,YPR,YESVANTPUR JN,NZM,H NIZAMUDDIN,525,540
12630,YPR S KRNTI EXP,4,PUNE,PUNE JN,11:05:00,11:20:00,1589,NZM,H NIZAMUDDIN,YPR,YESVANTPUR JN,665,680
12639,BRINDAVAN EXP,8,JTJ,JOLARPETTAI,11:05:00,11:07:00,214,MAS,CHENNAI CENTRAL,SBC,BANGALORE CY JN,665,667
12639,BRINDAVAN EXP,12,BNC,BANGALORE CANT,13:18:00,13:20:00,357,MAS,CHENNAI CENTRAL,SBC,BANGALORE CY JN,798,800
12640,BRINDAVAN EXP,2,BNC,BANGALORE CANT,15:10:00,15:12:00,5,SBC,BANGALORE CY JN,MAS,CHENNAI CENTRAL,910,912
12640,BRINDAVAN EXP,6,JTJ,JOLARPETTAI,17:13:00,17:15:00,149,SBC,BANGALORE CY JN,MAS,CHENNAI CENTRAL,1033,1035
12641,TIRUKKURAL EXP,19,BZA,VIJAYAWADA JN,15:55:00,16:10:00,1177,CAPE,KANYAKUMARI,NZM,H NIZAMUDDIN,955,970
12641,TIRUKKURAL EXP,21,NGP,NAGPUR,02:00:00,02:10:00,1839,CAPE,KANYAKUMARI,NZM,H NIZAMUDDIN,120,130
12642,THIRUKKURAL EXP,7,NGP,NAGPUR,00:05:00,00:15:00,1083,NZM,H NIZAMUDDIN,CAPE,KANYAKUMARI,5,15
12642,THIRUKKURAL EXP,9,BZA,VIJAYAWADA JN,10:35:00,10:50:00,1745,NZM,H NIZAMUDDIN,CAPE,KANYAKUMARI,635,650
12643,NIZAMUDDIN EXP,18,RU,RENIGUNTA JN,07:50:00,08:00:00,893,TVC,TRIVANDRUM CNTL,NZM,H NIZAMUDDIN,470,480
12643,NIZAMUDDIN EXP,21,BZA,VIJAYAWADA JN,14:15:00,14:35:00,1268,TVC,TRIVANDRUM CNTL,NZM,H NIZAMUDDIN,855,875
12643,NIZAMUDDIN EXP,24,NGP,NAGPUR,00:20:00,00:30:00,1931,TVC,TRIVANDRUM CNTL,NZM,H NIZAMUDDIN,20,30
12643,NIZAMUDDIN EXP,28,BINA,BINA JN,08:20:00,08:25:00,2458,TVC,TRIVANDRUM CNTL,NZM,H NIZAMUDDIN,500,505
12644,SWARNA JAYANTI,7,BINA,BINA JN,15:00:00,15:05:00,556,NZM,H NIZAMUDDIN,TVC,TRIVANDRUM CNTL,900,905
12644,SWARNA JAYANTI,11,NGP,NAGPUR,23:15:00,23:25:00,1083,NZM,H NIZAMUDDIN,TVC,TRIVANDRUM CNTL,1395,1405
12644,SWARNA JAYANTI,14,BZA,VIJAYAWADA JN,10:20:00,10:35:00,1745,NZM,H NIZAMUDDIN,TVC,TRIVANDRUM CNTL,620,635
12644,SWARNA JAYANTI,16,RU,RENIGUNTA JN,16:20:00,16:30:00,2121,NZM,H NIZAMUDDIN,TVC,TRIVANDRUM CNTL,980,990
12645,NIZAMUDDIN EXP,11,JTJ,JOLARPETTAI,03:43:00,03:45:00,489,ERS,ERNAKULAM JN,NZM,H NIZAMUDDIN,223,225
12645,NIZAMUDDIN EXP,15,RU,RENIGUNTA JN,07:50:00,08:00:00,687,ERS,ERNAKULAM JN,NZM,H NIZAMUDDIN,470,480
12645,NIZAMUDDIN EXP,18,BZA,VIJAYAWADA JN,14:15:00,14:35:00,1063,ERS,ERNAKULAM JN,NZM,H NIZAMUDDIN,855,875
12645,NIZAMUDDIN EXP,21,NGP,NAGPUR,00:20:00,00:30:00,1725,ERS,ERNAKULAM JN,NZM,H NIZAMUDDIN,20,30
12645,NIZAMUDDIN EXP,25,BINA,BINA JN,08:20:00,08:25:00,2252,ERS,ERNAKULAM JN,NZM,H NIZAMUDDIN,500,505
12646,ERS MILLENUM EX,7,BINA,BINA JN,15:00:00,15:05:00,556,NZM,H NIZAMUDDIN,ERS,ERNAKULAM JN,900,905
12646,ERS MILLENUM EX,11,NGP,NAGPUR,23:15:00,23:25:00,1083,NZM,H NIZAMUDDIN,ERS,ERNAKULAM JN,1395,1405
12646,ERS MILLENUM EX,14,BZA,VIJAYAWADA JN,10:20:00,10:35:00,1745,NZM,H NIZAMUDDIN,ERS,ERNAKULAM JN,620,635
12646,ERS MILLENUM EX,16,RU,RENIGUNTA JN,16:20:00,16:30:00,2121,NZM,H NIZAMUDDIN,ERS,ERNAKULAM JN,980,990
12646,ERS MILLENUM EX,20,JTJ,JOLARPETTAI,20:33:00,20:35:00,2319,NZM,H NIZAMUDDIN,ERS,ERNAKULAM JN,1233,1235
12647,KONGU EXPRESS,21,NGP,NAGPUR,21:00:00,21:10:00,1593,CBE,COIMBATORE JN,NZM,H NIZAMUDDIN,1260,1270
12647,KONGU EXPRESS,25,BINA,BINA JN,05:20:00,05:25:00,2120,CBE,COIMBATORE JN,NZM,H NIZAMUDDIN,320,325
12648,KONGU EXPRESS,7,BINA,BINA JN,17:00:00,17:05:00,556,NZM,H NIZAMUDDIN,CBE,COIMBATORE JN,1020,1025
12648,KONGU EXPRESS,11,NGP,NAGPUR,01:40:00,01:50:00,1083,NZM,H NIZAMUDDIN,CBE,COIMBATORE JN,100,110
12649,SAMPARK KRANTI,6,NGP,NAGPUR,17:05:00,17:15:00,1195,YPR,YESVANTPUR JN,NZM,H NIZAMUDDIN,1025,1035
12650,KTK SMPRK K EXP,4,NGP,NAGPUR,22:10:00,22:20:00,1083,NZM,H NIZAMUDDIN,YPR,YESVANTPUR JN,1330,1340
12651,SAMPARK KRANTI,12,BZA,VIJAYAWADA JN,15:55:00,16:10:00,931,MDU,MADURAI JN,NZM,H NIZAMUDDIN,955,970
12651,SAMPARK KRANTI,14,NGP,NAGPUR,02:00:00,02:10:00,1593,MDU,MADURAI JN,NZM,H NIZAMUDDIN,120,130
12652,T N SMPRK KRNTI,4,NGP,NAGPUR,00:05:00,00:15:00,1083,NZM,H NIZAMUDDIN,MDU,MADURAI JN,5,15
12652,T N SMPRK KRNTI,5,BZA,VIJAYAWADA JN,10:35:00,10:50:00,1745,NZM,H NIZAMUDDIN,MDU,MADURAI JN,635,650
12655,NAVJEEVAN EXP,12,JL,JALGAON JN,16:58:00,17:00:00,540,ADI,AHMEDABAD JN,MAS,CHENNAI CENTRAL,1018,1020
12655,NAVJEEVAN EXP,14,MKU,MALKAPUR,18:26:00,18:28:00,614,ADI,AHMEDABAD JN,MAS,CHENNAI CENTRAL,1106,1108
12655,NAVJEEVAN EXP,16,SEG,SHEGAON,19:08:00,19:10:00,667,ADI,AHMEDABAD JN,MAS,CHENNAI CENTRAL,1148,1150
12655,NAVJEEVAN EXP,17,AK,AKOLA JN,19:40:00,19:45:00,704,ADI,AHMEDABAD JN,MAS,CHENNAI CENTRAL,1180,1185
12655,NAVJEEVAN EXP,18,MZR,MURTAJAPUR,20:13:00,20:15:00,742,ADI,AHMEDABAD JN,MAS,CHENNAI CENTRAL,1213,1215
12655,NAVJEEVAN EXP,19,BD,BADNERA JN,21:05:00,21:10:00,783,ADI,AHMEDABAD JN,MAS,CHENNAI CENTRAL,1265,1270
12655,NAVJEEVAN EXP,21,WR,WARDHA JN,22:35:00,22:38:00,878,ADI,AHMEDABAD JN,MAS,CHENNAI CENTRAL,1355,1358
12655,NAVJEEVAN EXP,31,BZA,VIJAYAWADA JN,08:45:00,09:00:00,1461,ADI,AHMEDABAD JN,MAS,CHENNAI CENTRAL,525,540
12656,NAVAJIVAN EXP,9,BZA,VIJAYAWADA JN,16:30:00,16:45:00,431,MAS,CHENNAI CENTRAL,ADI,AHMEDABAD JN,990,1005
12656,NAVAJIVAN EXP,19,WR,WARDHA JN,02:31:00,02:34:00,1014,MAS,CHENNAI CENTRAL,ADI,AHMEDABAD JN,151,154
12656,NAVAJIVAN EXP,21,BD,BADNERA JN,04:15:00,04:20:00,1109,MAS,CHENNAI CENTRAL,ADI,AHMEDABAD JN,255,260
12656,NAVAJIVAN EXP,22,MZR,MURTAJAPUR,04:48:00,04:50:00,1150,MAS,CHENNAI CENTRAL,ADI,AHMEDABAD JN,288,290
12656,NAVAJIVAN EXP,23,AK,AKOLA JN,05:15:00,05:20:00,1188,MAS,CHENNAI CENTRAL,ADI,AHMEDABAD JN,315,320
12656,NAVAJIVAN EXP,24,SEG,SHEGAON,05:49:00,05:50:00,1225,MAS,CHENNAI CENTRAL,ADI,AHMEDABAD JN,349,350
12656,NAVAJIVAN EXP,26,MKU,MALKAPUR,06:29:00,06:30:00,1278,MAS,CHENNAI CENTRAL,ADI,AHMEDABAD JN,389,390
12656,NAVAJIVAN EXP,28,JL,JALGAON JN,08:54:00,08:55:00,1352,MAS,CHENNAI CENTRAL,ADI,AHMEDABAD JN,534,535
12657,BANGALORE MAIL,5,JTJ,JOLARPETTAI,02:23:00,02:25:00,214,MAS,CHENNAI CENTRAL,SBC,BANGALORE CY JN,143,145
12657,BANGALORE MAIL,8,BNC,BANGALORE CANT,04:31:00,04:35:00,357,MAS,CHENNAI CENTRAL,SBC,BANGALORE CY JN,271,275
12658,CHENNAI MAIL,2,BNC,BANGALORE CANT,22:50:00,22:52:00,5,SBC,BANGALORE CY JN,MAS,CHENNAI CENTRAL,1370,1372
12658,CHENNAI MAIL,4,JTJ,JOLARPETTAI,00:58:00,01:00:00,149,SBC,BANGALORE CY JN,MAS,CHENNAI CENTRAL,58,60
12659,GURUDEV EXPRESS,18,JTJ,JOLARPETTAI,06:03:00,06:05:00,780,NCJ,NAGERCOIL JN,SHM,SHALIMAR,363,365
12659,GURUDEV EXPRESS,22,RU,RENIGUNTA JN,09:50:00,10:00:00,978,NCJ,NAGERCOIL JN,SHM,SHALIMAR,590,600
12659,GURUDEV EXPRESS,28,BZA,VIJAYAWADA JN,16:05:00,16:20:00,1354,NCJ,NAGERCOIL JN,SHM,SHALIMAR,965,980
12659,GURUDEV EXPRESS,32,VSKP,VISAKHAPATNAM,22:55:00,23:15:00,1704,NCJ,NAGERCOIL JN,SHM,SHALIMAR,1375,1395
12659,GURUDEV EXPRESS,39,BBS,BHUBANESWAR,06:10:00,06:15:00,2147,NCJ,NAGERCOIL JN,SHM,SHALIMAR,370,375
12659,GURUDEV EXPRESS,44,KGP,KHARAGPUR JN,11:25:00,11:40:00,2471,NCJ,NAGERCOIL JN,SHM,SHALIMAR,685,700
12660,GURUDEV EXPRESS,3,KGP,KHARAGPUR JN,00:55:00,01:45:00,113,SHM,SHALIMAR,NCJ,NAGERCOIL JN,55,105
12660,GURUDEV EXPRESS,8,BBS,BHUBANESWAR,06:25:00,06:30:00,437,SHM,SHALIMAR,NCJ,NAGERCOIL JN,385,390
12660,GURUDEV EXPRESS,15,VSKP,VISAKHAPATNAM,14:20:00,14:40:00,880,SHM,SHALIMAR,NCJ,NAGERCOIL JN,860,880
12660,GURUDEV EXPRESS,19,BZA,VIJAYAWADA JN,20:40:00,20:55:00,1230,SHM,SHALIMAR,NCJ,NAGERCOIL JN,1240,1255
12660,GURUDEV EXPRESS,25,RU,RENIGUNTA JN,03:00:00,03:10:00,1606,SHM,SHALIMAR,NCJ,NAGERCOIL JN,180,190
12660,GURUDEV EXPRESS,29,JTJ,JOLARPETTAI,06:53:00,06:55:00,1804,SHM,SHALIMAR,NCJ,NAGERCOIL JN,413,415
12663,HWH TPJ EXPRESS,1,HWH,HOWRAH JN,00:00:00,16:10:00,0,HWH,HOWRAH JN,TPJ,TIRUCHCHIRAPALI,0,970
12663,HWH TPJ EXPRESS,2,KGP,KHARAGPUR JN,17:55:00,18:00:00,116,HWH,HOWRAH JN,TPJ,TIRUCHCHIRAPALI,1075,1080
12663,HWH TPJ EXPRESS,6,BBS,BHUBANESWAR,22:35:00,22:40:00,462,HWH,HOWRAH JN,TPJ,TIRUCHCHIRAPALI,1355,1360
12663,HWH TPJ EXPRESS,10,VSKP,VISAKHAPATNAM,05:40:00,06:00:00,904,HWH,HOWRAH JN,TPJ,TIRUCHCHIRAPALI,340,360
12663,HWH TPJ EXPRESS,13,BZA,VIJAYAWADA JN,11:40:00,11:55:00,1255,HWH,HOWRAH JN,TPJ,TIRUCHCHIRAPALI,700,715
12664,HOWRAH EXPRESS,13,BZA,VIJAYAWADA JN,05:30:00,05:40:00,771,TPJ,TIRUCHCHIRAPALI,HWH,HOWRAH JN,330,340
12664,HOWRAH EXPRESS,16,VSKP,VISAKHAPATNAM,11:45:00,12:05:00,1121,TPJ,TIRUCHCHIRAPALI,HWH,HOWRAH JN,705,725
12664,HOWRAH EXPRESS,20,BBS,BHUBANESWAR,18:45:00,18:50:00,1564,TPJ,TIRUCHCHIRAPALI,HWH,HOWRAH JN,1125,1130
12664,HOWRAH EXPRESS,24,KGP,KHARAGPUR JN,00:30:00,01:00:00,1910,TPJ,TIRUCHCHIRAPALI,HWH,HOWRAH JN,30,60
12664,HOWRAH EXPRESS,25,HWH,HOWRAH JN,03:20:00,00:00:00,2025,TPJ,TIRUCHCHIRAPALI,HWH,HOWRAH JN,200,0
12665,KANNYAKUMARI EX,1,HWH,HOWRAH JN,00:00:00,16:10:00,0,HWH,HOWRAH JN,CAPE,KANYAKUMARI,0,970
12665,KANNYAKUMARI EX,2,KGP,KHARAGPUR JN,17:55:00,18:00:00,116,HWH,HOWRAH JN,CAPE,KANYAKUMARI,1075,1080
12665,KANNYAKUMARI EX,5,BBS,BHUBANESWAR,22:35:00,22:40:00,462,HWH,HOWRAH JN,CAPE,KANYAKUMARI,1355,1360
12665,KANNYAKUMARI EX,8,VSKP,VISAKHAPATNAM,05:40:00,06:00:00,904,HWH,HOWRAH JN,CAPE,KANYAKUMARI,340,360
12665,KANNYAKUMARI EX,11,BZA,VIJAYAWADA JN,11:40:00,11:55:00,1255,HWH,HOWRAH JN,CAPE,KANYAKUMARI,700,715
12666,CAPE HOWRAH EXP,23,BZA,VIJAYAWADA JN,05:30:00,05:40:00,1177,CAPE,KANYAKUMARI,HWH,HOWRAH JN,330,340
12666,CAPE HOWRAH EXP,26,VSKP,VISAKHAPATNAM,11:45:00,12:05:00,1527,CAPE,KANYAKUMARI,HWH,HOWRAH JN,705,725
12666,CAPE HOWRAH EXP,29,BBS,BHUBANESWAR,18:45:00,18:50:00,1969,CAPE,KANYAKUMARI,HWH,HOWRAH JN,1125,1130
12666,CAPE HOWRAH EXP,32,KGP,KHARAGPUR JN,00:30:00,01:00:00,2315,CAPE,KANYAKUMARI,HWH,HOWRAH JN,30,60
12666,CAPE HOWRAH EXP,33,HWH,HOWRAH JN,03:20:00,00:00:00,2431,CAPE,KANYAKUMARI,HWH,HOWRAH JN,200,0
12669,GANGAKAVERI EXP,4,BZA,VIJAYAWADA JN,00:10:00,00:20:00,431,MAS,CHENNAI CENTRAL,CPR,CHHAPRA,10,20
12669,GANGAKAVERI EXP,12,NGP,NAGPUR,11:45:00,11:55:00,1093,MAS,CHENNAI CENTRAL,CPR,CHHAPRA,705,715
12670,GANGAKAVERI EXP,14,NGP,NAGPUR,19:30:00,19:40:00,1250,CPR,CHHAPRA,MAS,CHENNAI CENTRAL,1170,1180
12670,GANGAKAVERI EXP,21,BZA,VIJAYAWADA JN,07:10:00,07:30:00,1912,CPR,CHHAPRA,MAS,CHENNAI CENTRAL,430,450
12673,CHERAN EXPRESS,4,JTJ,JOLARPETTAI,01:18:00,01:20:00,214,MAS,CHENNAI CENTRAL,CBE,COIMBATORE JN,78,80
12674,CHERAN EXPRESS,6,JTJ,JOLARPETTAI,03:03:00,03:05:00,284,CBE,COIMBATORE JN,MAS,CHENNAI CENTRAL,183,185
12675,KOVAI EXPRESS,7,JTJ,JOLARPETTAI,09:18:00,09:20:00,214,MAS,CHENNAI CENTRAL,CBE,COIMBATORE JN,558,560
12676,KOVAI EXP,8,JTJ,JOLARPETTAI,18:53:00,18:55:00,284,CBE,COIMBATORE JN,MAS,CHENNAI CENTRAL,1133,1135
12677,ERNAKULAM EXP,2,BNC,BANGALORE CANT,06:25:00,06:27:00,5,SBC,BANGALORE CY JN,ERS,ERNAKULAM JN,385,387
12678,BANGALORE EXP,16,BNC,BANGALORE CANT,19:20:00,19:22:00,583,ERS,ERNAKULAM JN,SBC,BANGALORE CY JN,1160,1162
12679,COIMBATORE EXP,6,JTJ,JOLARPETTAI,17:28:00,17:30:00,214,MAS,CHENNAI CENTRAL,CBE,COIMBATORE JN,1048,1050
12680,CHENNAI EXPRESS,8,JTJ,JOLARPETTAI,10:18:00,10:20:00,284,CBE,COIMBATORE JN,MAS,CHENNAI CENTRAL,618,620
12683,BANGALORE SF EX,13,BNC,BANGALORE CANT,03:38:00,03:40:00,620,ERS,ERNAKULAM JN,SBC,BANGALORE CY JN,218,220
12684,ERNAKULAM SF EX,2,BNC,BANGALORE CANT,18:55:00,18:57:00,5,SBC,BANGALORE CY JN,ERS,ERNAKULAM JN,1135,1137
12687,DEHRADUN EXP,6,JTJ,JOLARPETTAI,05:48:00,05:50:00,388,MDU,MADURAI JN,DDN,DEHRADUN,348,350
12687,DEHRADUN EXP,13,BZA,VIJAYAWADA JN,16:40:00,17:00:00,1031,MDU,MADURAI JN,DDN,DEHRADUN,1000,1020
12687,DEHRADUN EXP,18,NGP,NAGPUR,03:40:00,03:50:00,1694,MDU,MADURAI JN,DDN,DEHRADUN,220,230
12688,DDN MDU SF EXP,14,NGP,NAGPUR,08:25:00,08:40:00,1394,DDN,DEHRADUN,MDU,MADURAI JN,505,520
12688,DDN MDU SF EXP,20,BZA,VIJAYAWADA JN,19:05:00,19:20:00,2056,DDN,DEHRADUN,MDU,MADURAI JN,1145,1160
12688,DDN MDU SF EXP,27,JTJ,JOLARPETTAI,05:58:00,06:00:00,2699,DDN,DEHRADUN,MDU,MADURAI JN,358,360
12689,NAGERCOIL EXP,4,JTJ,JOLARPETTAI,21:23:00,21:25:00,214,MAS,CHENNAI CENTRAL,NCJ,NAGERCOIL JN,1283,1285
12690,NCJ CHENNAI EXP,17,JTJ,JOLARPETTAI,08:48:00,08:50:00,714,NCJ,NAGERCOIL JN,MAS,CHENNAI CENTRAL,528,530
12691,SSPN EXPRESS,6,JTJ,JOLARPETTAI,02:43:00,02:45:00,214,MAS,CHENNAI CENTRAL,SSPN,SAI P NILAYAM,163,165
12691,SSPN EXPRESS,9,BNC,BANGALORE CANT,04:58:00,05:00:00,357,MAS,CHENNAI CENTRAL,SSPN,SAI P NILAYAM,298,300
12692,CHENNAI EXPRESS,4,BNC,BANGALORE CANT,23:10:00,23:12:00,172,SSPN,SAI P NILAYAM,MAS,CHENNAI CENTRAL,1390,1392
12692,CHENNAI EXPRESS,9,JTJ,JOLARPETTAI,01:30:00,01:32:00,316,SSPN,SAI P NILAYAM,MAS,CHENNAI CENTRAL,90,92
12695,TRIVANDRUM EXP,5,JTJ,JOLARPETTAI,18:38:00,18:40:00,214,MAS,CHENNAI CENTRAL,TVC,TRIVANDRUM CNTL,1118,1120
12696,TVC CHENNAI EXP,19,JTJ,JOLARPETTAI,06:33:00,06:35:00,709,TVC,TRIVANDRUM CNTL,MAS,CHENNAI CENTRAL,393,395
12697,TRIVANDRUM EXP,3,JTJ,JOLARPETTAI,18:18:00,18:20:00,214,MAS,CHENNAI CENTRAL,TVC,TRIVANDRUM CNTL,1098,1100
12698,TVC CHENNAI EXP,13,JTJ,JOLARPETTAI,08:48:00,08:50:00,696,TVC,TRIVANDRUM CNTL,MAS,CHENNAI CENTRAL,528,530
12701,HUSAINSAGAR EXP,3,PUNE,PUNE JN,01:20:00,01:25:00,192,CSTM,MUMBAI CST,HYB,HYDERABAD DECAN,80,85
12701,HUSAINSAGAR EXP,5,SUR,SOLAPUR JN,05:25:00,05:35:00,455,CSTM,MUMBAI CST,HYB,HYDERABAD DECAN,325,335
12702,HUSSAINSAGAR EX,12,SUR,SOLAPUR JN,20:50:00,21:00:00,335,HYB,HYDERABAD DECAN,CSTM,MUMBAI CST,1250,1260
12702,HUSSAINSAGAR EX,14,PUNE,PUNE JN,01:10:00,01:15:00,598,HYB,HYDERABAD DECAN,CSTM,MUMBAI CST,70,75
12703,FALAKNUMA EXP,1,HWH,HOWRAH JN,00:00:00,07:25:00,0,HWH,HOWRAH JN,SC,SECUNDERABAD JN,0,445
12703,FALAKNUMA EXP,2,KGP,KHARAGPUR JN,09:05:00,09:10:00,116,HWH,HOWRAH JN,SC,SECUNDERABAD JN,545,550
12703,FALAKNUMA EXP,7,BBS,BHUBANESWAR,13:55:00,14:00:00,439,HWH,HOWRAH JN,SC,SECUNDERABAD JN,835,840
12703,FALAKNUMA EXP,15,VSKP,VISAKHAPATNAM,21:10:00,21:30:00,882,HWH,HOWRAH JN,SC,SECUNDERABAD JN,1270,1290
12703,FALAKNUMA EXP,20,BZA,VIJAYAWADA JN,03:20:00,03:35:00,1232,HWH,HOWRAH JN,SC,SECUNDERABAD JN,200,215
12704,FALAKNUMA EXP,6,BZA,VIJAYAWADA JN,21:25:00,21:40:00,313,SC,SECUNDERABAD JN,HWH,HOWRAH JN,1285,1300
12704,FALAKNUMA EXP,11,VSKP,VISAKHAPATNAM,03:30:00,03:50:00,664,SC,SECUNDERABAD JN,HWH,HOWRAH JN,210,230
12704,FALAKNUMA EXP,19,BBS,BHUBANESWAR,10:45:00,10:50:00,1106,SC,SECUNDERABAD JN,HWH,HOWRAH JN,645,650
12704,FALAKNUMA EXP,24,KGP,KHARAGPUR JN,15:25:00,15:30:00,1430,SC,SECUNDERABAD JN,HWH,HOWRAH JN,925,930
12704,FALAKNUMA EXP,26,HWH,HOWRAH JN,17:45:00,00:00:00,1545,SC,SECUNDERABAD JN,HWH,HOWRAH JN,1065,0
12705,GNT SC EXP,3,BZA,VIJAYAWADA JN,15:50:00,16:00:00,32,GNT,GUNTUR JN,SC,SECUNDERABAD JN,950,960
12706,SC GNT EXP,12,BZA,VIJAYAWADA JN,13:30:00,13:35:00,351,SC,SECUNDERABAD JN,GNT,GUNTUR JN,810,815
12707,A P SMPRK KRNTI,2,RU,RENIGUNTA JN,06:00:00,06:02:00,10,TPTY,TIRUPATI,NZM,H NIZAMUDDIN,360,362
12707,A P SMPRK KRNTI,17,NGP,NAGPUR,02:00:00,02:10:00,1221,TPTY,TIRUPATI,NZM,H NIZAMUDDIN,120,130
12708,AP SMPRK KRANTI,4,NGP,NAGPUR,00:05:00,00:15:00,1083,NZM,H NIZAMUDDIN,TPTY,TIRUPATI,5,15
12708,AP SMPRK KRANTI,19,RU,RENIGUNTA JN,21:00:00,21:02:00,2293,NZM,H NIZAMUDDIN,TPTY,TIRUPATI,1260,1262
12709,SIMHAPURI EXP,11,BZA,VIJAYAWADA JN,02:35:00,02:45:00,293,GDR,GUDUR JN,SC,SECUNDERABAD JN,155,165
12710,SIMHAPURI EXP,7,BZA,VIJAYAWADA JN,04:25:00,04:35:00,351,SC,SECUNDERABAD JN,GDR,GUDUR JN,265,275
12711,PINAKINI EXP,1,BZA,VIJAYAWADA JN,00:00:00,06:00:00,0,BZA,VIJAYAWADA JN,MAS,CHENNAI CENTRAL,0,360
12712,PINAKINI EXP,13,BZA,VIJAYAWADA JN,21:10:00,00:00:00,431,MAS,CHENNAI CENTRAL,BZA,VIJAYAWADA JN,1270,0
12713,SATAVAHANA EXP,1,BZA,VIJAYAWADA JN,00:00:00,06:10:00,0,BZA,VIJAYAWADA JN,SC,SECUNDERABAD JN,0,370
12714,SATAVAHANA EXP,9,BZA,VIJAYAWADA JN,22:10:00,00:00:00,351,SC,SECUNDERABAD JN,BZA,VIJAYAWADA JN,1330,0
12715,SACHKHAND EXP,2,PAU,PURNA JN,10:00:00,10:02:00,31,NED,H SAHIB NANDED,ASR,AMRITSAR JN,600,602
12715,SACHKHAND EXP,8,JL,JALGAON JN,17:53:00,17:55:00,510,NED,H SAHIB NANDED,ASR,AMRITSAR JN,1073,1075
12715,SACHKHAND EXP,14,BINA,BINA JN,02:46:00,02:48:00,1071,NED,H SAHIB NANDED,ASR,AMRITSAR JN,166,168
12716,ASR NED EXPRESS,23,BINA,BINA JN,22:20:00,22:22:00,1010,ASR,AMRITSAR JN,NED,H SAHIB NANDED,1340,1342
12716,ASR NED EXPRESS,29,JL,JALGAON JN,06:53:00,06:55:00,1571,ASR,AMRITSAR JN,NED,H SAHIB NANDED,413,415
12716,ASR NED EXPRESS,35,PAU,PURNA JN,14:43:00,14:45:00,2050,ASR,AMRITSAR JN,NED,H SAHIB NANDED,883,885
12717,RATNACHALAM EXP,1,VSKP,VISAKHAPATNAM,00:00:00,12:40:00,0,VSKP,VISAKHAPATNAM,BZA,VIJAYAWADA JN,0,760
12717,RATNACHALAM EXP,12,BZA,VIJAYAWADA JN,18:35:00,00:00:00,351,VSKP,VISAKHAPATNAM,BZA,VIJAYAWADA JN,1115,0
12718,RATNACHAL EXP,1,BZA,VIJAYAWADA JN,00:00:00,06:05:00,0,BZA,VIJAYAWADA JN,VSKP,VISAKHAPATNAM,0,365
12718,RATNACHAL EXP,13,VSKP,VISAKHAPATNAM,12:05:00,00:00:00,351,BZA,VIJAYAWADA JN,VSKP,VISAKHAPATNAM,725,0
12719,AII HYB SF EXP,12,AK,AKOLA JN,15:20:00,15:25:00,1193,AII,AJMER JN,HYB,HYDERABAD DECAN,920,925
12719,AII HYB SF EXP,16,PAU,PURNA JN,18:30:00,18:40:00,1400,AII,AJMER JN,HYB,HYDERABAD DECAN,1110,1120
12720,HYB AII SUP EXP,8,PAU,PURNA JN,02:00:00,02:10:00,312,HYB,HYDERABAD DECAN,AII,AJMER JN,120,130
12720,HYB AII SUP EXP,12,AK,AKOLA JN,05:40:00,05:45:00,519,HYB,HYDERABAD DECAN,AII,AJMER JN,340,345
12721,NIZAMUDDIN EXP,21,NGP,NAGPUR,09:15:00,09:25:00,587,HYB,HYDERABAD DECAN,NZM,H NIZAMUDDIN,555,565
12721,NIZAMUDDIN EXP,30,HBD,HOSHANGABAD,15:13:00,15:15:00,902,HYB,HYDERABAD DECAN,NZM,H NIZAMUDDIN,913,915
12721,NIZAMUDDIN EXP,31,HBJ,HABIBGANJ,16:18:00,16:20:00,970,HYB,HYDERABAD DECAN,NZM,H NIZAMUDDIN,978,980
12721,NIZAMUDDIN EXP,36,BINA,BINA JN,19:00:00,19:05:00,1114,HYB,HYDERABAD DECAN,NZM,H NIZAMUDDIN,1140,1145
12722,DAKSHIN EXPRESS,9,BZA,VIJAYAWADA JN,06:45:00,07:05:00,1747,NZM,H NIZAMUDDIN,HYB,HYDERABAD DECAN,405,425
12722,DAKSHIN EXPRESS,13,BINA,BINA JN,07:55:00,08:00:00,556,NZM,H NIZAMUDDIN,HYB,HYDERABAD DECAN,475,480
12722,DAKSHIN EXPRESS,18,HBJ,HABIBGANJ,10:30:00,10:32:00,700,NZM,H NIZAMUDDIN,HYB,HYDERABAD DECAN,630,632
12722,DAKSHIN EXPRESS,19,HBD,HOSHANGABAD,11:30:00,11:32:00,768,NZM,H NIZAMUDDIN,HYB,HYDERABAD DECAN,690,692
12722,DAKSHIN EXPRESS,19,VSKP,VISAKHAPATNAM,13:30:00,00:00:00,2097,NZM,H NIZAMUDDIN,HYB,HYDERABAD DECAN,810,0
12722,DAKSHIN EXPRESS,21,VSKP,VISAKHAPATNAM,13:30:00,00:00:00,2097,NZM,H NIZAMUDDIN,HYB,HYDERABAD DECAN,810,0
12722,DAKSHIN EXPRESS,28,NGP,NAGPUR,17:35:00,17:45:00,1083,NZM,H NIZAMUDDIN,HYB,HYDERABAD DECAN,1055,1065
12723,A P EXP,10,NGP,NAGPUR,15:45:00,15:55:00,587,HYB,HYDERABAD DECAN,NDLS,NEW DELHI,945,955
12724,A P EXPRESS,9,NGP,NAGPUR,09:40:00,09:50:00,1090,NDLS,NEW DELHI,HYB,HYDERABAD DECAN,580,590
12727,GODAVARI EXP,1,VSKP,VISAKHAPATNAM,00:00:00,17:25:00,0,VSKP,VISAKHAPATNAM,HYB,HYDERABAD DECAN,0,1045
12727,GODAVARI EXP,15,BZA,VIJAYAWADA JN,23:40:00,23:55:00,351,VSKP,VISAKHAPATNAM,HYB,HYDERABAD DECAN,1420,1435
12728,GODAVARI EXP,7,BZA,VIJAYAWADA JN,23:05:00,23:20:00,360,HYB,HYDERABAD DECAN,VSKP,VISAKHAPATNAM,1385,1400
12728,GODAVARI EXP,21,VSKP,VISAKHAPATNAM,05:50:00,00:00:00,711,HYB,HYDERABAD DECAN,VSKP,VISAKHAPATNAM,350,0
12729,PUNE NANDED EXP,1,PUNE,PUNE JN,00:00:00,22:00:00,0,PUNE,PUNE JN,NED,H SAHIB NANDED,0,1320
12729,PUNE NANDED EXP,3,ANG,AHMADNAGAR,00:40:00,00:43:00,160,PUNE,PUNE JN,NED,H SAHIB NANDED,40,43
12729,PUNE NANDED EXP,15,PAU,PURNA JN,08:53:00,08:55:00,632,PUNE,PUNE JN,NED,H SAHIB NANDED,533,535
12730,PUNE EXPRESS,2,PAU,PURNA JN,21:53:00,21:55:00,31,NED,H SAHIB NANDED,PUNE,PUNE JN,1313,1315
12730,PUNE EXPRESS,14,ANG,AHMADNAGAR,05:32:00,05:35:00,503,NED,H SAHIB NANDED,PUNE,PUNE JN,332,335
12730,PUNE EXPRESS,16,PUNE,PUNE JN,09:20:00,00:00:00,662,NED,H SAHIB NANDED,PUNE,PUNE JN,560,0
12733,NARAYANADRI EXP,2,RU,RENIGUNTA JN,18:40:00,18:42:00,10,TPTY,TIRUPATI,SC,SECUNDERABAD JN,1120,1122
12734,NARAYANADRI EXP,22,RU,RENIGUNTA JN,05:30:00,05:32:00,651,SC,SECUNDERABAD JN,TPTY,TIRUPATI,330,332
12737,GOUTAMI EXP,10,BZA,VIJAYAWADA JN,00:15:00,00:30:00,214,COA,KAKINADA PORT,SC,SECUNDERABAD JN,15,30
12738,GOUTAMI EXP,12,BZA,VIJAYAWADA JN,03:00:00,03:15:00,351,SC,SECUNDERABAD JN,COA,KAKINADA PORT,180,195
12739,VSKP GARIB RATH,1,VSKP,VISAKHAPATNAM,00:00:00,20:30:00,0,VSKP,VISAKHAPATNAM,SC,SECUNDERABAD JN,0,1230
12739,VSKP GARIB RATH,9,BZA,VIJAYAWADA JN,02:10:00,02:25:00,351,VSKP,VISAKHAPATNAM,SC,SECUNDERABAD JN,130,145
12740,VSKP GARIB RATH,4,BZA,VIJAYAWADA JN,01:40:00,01:55:00,351,SC,SECUNDERABAD JN,VSKP,VISAKHAPATNAM,100,115
12740,VSKP GARIB RATH,12,VSKP,VISAKHAPATNAM,07:30:00,00:00:00,701,SC,SECUNDERABAD JN,VSKP,VISAKHAPATNAM,450,0
12759,CHARMINAR EXP,10,BZA,VIJAYAWADA JN,01:10:00,01:20:00,431,MAS,CHENNAI CENTRAL,HYB,HYDERABAD DECAN,70,80
12760,CHARMINAR EXP,8,BZA,VIJAYAWADA JN,01:00:00,01:10:00,360,HYB,HYDERABAD DECAN,MAS,CHENNAI CENTRAL,60,70
12761,TPTY KRMR EXP,2,RU,RENIGUNTA JN,22:55:00,22:57:00,10,TPTY,TIRUPATI,KRMR,KARIMNAGAR,1375,1377
12761,TPTY KRMR EXP,5,BZA,VIJAYAWADA JN,04:50:00,05:00:00,386,TPTY,TIRUPATI,KRMR,KARIMNAGAR,290,300
12762,KRMR TPTY EXP,8,BZA,VIJAYAWADA JN,01:30:00,01:45:00,328,KRMR,KARIMNAGAR,TPTY,TIRUPATI,90,105
12762,KRMR TPTY EXP,11,RU,RENIGUNTA JN,07:48:00,07:50:00,704,KRMR,KARIMNAGAR,TPTY,TIRUPATI,468,470
12763,PADMAVATHI EXP,2,RU,RENIGUNTA JN,17:15:00,17:17:00,10,TPTY,TIRUPATI,SC,SECUNDERABAD JN,1035,1037
12763,PADMAVATHI EXP,10,BZA,VIJAYAWADA JN,23:25:00,23:35:00,386,TPTY,TIRUPATI,SC,SECUNDERABAD JN,1405,1415
12764,PADMAVATI EXP,10,BZA,VIJAYAWADA JN,00:30:00,00:40:00,351,SC,SECUNDERABAD JN,TPTY,TIRUPATI,30,40
12764,PADMAVATI EXP,18,RU,RENIGUNTA JN,06:30:00,06:32:00,727,SC,SECUNDERABAD JN,TPTY,TIRUPATI,390,392
12765,TPTY AMI SUP EX,19,PAU,PURNA JN,09:20:00,09:30:00,1012,TPTY,TIRUPATI,AMI,AMRAVATI,560,570
12765,TPTY AMI SUP EX,23,AK,AKOLA JN,13:15:00,13:25:00,1219,TPTY,TIRUPATI,AMI,AMRAVATI,795,805
12765,TPTY AMI SUP EX,24,BD,BADNERA JN,14:25:00,14:30:00,1297,TPTY,TIRUPATI,AMI,AMRAVATI,865,870
12766,AMI TPTY SUP EX,2,BD,BADNERA JN,07:10:00,07:13:00,10,AMI,AMRAVATI,TPTY,TIRUPATI,430,433
12766,AMI TPTY SUP EX,3,AK,AKOLA JN,08:10:00,08:30:00,89,AMI,AMRAVATI,TPTY,TIRUPATI,490,510
12766,AMI TPTY SUP EX,7,PAU,PURNA JN,11:40:00,11:50:00,295,AMI,AMRAVATI,TPTY,TIRUPATI,700,710
12767,NED SRC SUP EX,7,NGP,NAGPUR,01:25:00,01:45:00,530,NED,H SAHIB NANDED,SRC,SANTRAGACHI JN,85,105
12767,NED SRC SUP EX,16,KGP,KHARAGPUR JN,16:50:00,16:55:00,1545,NED,H SAHIB NANDED,SRC,SANTRAGACHI JN,1010,1015
12768,NED WKLY EXP,2,KGP,KHARAGPUR JN,16:15:00,16:20:00,108,SRC,SANTRAGACHI JN,NED,H SAHIB NANDED,975,980
12768,NED WKLY EXP,11,NGP,NAGPUR,08:20:00,08:30:00,1124,SRC,SANTRAGACHI JN,NED,H SAHIB NANDED,500,510
12771,SC NGP SUP EXP,14,NGP,NAGPUR,08:15:00,00:00:00,578,SC,SECUNDERABAD JN,NGP,NAGPUR,495,0
12772,NGP SC SUP EXP,1,NGP,NAGPUR,00:00:00,22:00:00,0,NGP,NAGPUR,SC,SECUNDERABAD JN,0,1320
12773,SHM SC AC EXP,3,KGP,KHARAGPUR JN,17:55:00,18:00:00,113,SHM,SHALIMAR,SC,SECUNDERABAD JN,1075,1080
12773,SHM SC AC EXP,6,BBS,BHUBANESWAR,22:35:00,22:40:00,437,SHM,SHALIMAR,SC,SECUNDERABAD JN,1355,1360
12773,SHM SC AC EXP,11,VSKP,VISAKHAPATNAM,05:46:00,06:00:00,880,SHM,SHALIMAR,SC,SECUNDERABAD JN,346,360
12773,SHM SC AC EXP,14,BZA,VIJAYAWADA JN,11:55:00,12:15:00,1230,SHM,SHALIMAR,SC,SECUNDERABAD JN,715,735
12774,SC SHM AC EXP,3,BZA,VIJAYAWADA JN,11:20:00,11:25:00,351,SC,SECUNDERABAD JN,SHM,SHALIMAR,680,685
12774,SC SHM AC EXP,6,VSKP,VISAKHAPATNAM,17:25:00,17:45:00,701,SC,SECUNDERABAD JN,SHM,SHALIMAR,1045,1065
12774,SC SHM AC EXP,11,BBS,BHUBANESWAR,01:05:00,01:10:00,1144,SC,SECUNDERABAD JN,SHM,SHALIMAR,65,70
12774,SC SHM AC EXP,14,KGP,KHARAGPUR JN,06:20:00,06:30:00,1467,SC,SECUNDERABAD JN,SHM,SHALIMAR,380,390
12775,COCANADA EXP,8,BZA,VIJAYAWADA JN,01:00:00,01:15:00,240,CCT,KAKINADA TOWN,SC,SECUNDERABAD JN,60,75
12776,COCANADA EXP,4,BZA,VIJAYAWADA JN,01:50:00,02:05:00,351,SC,SECUNDERABAD JN,CCT,KAKINADA TOWN,110,125
12777,KOCHUVELI EXP,11,JTJ,JOLARPETTAI,18:19:00,18:20:00,618,UBL,HUBLI JN,KCVL,KOCHUVELI,1099,1100
12778,HUBLI EXP,13,JTJ,JOLARPETTAI,01:39:00,01:40:00,690,KCVL,KOCHUVELI,UBL,HUBLI JN,99,100
12779,GOA EXPRESS,14,PUNE,PUNE JN,03:55:00,04:10:00,613,VSG,VASCO DA GAMA,NZM,H NIZAMUDDIN,235,250
12779,GOA EXPRESS,17,ANG,AHMADNAGAR,07:28:00,07:30:00,773,VSG,VASCO DA GAMA,NZM,H NIZAMUDDIN,448,450
12779,GOA EXPRESS,21,JL,JALGAON JN,12:08:00,12:10:00,1086,VSG,VASCO DA GAMA,NZM,H NIZAMUDDIN,728,730
12780,GOA EXPRESS,10,JL,JALGAON JN,07:53:00,07:55:00,1117,NZM,H NIZAMUDDIN,VSG,VASCO DA GAMA,473,475
12780,GOA EXPRESS,14,ANG,AHMADNAGAR,12:47:00,12:50:00,1429,NZM,H NIZAMUDDIN,VSG,VASCO DA GAMA,767,770
12780,GOA EXPRESS,16,PUNE,PUNE JN,16:20:00,16:35:00,1589,NZM,H NIZAMUDDIN,VSG,VASCO DA GAMA,980,995
12781,SWARNA JAYANTHI,16,PUNE,PUNE JN,15:55:00,16:10:00,1029,MYS,MYSORE JN,NZM,H NIZAMUDDIN,955,970
12781,SWARNA JAYANTHI,18,ANG,AHMADNAGAR,19:02:00,19:05:00,1189,MYS,MYSORE JN,NZM,H NIZAMUDDIN,1142,1145
12781,SWARNA JAYANTHI,26,BINA,BINA JN,08:20:00,08:25:00,2063,MYS,MYSORE JN,NZM,H NIZAMUDDIN,500,505
12782,SWARNA JAYANTHI,7,BINA,BINA JN,15:00:00,15:05:00,556,NZM,H NIZAMUDDIN,MYS,MYSORE JN,900,905
12782,SWARNA JAYANTHI,15,ANG,AHMADNAGAR,05:32:00,05:35:00,1429,NZM,H NIZAMUDDIN,MYS,MYSORE JN,332,335
12782,SWARNA JAYANTHI,18,PUNE,PUNE JN,09:15:00,09:30:00,1589,NZM,H NIZAMUDDIN,MYS,MYSORE JN,555,570
12783,VSKP SC AC EXP,1,VSKP,VISAKHAPATNAM,00:00:00,19:00:00,0,VSKP,VISAKHAPATNAM,SC,SECUNDERABAD JN,0,1140
12783,VSKP SC AC EXP,10,BZA,VIJAYAWADA JN,01:15:00,01:30:00,351,VSKP,VISAKHAPATNAM,SC,SECUNDERABAD JN,75,90
12784,SC VSKP AC EXP,6,BZA,VIJAYAWADA JN,23:45:00,00:05:00,351,SC,SECUNDERABAD JN,VSKP,VISAKHAPATNAM,1425,5
12784,SC VSKP AC EXP,15,VSKP,VISAKHAPATNAM,06:50:00,00:00:00,701,SC,SECUNDERABAD JN,VSKP,VISAKHAPATNAM,410,0
12785,BANGALORE EXP,17,BNC,BANGALORE CANT,05:58:00,06:00:00,620,KCG,KACHEGUDA,SBC,BANGALORE CY JN,358,360
12786,KACHEGUDA EXP,2,BNC,BANGALORE CANT,18:30:00,18:32:00,5,SBC,BANGALORE CY JN,KCG,KACHEGUDA,1110,1112
12791,SC PNBE EXPRESS,11,NGP,NAGPUR,19:20:00,19:30:00,578,SC,SECUNDERABAD JN,PNBE,PATNA JN,1160,1170
12792,PNBE SC EXP,19,NGP,NAGPUR,11:45:00,11:55:00,1262,PNBE,PATNA JN,SC,SECUNDERABAD JN,705,715
12797,VENKATADRI EXP,21,RU,RENIGUNTA JN,07:08:00,07:10:00,626,KCG,KACHEGUDA,CTO,CHITTOOR,428,430
12798,VENKATADRI EXP,4,RU,RENIGUNTA JN,18:55:00,18:57:00,82,CTO,CHITTOOR,KCG,KACHEGUDA,1135,1137
12801,PURUSHOTTAM EXP,3,BBS,BHUBANESWAR,23:10:00,23:15:00,63,PURI,PURI,NDLS,NEW DELHI,1390,1395
12801,PURUSHOTTAM EXP,8,KGP,KHARAGPUR JN,04:15:00,04:40:00,387,PURI,PURI,NDLS,NEW DELHI,255,280
12801,PURUSHOTTAM EXP,29,CNB,KANPUR CENTRAL,22:00:00,22:10:00,1423,PURI,PURI,NDLS,NEW DELHI,1320,1330
12802,PURSHOTTAM EXP,3,CNB,KANPUR CENTRAL,04:45:00,04:50:00,440,NDLS,NEW DELHI,PURI,PURI,285,290
12802,PURSHOTTAM EXP,22,KGP,KHARAGPUR JN,22:05:00,22:30:00,1476,NDLS,NEW DELHI,PURI,PURI,1325,1350
12802,PURSHOTTAM EXP,27,BBS,BHUBANESWAR,03:30:00,03:35:00,1800,NDLS,NEW DELHI,PURI,PURI,210,215
12803,SWARNAJAYANTI E,1,VSKP,VISAKHAPATNAM,00:00:00,08:30:00,0,VSKP,VISAKHAPATNAM,NZM,H NIZAMUDDIN,0,510
12803,SWARNAJAYANTI E,6,BZA,VIJAYAWADA JN,14:15:00,14:35:00,351,VSKP,VISAKHAPATNAM,NZM,H NIZAMUDDIN,855,875
12803,SWARNAJAYANTI E,9,NGP,NAGPUR,00:20:00,00:30:00,1013,VSKP,VISAKHAPATNAM,NZM,H NIZAMUDDIN,20,30
12803,SWARNAJAYANTI E,13,HBD,HOSHANGABAD,05:03:00,05:05:00,1328,VSKP,VISAKHAPATNAM,NZM,H NIZAMUDDIN,303,305
12803,SWARNAJAYANTI E,15,BINA,BINA JN,08:20:00,08:25:00,1540,VSKP,VISAKHAPATNAM,NZM,H NIZAMUDDIN,500,505
12804,VSKP SWRN J EXP,7,BINA,BINA JN,15:00:00,15:05:00,556,NZM,H NIZAMUDDIN,VSKP,VISAKHAPATNAM,900,905
12804,VSKP SWRN J EXP,9,HBD,HOSHANGABAD,18:17:00,18:19:00,768,NZM,H NIZAMUDDIN,VSKP,VISAKHAPATNAM,1097,1099
12804,VSKP SWRN J EXP,13,NGP,NAGPUR,23:15:00,23:25:00,1083,NZM,H NIZAMUDDIN,VSKP,VISAKHAPATNAM,1395,1405
12804,VSKP SWRN J EXP,16,BZA,VIJAYAWADA JN,11:05:00,11:25:00,1745,NZM,H NIZAMUDDIN,VSKP,VISAKHAPATNAM,665,685
12804,VSKP SWRN J EXP,21,VSKP,VISAKHAPATNAM,17:25:00,00:00:00,2095,NZM,H NIZAMUDDIN,VSKP,VISAKHAPATNAM,1045,0
12805,JANMABHOOMI EXP,1,VSKP,VISAKHAPATNAM,00:00:00,06:15:00,0,VSKP,VISAKHAPATNAM,SC,SECUNDERABAD JN,0,375
12805,JANMABHOOMI EXP,10,BZA,VIJAYAWADA JN,12:00:00,12:10:00,351,VSKP,VISAKHAPATNAM,SC,SECUNDERABAD JN,720,730
12806,JANMABHOOMI EXP,10,BZA,VIJAYAWADA JN,13:30:00,13:40:00,339,SC,SECUNDERABAD JN,VSKP,VISAKHAPATNAM,810,820
12806,JANMABHOOMI EXP,20,VSKP,VISAKHAPATNAM,19:40:00,00:00:00,689,SC,SECUNDERABAD JN,VSKP,VISAKHAPATNAM,1180,0
12807,SAMTA EXPRESS,1,VSKP,VISAKHAPATNAM,00:00:00,06:25:00,0,VSKP,VISAKHAPATNAM,NZM,H NIZAMUDDIN,0,385
12807,SAMTA EXPRESS,28,NGP,NAGPUR,22:25:00,22:50:00,828,VSKP,VISAKHAPATNAM,NZM,H NIZAMUDDIN,1345,1370
12807,SAMTA EXPRESS,33,BINA,BINA JN,08:05:00,08:10:00,1355,VSKP,VISAKHAPATNAM,NZM,H NIZAMUDDIN,485,490
12808,SAMTA EXPRESS,8,BINA,BINA JN,17:00:00,17:05:00,556,NZM,H NIZAMUDDIN,VSKP,VISAKHAPATNAM,1020,1025
12808,SAMTA EXPRESS,13,NGP,NAGPUR,01:40:00,02:05:00,1083,NZM,H NIZAMUDDIN,VSKP,VISAKHAPATNAM,100,125
12808,SAMTA EXPRESS,40,VSKP,VISAKHAPATNAM,18:30:00,00:00:00,1911,NZM,H NIZAMUDDIN,VSKP,VISAKHAPATNAM,1110,0
12809,HOWRAH MAIL,5,KSRA,KASARA,22:43:00,22:45:00,121,CSTM,MUMBAI CST,HWH,HOWRAH JN,1363,1365
12809,HOWRAH MAIL,11,JL,JALGAON JN,03:08:00,03:10:00,420,CSTM,MUMBAI CST,HWH,HOWRAH JN,188,190
12809,HOWRAH MAIL,13,MKU,MALKAPUR,04:46:00,04:48:00,495,CSTM,MUMBAI CST,HWH,HOWRAH JN,286,288
12809,HOWRAH MAIL,16,SEG,SHEGAON,05:28:00,05:30:00,547,CSTM,MUMBAI CST,HWH,HOWRAH JN,328,330
12809,HOWRAH MAIL,17,AK,AKOLA JN,06:05:00,06:10:00,584,CSTM,MUMBAI CST,HWH,HOWRAH JN,365,370
12809,HOWRAH MAIL,18,MZR,MURTAJAPUR,06:38:00,06:40:00,622,CSTM,MUMBAI CST,HWH,HOWRAH JN,398,400
12809,HOWRAH MAIL,19,BD,BADNERA JN,07:40:00,07:45:00,663,CSTM,MUMBAI CST,HWH,HOWRAH JN,460,465
12809,HOWRAH MAIL,21,PLO,PULGAON JN,08:47:00,08:49:00,729,CSTM,MUMBAI CST,HWH,HOWRAH JN,527,529
12809,HOWRAH MAIL,22,WR,WARDHA JN,09:25:00,09:28:00,758,CSTM,MUMBAI CST,HWH,HOWRAH JN,565,568
12809,HOWRAH MAIL,23,NGP,NAGPUR,11:05:00,11:25:00,837,CSTM,MUMBAI CST,HWH,HOWRAH JN,665,685
12809,HOWRAH MAIL,42,KGP,KHARAGPUR JN,03:35:00,03:40:00,1853,CSTM,MUMBAI CST,HWH,HOWRAH JN,215,220
12809,HOWRAH MAIL,44,HWH,HOWRAH JN,05:50:00,00:00:00,1968,CSTM,MUMBAI CST,HWH,HOWRAH JN,350,0
12810,HWH MUMBAI MAIL,1,HWH,HOWRAH JN,00:00:00,20:15:00,0,HWH,HOWRAH JN,CSTM,MUMBAI CST,0,1215
12810,HWH MUMBAI MAIL,2,KGP,KHARAGPUR JN,21:55:00,22:00:00,116,HWH,HOWRAH JN,CSTM,MUMBAI CST,1315,1320
12810,HWH MUMBAI MAIL,21,NGP,NAGPUR,14:10:00,14:20:00,1131,HWH,HOWRAH JN,CSTM,MUMBAI CST,850,860
12810,HWH MUMBAI MAIL,23,WR,WARDHA JN,15:30:00,15:33:00,1210,HWH,HOWRAH JN,CSTM,MUMBAI CST,930,933
12810,HWH MUMBAI MAIL,24,PLO,PULGAON JN,15:53:00,15:54:00,1239,HWH,HOWRAH JN,CSTM,MUMBAI CST,953,954
12810,HWH MUMBAI MAIL,26,BD,BADNERA JN,17:50:00,17:53:00,1305,HWH,HOWRAH JN,CSTM,MUMBAI CST,1070,1073
12810,HWH MUMBAI MAIL,27,MZR,MURTAJAPUR,18:23:00,18:25:00,1346,HWH,HOWRAH JN,CSTM,MUMBAI CST,1103,1105
12810,HWH MUMBAI MAIL,28,AK,AKOLA JN,18:50:00,18:55:00,1384,HWH,HOWRAH JN,CSTM,MUMBAI CST,1130,1135
12810,HWH MUMBAI MAIL,29,SEG,SHEGAON,19:23:00,19:25:00,1421,HWH,HOWRAH JN,CSTM,MUMBAI CST,1163,1165
12810,HWH MUMBAI MAIL,32,MKU,MALKAPUR,20:09:00,20:10:00,1474,HWH,HOWRAH JN,CSTM,MUMBAI CST,1209,1210
12810,HWH MUMBAI MAIL,34,JL,JALGAON JN,21:44:00,21:45:00,1548,HWH,HOWRAH JN,CSTM,MUMBAI CST,1304,1305
12811,HATIA EXPRESS,6,AK,AKOLA JN,08:40:00,08:45:00,569,LTT,LOKMANYATILAK T,HTE,HATIA,520,525
12811,HATIA EXPRESS,7,BD,BADNERA JN,10:30:00,10:35:00,647,LTT,LOKMANYATILAK T,HTE,HATIA,630,635
12811,HATIA EXPRESS,8,WR,WARDHA JN,12:05:00,12:08:00,743,LTT,LOKMANYATILAK T,HTE,HATIA,725,728
12811,HATIA EXPRESS,9,NGP,NAGPUR,13:40:00,14:00:00,821,LTT,LOKMANYATILAK T,HTE,HATIA,820,840
12812,HTE LTT SUPER,10,NGP,NAGPUR,00:05:00,00:20:00,885,HTE,HATIA,LTT,LOKMANYATILAK T,5,20
12812,HTE LTT SUPER,11,WR,WARDHA JN,01:37:00,01:40:00,964,HTE,HATIA,LTT,LOKMANYATILAK T,97,100
12812,HTE LTT SUPER,12,BD,BADNERA JN,03:00:00,03:03:00,1059,HTE,HATIA,LTT,LOKMANYATILAK T,180,183
12812,HTE LTT SUPER,13,AK,AKOLA JN,03:55:00,04:00:00,1138,HTE,HATIA,LTT,LOKMANYATILAK T,235,240
12813,STEEL EXPRESS,1,HWH,HOWRAH JN,00:00:00,17:30:00,0,HWH,HOWRAH JN,TATA,TATANAGAR JN,0,1050
12813,STEEL EXPRESS,2,KGP,KHARAGPUR JN,19:10:00,19:13:00,116,HWH,HOWRAH JN,TATA,TATANAGAR JN,1150,1153
12814,STEEL EXP,7,KGP,KHARAGPUR JN,08:15:00,08:18:00,135,TATA,TATANAGAR JN,HWH,HOWRAH JN,495,498
12814,STEEL EXP,9,HWH,HOWRAH JN,10:20:00,00:00:00,250,TATA,TATANAGAR JN,HWH,HOWRAH JN,620,0
12815,NANDAN KANAN EX,3,BBS,BHUBANESWAR,12:15:00,12:20:00,63,PURI,PURI,NDLS,NEW DELHI,735,740
12815,NANDAN KANAN EX,9,KGP,KHARAGPUR JN,17:10:00,17:35:00,387,PURI,PURI,NDLS,NEW DELHI,1030,1055
12815,NANDAN KANAN EX,28,CNB,KANPUR CENTRAL,10:10:00,10:20:00,1365,PURI,PURI,NDLS,NEW DELHI,610,620
12816,NANDAN KANAN EX,4,CNB,KANPUR CENTRAL,12:20:00,12:30:00,440,NDLS,NEW DELHI,PURI,PURI,740,750
12816,NANDAN KANAN EX,23,KGP,KHARAGPUR JN,04:55:00,05:20:00,1418,NDLS,NEW DELHI,PURI,PURI,295,320
12816,NANDAN KANAN EX,29,BBS,BHUBANESWAR,10:20:00,10:25:00,1741,NDLS,NEW DELHI,PURI,PURI,620,625
12817,JHARKHAND SJ EX,19,CNB,KANPUR CENTRAL,07:20:00,07:25:00,873,HTE,HATIA,ANVT,ANAND VIHAR TRM,440,445
12818,JHARKHAND EXPRE,2,CNB,KANPUR CENTRAL,01:45:00,01:50:00,427,ANVT,ANAND VIHAR TRM,HTE,HATIA,105,110
12819,ORISSA S KRANTI,1,BBS,BHUBANESWAR,00:00:00,15:30:00,0,BBS,BHUBANESWAR,NDLS,NEW DELHI,0,930
12819,ORISSA S KRANTI,11,CNB,KANPUR CENTRAL,13:40:00,13:55:00,1354,BBS,BHUBANESWAR,NDLS,NEW DELHI,820,835
12820,ORISSA S KRNTI,4,CNB,KANPUR CENTRAL,13:15:00,13:30:00,440,NDLS,NEW DELHI,BBS,BHUBANESWAR,795,810
12820,ORISSA S KRNTI,9,KGP,KHARAGPUR JN,06:25:00,06:50:00,1475,NDLS,NEW DELHI,BBS,BHUBANESWAR,385,410
12820,ORISSA S KRNTI,17,BBS,BHUBANESWAR,12:25:00,00:00:00,1799,NDLS,NEW DELHI,BBS,BHUBANESWAR,745,0
12821,DHAULI EXP,1,HWH,HOWRAH JN,00:00:00,06:00:00,0,HWH,HOWRAH JN,PURI,PURI,0,360
12821,DHAULI EXP,2,KGP,KHARAGPUR JN,07:40:00,07:45:00,116,HWH,HOWRAH JN,PURI,PURI,460,465
12821,DHAULI EXP,12,BBS,BHUBANESWAR,12:40:00,12:45:00,439,HWH,HOWRAH JN,PURI,PURI,760,765
12822,DHAULI EXP,3,BBS,BHUBANESWAR,13:15:00,13:20:00,63,PURI,PURI,HWH,HOWRAH JN,795,800
12822,DHAULI EXP,13,KGP,KHARAGPUR JN,18:03:00,18:08:00,387,PURI,PURI,HWH,HOWRAH JN,1083,1088
12822,DHAULI EXP,15,HWH,HOWRAH JN,20:15:00,00:00:00,502,PURI,PURI,HWH,HOWRAH JN,1215,0
12824,CHTSGRH S KRNTI,3,BINA,BINA JN,01:35:00,01:55:00,556,NZM,H NIZAMUDDIN,DURG,DURG,95,115
12825,JHRKHND S KRANT,9,CNB,KANPUR CENTRAL,13:40:00,13:55:00,866,RNC,RANCHI,NDLS,NEW DELHI,820,835
12826,JHRKHND S KRNTI,4,CNB,KANPUR CENTRAL,13:15:00,13:30:00,440,NDLS,NEW DELHI,RNC,RANCHI,795,810
12827,HWH PRR EXP,1,HWH,HOWRAH JN,00:00:00,16:50:00,0,HWH,HOWRAH JN,PRR,PURULIA JN,0,1010
12827,HWH PRR EXP,3,KGP,KHARAGPUR JN,18:30:00,18:32:00,116,HWH,HOWRAH JN,PRR,PURULIA JN,1110,1112
12828,PRR HWH EXP,13,KGP,KHARAGPUR JN,09:20:00,09:22:00,208,PRR,PURULIA JN,HWH,HOWRAH JN,560,562
12828,PRR HWH EXP,15,HWH,HOWRAH JN,11:20:00,00:00:00,323,PRR,PURULIA JN,HWH,HOWRAH JN,680,0
12829,BHUBANESWAR EXP,8,BZA,VIJAYAWADA JN,04:00:00,04:15:00,431,MAS,CHENNAI CENTRAL,BBS,BHUBANESWAR,240,255
12829,BHUBANESWAR EXP,14,VSKP,VISAKHAPATNAM,10:25:00,10:45:00,781,MAS,CHENNAI CENTRAL,BBS,BHUBANESWAR,625,645
12829,BHUBANESWAR EXP,21,BBS,BHUBANESWAR,17:35:00,00:00:00,1223,MAS,CHENNAI CENTRAL,BBS,BHUBANESWAR,1055,0
12830,BBS CHENNAI EXP,1,BBS,BHUBANESWAR,00:00:00,12:00:00,0,BBS,BHUBANESWAR,MAS,CHENNAI CENTRAL,0,720
12830,BBS CHENNAI EXP,8,VSKP,VISAKHAPATNAM,18:45:00,19:10:00,443,BBS,BHUBANESWAR,MAS,CHENNAI CENTRAL,1125,1150
12830,BBS CHENNAI EXP,14,BZA,VIJAYAWADA JN,01:25:00,01:35:00,793,BBS,BHUBANESWAR,MAS,CHENNAI CENTRAL,85,95
12831,BBS GARIB RATH,15,BBS,BHUBANESWAR,08:15:00,00:00:00,780,DHN,DHANBAD JN,BBS,BHUBANESWAR,495,0
12832,DHN GARIB RATH,1,BBS,BHUBANESWAR,00:00:00,20:10:00,0,BBS,BHUBANESWAR,DHN,DHANBAD JN,0,1210
12833,HOWRAH EXPRESS,18,JL,JALGAON JN,10:38:00,10:40:00,540,ADI,AHMEDABAD JN,HWH,HOWRAH JN,638,640
12833,HOWRAH EXPRESS,20,MKU,MALKAPUR,11:53:00,11:55:00,614,ADI,AHMEDABAD JN,HWH,HOWRAH JN,713,715
12833,HOWRAH EXPRESS,23,SEG,SHEGAON,12:38:00,12:40:00,667,ADI,AHMEDABAD JN,HWH,HOWRAH JN,758,760
12833,HOWRAH EXPRESS,24,AK,AKOLA JN,13:05:00,13:10:00,704,ADI,AHMEDABAD JN,HWH,HOWRAH JN,785,790
12833,HOWRAH EXPRESS,25,MZR,MURTAJAPUR,13:38:00,13:40:00,742,ADI,AHMEDABAD JN,HWH,HOWRAH JN,818,820
12833,HOWRAH EXPRESS,26,BD,BADNERA JN,14:50:00,14:55:00,783,ADI,AHMEDABAD JN,HWH,HOWRAH JN,890,895
12833,HOWRAH EXPRESS,27,CND,CHANDUR,15:20:00,15:22:00,812,ADI,AHMEDABAD JN,HWH,HOWRAH JN,920,922
12833,HOWRAH EXPRESS,29,PLO,PULGAON JN,15:52:00,15:54:00,849,ADI,AHMEDABAD JN,HWH,HOWRAH JN,952,954
12833,HOWRAH EXPRESS,30,WR,WARDHA JN,16:20:00,16:23:00,878,ADI,AHMEDABAD JN,HWH,HOWRAH JN,980,983
12833,HOWRAH EXPRESS,32,NGP,NAGPUR,17:50:00,18:00:00,957,ADI,AHMEDABAD JN,HWH,HOWRAH JN,1070,1080
12833,HOWRAH EXPRESS,61,KGP,KHARAGPUR JN,11:17:00,11:22:00,1972,ADI,AHMEDABAD JN,HWH,HOWRAH JN,677,682
12833,HOWRAH EXPRESS,63,HWH,HOWRAH JN,13:30:00,00:00:00,2087,ADI,AHMEDABAD JN,HWH,HOWRAH JN,810,0
12834,HWH ADI EXPRESS,1,HWH,HOWRAH JN,00:00:00,23:55:00,0,HWH,HOWRAH JN,ADI,AHMEDABAD JN,0,1435
12834,HWH ADI EXPRESS,4,KGP,KHARAGPUR JN,02:00:00,02:05:00,116,HWH,HOWRAH JN,ADI,AHMEDABAD JN,120,125
12834,HWH ADI EXPRESS,33,NGP,NAGPUR,19:00:00,19:10:00,1131,HWH,HOWRAH JN,ADI,AHMEDABAD JN,1140,1150
12834,HWH ADI EXPRESS,35,WR,WARDHA JN,20:24:00,20:27:00,1210,HWH,HOWRAH JN,ADI,AHMEDABAD JN,1224,1227
12834,HWH ADI EXPRESS,36,PLO,PULGAON JN,20:49:00,20:50:00,1239,HWH,HOWRAH JN,ADI,AHMEDABAD JN,1249,1250
12834,HWH ADI EXPRESS,38,CND,CHANDUR,21:24:00,21:25:00,1276,HWH,HOWRAH JN,ADI,AHMEDABAD JN,1284,1285
12834,HWH ADI EXPRESS,39,BD,BADNERA JN,22:10:00,22:15:00,1305,HWH,HOWRAH JN,ADI,AHMEDABAD JN,1330,1335
12834,HWH ADI EXPRESS,40,MZR,MURTAJAPUR,22:44:00,22:45:00,1346,HWH,HOWRAH JN,ADI,AHMEDABAD JN,1364,1365
12834,HWH ADI EXPRESS,41,AK,AKOLA JN,23:15:00,23:20:00,1384,HWH,HOWRAH JN,ADI,AHMEDABAD JN,1395,1400
12834,HWH ADI EXPRESS,42,SEG,SHEGAON,23:44:00,23:45:00,1421,HWH,HOWRAH JN,ADI,AHMEDABAD JN,1424,1425
12834,HWH ADI EXPRESS,45,MKU,MALKAPUR,00:34:00,00:35:00,1474,HWH,HOWRAH JN,ADI,AHMEDABAD JN,34,35
12834,HWH ADI EXPRESS,47,JL,JALGAON JN,02:20:00,02:25:00,1548,HWH,HOWRAH JN,ADI,AHMEDABAD JN,140,145
12835,HTE YPR EXPRESS,12,VSKP,VISAKHAPATNAM,09:40:00,10:00:00,823,HTE,HATIA,YPR,YESVANTPUR JN,580,600
12835,HTE YPR EXPRESS,15,BZA,VIJAYAWADA JN,15:30:00,15:45:00,1174,HTE,HATIA,YPR,YESVANTPUR JN,930,945
12835,HTE YPR EXPRESS,18,RU,RENIGUNTA JN,21:30:00,21:40:00,1549,HTE,HATIA,YPR,YESVANTPUR JN,1290,1300
12835,HTE YPR EXPRESS,22,JTJ,JOLARPETTAI,01:53:00,01:55:00,1747,HTE,HATIA,YPR,YESVANTPUR JN,113,115
12836,YPR HATIA EXP,5,JTJ,JOLARPETTAI,11:13:00,11:15:00,157,YPR,YESVANTPUR JN,HTE,HATIA,673,675
12836,YPR HATIA EXP,9,RU,RENIGUNTA JN,15:00:00,15:10:00,355,YPR,YESVANTPUR JN,HTE,HATIA,900,910
12836,YPR HATIA EXP,12,BZA,VIJAYAWADA JN,21:40:00,21:55:00,731,YPR,YESVANTPUR JN,HTE,HATIA,1300,1315
12836,YPR HATIA EXP,15,VSKP,VISAKHAPATNAM,04:10:00,04:30:00,1081,YPR,YESVANTPUR JN,HTE,HATIA,250,270
12837,HWH PURI EXP,1,HWH,HOWRAH JN,00:00:00,22:35:00,0,HWH,HOWRAH JN,PURI,PURI,0,1355
12837,HWH PURI EXP,2,KGP,KHARAGPUR JN,00:20:00,00:25:00,116,HWH,HOWRAH JN,PURI,PURI,20,25
12837,HWH PURI EXP,9,BBS,BHUBANESWAR,05:05:00,05:10:00,439,HWH,HOWRAH JN,PURI,PURI,305,310
12838,PURI HWH EXPRES,6,BBS,BHUBANESWAR,21:35:00,21:42:00,63,PURI,PURI,HWH,HOWRAH JN,1295,1302
12838,PURI HWH EXPRES,13,KGP,KHARAGPUR JN,02:35:00,02:40:00,387,PURI,PURI,HWH,HOWRAH JN,155,160
12838,PURI HWH EXPRES,14,HWH,HOWRAH JN,04:50:00,00:00:00,502,PURI,PURI,HWH,HOWRAH JN,290,0
12839,HWH MAS MAIL,1,HWH,HOWRAH JN,00:00:00,23:45:00,0,HWH,HOWRAH JN,MAS,CHENNAI CENTRAL,0,1425
12839,HWH MAS MAIL,2,KGP,KHARAGPUR JN,01:25:00,01:30:00,116,HWH,HOWRAH JN,MAS,CHENNAI CENTRAL,85,90
12839,HWH MAS MAIL,7,BBS,BHUBANESWAR,06:15:00,06:20:00,439,HWH,HOWRAH JN,MAS,CHENNAI CENTRAL,375,380
12839,HWH MAS MAIL,19,VSKP,VISAKHAPATNAM,13:50:00,14:10:00,882,HWH,HOWRAH JN,MAS,CHENNAI CENTRAL,830,850
12839,HWH MAS MAIL,28,BZA,VIJAYAWADA JN,20:30:00,20:45:00,1232,HWH,HOWRAH JN,MAS,CHENNAI CENTRAL,1230,1245
12840,HOWRAH MAIL,8,BZA,VIJAYAWADA JN,06:25:00,06:40:00,431,MAS,CHENNAI CENTRAL,HWH,HOWRAH JN,385,400
12840,HOWRAH MAIL,18,VSKP,VISAKHAPATNAM,13:00:00,13:20:00,781,MAS,CHENNAI CENTRAL,HWH,HOWRAH JN,780,800
12840,HOWRAH MAIL,30,BBS,BHUBANESWAR,20:40:00,20:45:00,1223,MAS,CHENNAI CENTRAL,HWH,HOWRAH JN,1240,1245
12840,HOWRAH MAIL,35,KGP,KHARAGPUR JN,01:47:00,01:52:00,1547,MAS,CHENNAI CENTRAL,HWH,HOWRAH JN,107,112
12840,HOWRAH MAIL,37,HWH,HOWRAH JN,04:10:00,00:00:00,1662,MAS,CHENNAI CENTRAL,HWH,HOWRAH JN,250,0
12841,COROMANDAL EXP,1,HWH,HOWRAH JN,00:00:00,14:50:00,0,HWH,HOWRAH JN,MAS,CHENNAI CENTRAL,0,890
12841,COROMANDAL EXP,2,KGP,KHARAGPUR JN,16:30:00,16:35:00,116,HWH,HOWRAH JN,MAS,CHENNAI CENTRAL,990,995
12841,COROMANDAL EXP,7,BBS,BHUBANESWAR,21:20:00,21:25:00,439,HWH,HOWRAH JN,MAS,CHENNAI CENTRAL,1280,1285
12841,COROMANDAL EXP,10,VSKP,VISAKHAPATNAM,04:25:00,04:45:00,882,HWH,HOWRAH JN,MAS,CHENNAI CENTRAL,265,285
12841,COROMANDAL EXP,13,BZA,VIJAYAWADA JN,10:20:00,10:35:00,1232,HWH,HOWRAH JN,MAS,CHENNAI CENTRAL,620,635
12842,COROMANDEL EXP,3,BZA,VIJAYAWADA JN,15:10:00,15:25:00,431,MAS,CHENNAI CENTRAL,HWH,HOWRAH JN,910,925
12842,COROMANDEL EXP,6,VSKP,VISAKHAPATNAM,21:50:00,22:10:00,781,MAS,CHENNAI CENTRAL,HWH,HOWRAH JN,1310,1330
12842,COROMANDEL EXP,9,BBS,BHUBANESWAR,04:35:00,04:40:00,1223,MAS,CHENNAI CENTRAL,HWH,HOWRAH JN,275,280
12842,COROMANDEL EXP,14,KGP,KHARAGPUR JN,09:38:00,09:48:00,1547,MAS,CHENNAI CENTRAL,HWH,HOWRAH JN,578,588
12842,COROMANDEL EXP,16,HWH,HOWRAH JN,11:50:00,00:00:00,1662,MAS,CHENNAI CENTRAL,HWH,HOWRAH JN,710,0
12843,PURI ADI EXP,30,NGP,NAGPUR,14:35:00,14:45:00,1174,PURI,PURI,ADI,AHMEDABAD JN,875,885
12843,PURI ADI EXP,31,WR,WARDHA JN,15:51:00,15:54:00,1253,PURI,PURI,ADI,AHMEDABAD JN,951,954
12843,PURI ADI EXP,32,BD,BADNERA JN,17:30:00,17:33:00,1348,PURI,PURI,ADI,AHMEDABAD JN,1050,1053
12843,PURI ADI EXP,33,AK,AKOLA JN,18:25:00,18:30:00,1427,PURI,PURI,ADI,AHMEDABAD JN,1105,1110
12843,PURI ADI EXP,34,MKU,MALKAPUR,19:39:00,19:40:00,1516,PURI,PURI,ADI,AHMEDABAD JN,1179,1180
12843,PURI ADI EXP,36,JL,JALGAON JN,21:24:00,21:25:00,1591,PURI,PURI,ADI,AHMEDABAD JN,1284,1285
12844,ADI PURI EXP,8,JL,JALGAON JN,04:03:00,04:05:00,540,ADI,AHMEDABAD JN,PURI,PURI,243,245
12844,ADI PURI EXP,10,MKU,MALKAPUR,05:26:00,05:28:00,614,ADI,AHMEDABAD JN,PURI,PURI,326,328
12844,ADI PURI EXP,11,AK,AKOLA JN,06:35:00,06:40:00,704,ADI,AHMEDABAD JN,PURI,PURI,395,400
12844,ADI PURI EXP,12,BD,BADNERA JN,08:00:00,08:05:00,783,ADI,AHMEDABAD JN,PURI,PURI,480,485
12844,ADI PURI EXP,13,WR,WARDHA JN,09:35:00,09:38:00,878,ADI,AHMEDABAD JN,PURI,PURI,575,578
12844,ADI PURI EXP,14,NGP,NAGPUR,11:25:00,11:45:00,957,ADI,AHMEDABAD JN,PURI,PURI,685,705
12845,BBS YPR SUP EXP,1,BBS,BHUBANESWAR,00:00:00,07:30:00,0,BBS,BHUBANESWAR,YPR,YESVANTPUR JN,0,450
12845,BBS YPR SUP EXP,8,VSKP,VISAKHAPATNAM,14:20:00,14:40:00,443,BBS,BHUBANESWAR,YPR,YESVANTPUR JN,860,880
12845,BBS YPR SUP EXP,11,BZA,VIJAYAWADA JN,20:40:00,20:55:00,793,BBS,BHUBANESWAR,YPR,YESVANTPUR JN,1240,1255
12845,BBS YPR SUP EXP,14,RU,RENIGUNTA JN,03:00:00,03:10:00,1169,BBS,BHUBANESWAR,YPR,YESVANTPUR JN,180,190
12845,BBS YPR SUP EXP,18,JTJ,JOLARPETTAI,07:00:00,07:05:00,1367,BBS,BHUBANESWAR,YPR,YESVANTPUR JN,420,425
12846,BHUBANESHWAR EX,4,JTJ,JOLARPETTAI,11:13:00,11:15:00,157,YPR,YESVANTPUR JN,BBS,BHUBANESWAR,673,675
12846,BHUBANESHWAR EX,8,RU,RENIGUNTA JN,15:00:00,15:10:00,355,YPR,YESVANTPUR JN,BBS,BHUBANESWAR,900,910
12846,BHUBANESHWAR EX,11,BZA,VIJAYAWADA JN,21:40:00,21:55:00,731,YPR,YESVANTPUR JN,BBS,BHUBANESWAR,1300,1315
12846,BHUBANESHWAR EX,14,VSKP,VISAKHAPATNAM,04:10:00,04:30:00,1081,YPR,YESVANTPUR JN,BBS,BHUBANESWAR,250,270
12846,BHUBANESHWAR EX,21,BBS,BHUBANESWAR,11:15:00,00:00:00,1524,YPR,YESVANTPUR JN,BBS,BHUBANESWAR,675,0
12847,HWH DGHA DURONT,1,HWH,HOWRAH JN,00:00:00,11:15:00,0,HWH,HOWRAH JN,DGHA,DIGHA FLAG STN,0,675
12848,DGHA HWH DURONT,2,HWH,HOWRAH JN,18:40:00,00:00:00,186,DGHA,DIGHA FLAG STN,HWH,HOWRAH JN,1120,0
12849,BSP PUNE SUP EX,7,NGP,NAGPUR,18:20:00,18:35:00,411,BSP,BILASPUR JN,PUNE,PUNE JN,1100,1115
12849,BSP PUNE SUP EX,8,WR,WARDHA JN,19:42:00,19:45:00,490,BSP,BILASPUR JN,PUNE,PUNE JN,1182,1185
12849,BSP PUNE SUP EX,9,BD,BADNERA JN,21:30:00,21:33:00,586,BSP,BILASPUR JN,PUNE,PUNE JN,1290,1293
12849,BSP PUNE SUP EX,10,AK,AKOLA JN,22:25:00,22:30:00,664,BSP,BILASPUR JN,PUNE,PUNE JN,1345,1350
12849,BSP PUNE SUP EX,12,JL,JALGAON JN,01:11:00,01:12:00,828,BSP,BILASPUR JN,PUNE,PUNE JN,71,72
12849,BSP PUNE SUP EX,16,ANG,AHMADNAGAR,05:50:00,05:55:00,1141,BSP,BILASPUR JN,PUNE,PUNE JN,350,355
12849,BSP PUNE SUP EX,18,PUNE,PUNE JN,09:45:00,00:00:00,1301,BSP,BILASPUR JN,PUNE,PUNE JN,585,0
12850,PA BILASPUR EXP,1,PUNE,PUNE JN,00:00:00,17:40:00,0,PUNE,PUNE JN,BSP,BILASPUR JN,0,1060
12850,PA BILASPUR EXP,3,ANG,AHMADNAGAR,20:50:00,20:55:00,160,PUNE,PUNE JN,BSP,BILASPUR JN,1250,1255
12850,PA BILASPUR EXP,7,JL,JALGAON JN,01:58:00,02:00:00,473,PUNE,PUNE JN,BSP,BILASPUR JN,118,120
12850,PA BILASPUR EXP,9,AK,AKOLA JN,04:30:00,04:35:00,636,PUNE,PUNE JN,BSP,BILASPUR JN,270,275
12850,PA BILASPUR EXP,10,BD,BADNERA JN,06:20:00,06:25:00,715,PUNE,PUNE JN,BSP,BILASPUR JN,380,385
12850,PA BILASPUR EXP,11,WR,WARDHA JN,08:04:00,08:07:00,811,PUNE,PUNE JN,BSP,BILASPUR JN,484,487
12850,PA BILASPUR EXP,12,NGP,NAGPUR,09:25:00,09:40:00,889,PUNE,PUNE JN,BSP,BILASPUR JN,565,580
12851,BSP MAS EXP,13,BZA,VIJAYAWADA JN,01:25:00,01:35:00,982,BSP,BILASPUR JN,MAS,CHENNAI CENTRAL,85,95
12852,BILASPUR EXPRES,5,BZA,VIJAYAWADA JN,03:55:00,04:05:00,431,MAS,CHENNAI CENTRAL,BSP,BILASPUR JN,235,245
12853,AMARKANTAK EXP,22,GAR,GADARWARA,06:24:00,06:26:00,685,DURG,DURG,BPL,BHOPAL JN,384,386
12853,AMARKANTAK EXP,27,HBD,HOSHANGABAD,08:48:00,08:50:00,820,DURG,DURG,BPL,BHOPAL JN,528,530
12853,AMARKANTAK EXP,29,HBJ,HABIBGANJ,09:53:00,09:55:00,888,DURG,DURG,BPL,BHOPAL JN,593,595
12854,AMARKANTAK EXP,2,HBJ,HABIBGANJ,15:50:00,15:52:00,7,BPL,BHOPAL JN,DURG,DURG,950,952
12854,AMARKANTAK EXP,4,HBD,HOSHANGABAD,16:53:00,16:55:00,74,BPL,BHOPAL JN,DURG,DURG,1013,1015
12854,AMARKANTAK EXP,9,GAR,GADARWARA,19:10:00,19:12:00,209,BPL,BHOPAL JN,DURG,DURG,1150,1152
12855,NAGPUR INTERCIT,16,NGP,NAGPUR,23:00:00,00:00:00,411,BSP,BILASPUR JN,NGP,NAGPUR,1380,0
12856,BSP INTERCITY,1,NGP,NAGPUR,00:00:00,06:30:00,0,NGP,NAGPUR,BSP,BILASPUR JN,0,390
12857,TAMRALIPTA EXP,1,HWH,HOWRAH JN,00:00:00,06:40:00,0,HWH,HOWRAH JN,DGHA,DIGHA FLAG STN,0,400
12858,TAMRALIPTA EXP,8,HWH,HOWRAH JN,13:50:00,00:00:00,186,DGHA,DIGHA FLAG STN,HWH,HOWRAH JN,830,0
12859,GITANJALI EXP,6,JL,JALGAON JN,11:58:00,12:00:00,420,CSTM,MUMBAI CST,HWH,HOWRAH JN,718,720
12859,GITANJALI EXP,8,MKU,MALKAPUR,13:24:00,13:25:00,495,CSTM,MUMBAI CST,HWH,HOWRAH JN,804,805
12859,GITANJALI EXP,9,SEG,SHEGAON,14:09:00,14:10:00,547,CSTM,MUMBAI CST,HWH,HOWRAH JN,849,850
12859,GITANJALI EXP,10,AK,AKOLA JN,14:40:00,14:45:00,584,CSTM,MUMBAI CST,HWH,HOWRAH JN,880,885
12859,GITANJALI EXP,11,BD,BADNERA JN,16:10:00,16:15:00,663,CSTM,MUMBAI CST,HWH,HOWRAH JN,970,975
12859,GITANJALI EXP,12,WR,WARDHA JN,17:29:00,17:32:00,758,CSTM,MUMBAI CST,HWH,HOWRAH JN,1049,1052
12859,GITANJALI EXP,13,NGP,NAGPUR,18:55:00,19:05:00,837,CSTM,MUMBAI CST,HWH,HOWRAH JN,1135,1145
12859,GITANJALI EXP,25,KGP,KHARAGPUR JN,10:20:00,10:25:00,1853,CSTM,MUMBAI CST,HWH,HOWRAH JN,620,625
12859,GITANJALI EXP,27,HWH,HOWRAH JN,12:30:00,00:00:00,1968,CSTM,MUMBAI CST,HWH,HOWRAH JN,750,0
12860,GITANJALI EXP,1,HWH,HOWRAH JN,00:00:00,13:50:00,0,HWH,HOWRAH JN,CSTM,MUMBAI CST,0,830
12860,GITANJALI EXP,2,KGP,KHARAGPUR JN,15:30:00,15:35:00,116,HWH,HOWRAH JN,CSTM,MUMBAI CST,930,935
12860,GITANJALI EXP,14,NGP,NAGPUR,07:20:00,07:30:00,1131,HWH,HOWRAH JN,CSTM,MUMBAI CST,440,450
12860,GITANJALI EXP,15,WR,WARDHA JN,08:32:00,08:35:00,1210,HWH,HOWRAH JN,CSTM,MUMBAI CST,512,515
12860,GITANJALI EXP,16,BD,BADNERA JN,10:15:00,10:18:00,1305,HWH,HOWRAH JN,CSTM,MUMBAI CST,615,618
12860,GITANJALI EXP,17,AK,AKOLA JN,11:10:00,11:15:00,1384,HWH,HOWRAH JN,CSTM,MUMBAI CST,670,675
12860,GITANJALI EXP,18,SEG,SHEGAON,11:44:00,11:45:00,1421,HWH,HOWRAH JN,CSTM,MUMBAI CST,704,705
12860,GITANJALI EXP,19,MKU,MALKAPUR,12:14:00,12:15:00,1474,HWH,HOWRAH JN,CSTM,MUMBAI CST,734,735
12860,GITANJALI EXP,21,JL,JALGAON JN,13:38:00,13:40:00,1548,HWH,HOWRAH JN,CSTM,MUMBAI CST,818,820
12861,LINK DAKSIN EXP,1,VSKP,VISAKHAPATNAM,00:00:00,15:10:00,0,VSKP,VISAKHAPATNAM,NZM,H NIZAMUDDIN,0,910
12861,LINK DAKSIN EXP,11,BZA,VIJAYAWADA JN,21:15:00,21:30:00,351,VSKP,VISAKHAPATNAM,NZM,H NIZAMUDDIN,1275,1290
12861,LINK DAKSIN EXP,34,NGP,NAGPUR,09:15:00,09:25:00,1015,VSKP,VISAKHAPATNAM,NZM,H NIZAMUDDIN,555,565
12861,LINK DAKSIN EXP,43,HBD,HOSHANGABAD,15:14:00,15:15:00,1330,VSKP,VISAKHAPATNAM,NZM,H NIZAMUDDIN,914,915
12861,LINK DAKSIN EXP,44,HBJ,HABIBGANJ,16:19:00,16:20:00,1398,VSKP,VISAKHAPATNAM,NZM,H NIZAMUDDIN,979,980
12861,LINK DAKSIN EXP,49,BINA,BINA JN,19:00:00,19:05:00,1542,VSKP,VISAKHAPATNAM,NZM,H NIZAMUDDIN,1140,1145
12863,HWH YPR EXPRESS,1,HWH,HOWRAH JN,00:00:00,20:35:00,0,HWH,HOWRAH JN,YPR,YESVANTPUR JN,0,1235
12863,HWH YPR EXPRESS,3,KGP,KHARAGPUR JN,22:25:00,22:30:00,116,HWH,HOWRAH JN,YPR,YESVANTPUR JN,1345,1350
12863,HWH YPR EXPRESS,8,BBS,BHUBANESWAR,03:00:00,03:05:00,439,HWH,HOWRAH JN,YPR,YESVANTPUR JN,180,185
12863,HWH YPR EXPRESS,15,VSKP,VISAKHAPATNAM,10:40:00,11:00:00,882,HWH,HOWRAH JN,YPR,YESVANTPUR JN,640,660
12863,HWH YPR EXPRESS,20,BZA,VIJAYAWADA JN,16:45:00,17:00:00,1232,HWH,HOWRAH JN,YPR,YESVANTPUR JN,1005,1020
12863,HWH YPR EXPRESS,27,RU,RENIGUNTA JN,22:55:00,23:05:00,1608,HWH,HOWRAH JN,YPR,YESVANTPUR JN,1375,1385
12863,HWH YPR EXPRESS,30,JTJ,JOLARPETTAI,03:35:00,03:40:00,1806,HWH,HOWRAH JN,YPR,YESVANTPUR JN,215,220
12864,YPR HOWRAH EXP,6,JTJ,JOLARPETTAI,23:00:00,23:05:00,157,YPR,YESVANTPUR JN,HWH,HOWRAH JN,1380,1385
12864,YPR HOWRAH EXP,9,RU,RENIGUNTA JN,02:50:00,03:00:00,355,YPR,YESVANTPUR JN,HWH,HOWRAH JN,170,180
12864,YPR HOWRAH EXP,16,BZA,VIJAYAWADA JN,09:25:00,09:40:00,731,YPR,YESVANTPUR JN,HWH,HOWRAH JN,565,580
12864,YPR HOWRAH EXP,21,VSKP,VISAKHAPATNAM,15:55:00,16:15:00,1081,YPR,YESVANTPUR JN,HWH,HOWRAH JN,955,975
12864,YPR HOWRAH EXP,28,BBS,BHUBANESWAR,22:40:00,22:45:00,1524,YPR,YESVANTPUR JN,HWH,HOWRAH JN,1360,1365
12864,YPR HOWRAH EXP,33,KGP,KHARAGPUR JN,03:50:00,03:55:00,1847,YPR,YESVANTPUR JN,HWH,HOWRAH JN,230,235
12864,YPR HOWRAH EXP,36,HWH,HOWRAH JN,06:10:00,00:00:00,1963,YPR,YESVANTPUR JN,HWH,HOWRAH JN,370,0
12865,LALMATI EXPRESS,1,HWH,HOWRAH JN,00:00:00,08:30:00,0,HWH,HOWRAH JN,PRR,PURULIA JN,0,510
12865,LALMATI EXPRESS,3,KGP,KHARAGPUR JN,10:18:00,10:20:00,116,HWH,HOWRAH JN,PRR,PURULIA JN,618,620
12866,LALMATI EXPRESS,8,KGP,KHARAGPUR JN,18:15:00,18:20:00,225,PRR,PURULIA JN,HWH,HOWRAH JN,1095,1100
12866,LALMATI EXPRESS,10,HWH,HOWRAH JN,20:30:00,00:00:00,340,PRR,PURULIA JN,HWH,HOWRAH JN,1230,0
12867,HWH PDY EXP,1,HWH,HOWRAH JN,00:00:00,23:30:00,0,HWH,HOWRAH JN,PDY,PUDUCHERRY,0,1410
12867,HWH PDY EXP,2,KGP,KHARAGPUR JN,01:10:00,01:15:00,116,HWH,HOWRAH JN,PDY,PUDUCHERRY,70,75
12867,HWH PDY EXP,5,BBS,BHUBANESWAR,05:55:00,06:00:00,439,HWH,HOWRAH JN,PDY,PUDUCHERRY,355,360
12867,HWH PDY EXP,8,VSKP,VISAKHAPATNAM,12:35:00,12:55:00,882,HWH,HOWRAH JN,PDY,PUDUCHERRY,755,775
12867,HWH PDY EXP,10,BZA,VIJAYAWADA JN,18:45:00,19:05:00,1232,HWH,HOWRAH JN,PDY,PUDUCHERRY,1125,1145
12867,HWH PDY EXP,13,RU,RENIGUNTA JN,00:55:00,01:05:00,1608,HWH,HOWRAH JN,PDY,PUDUCHERRY,55,65
12868,PDY HOWRAH EXP,8,RU,RENIGUNTA JN,20:05:00,20:15:00,312,PDY,PUDUCHERRY,HWH,HOWRAH JN,1205,1215
12868,PDY HOWRAH EXP,11,BZA,VIJAYAWADA JN,02:40:00,03:00:00,688,PDY,PUDUCHERRY,HWH,HOWRAH JN,160,180
12868,PDY HOWRAH EXP,13,VSKP,VISAKHAPATNAM,08:30:00,08:50:00,1039,PDY,PUDUCHERRY,HWH,HOWRAH JN,510,530
12868,PDY HOWRAH EXP,16,BBS,BHUBANESWAR,15:10:00,15:15:00,1481,PDY,PUDUCHERRY,HWH,HOWRAH JN,910,915
12868,PDY HOWRAH EXP,19,KGP,KHARAGPUR JN,20:08:00,20:23:00,1805,PDY,PUDUCHERRY,HWH,HOWRAH JN,1208,1223
12868,PDY HOWRAH EXP,20,HWH,HOWRAH JN,22:25:00,00:00:00,1920,PDY,PUDUCHERRY,HWH,HOWRAH JN,1345,0
12869,HOWRAH SUP EXP,7,AK,AKOLA JN,20:05:00,20:10:00,584,CSTM,MUMBAI CST,HWH,HOWRAH JN,1205,1210
12869,HOWRAH SUP EXP,8,BD,BADNERA JN,22:00:00,22:05:00,663,CSTM,MUMBAI CST,HWH,HOWRAH JN,1320,1325
12869,HOWRAH SUP EXP,9,NGP,NAGPUR,01:25:00,01:45:00,837,CSTM,MUMBAI CST,HWH,HOWRAH JN,85,105
12869,HOWRAH SUP EXP,18,KGP,KHARAGPUR JN,16:50:00,16:55:00,1853,CSTM,MUMBAI CST,HWH,HOWRAH JN,1010,1015
12869,HOWRAH SUP EXP,20,HWH,HOWRAH JN,19:30:00,00:00:00,1968,CSTM,MUMBAI CST,HWH,HOWRAH JN,1170,0
12870,HWH CSTM EXPRES,1,HWH,HOWRAH JN,00:00:00,14:35:00,0,HWH,HOWRAH JN,CSTM,MUMBAI CST,0,875
12870,HWH CSTM EXPRES,2,KGP,KHARAGPUR JN,16:15:00,16:20:00,116,HWH,HOWRAH JN,CSTM,MUMBAI CST,975,980
12870,HWH CSTM EXPRES,11,NGP,NAGPUR,08:20:00,08:30:00,1131,HWH,HOWRAH JN,CSTM,MUMBAI CST,500,510
12870,HWH CSTM EXPRES,12,BD,BADNERA JN,11:20:00,11:25:00,1305,HWH,HOWRAH JN,CSTM,MUMBAI CST,680,685
12870,HWH CSTM EXPRES,13,AK,AKOLA JN,12:19:00,12:24:00,1384,HWH,HOWRAH JN,CSTM,MUMBAI CST,739,744
12871,ISPAT EXPRESS,1,HWH,HOWRAH JN,00:00:00,06:55:00,0,HWH,HOWRAH JN,TIG,TITLAGARH,0,415
12871,ISPAT EXPRESS,2,KGP,KHARAGPUR JN,08:33:00,08:35:00,116,HWH,HOWRAH JN,TIG,TITLAGARH,513,515
12872,ISPAT EXPRESS,28,KGP,KHARAGPUR JN,16:40:00,16:45:00,630,TIG,TITLAGARH,HWH,HOWRAH JN,1000,1005
12872,ISPAT EXPRESS,30,HWH,HOWRAH JN,18:50:00,00:00:00,745,TIG,TITLAGARH,HWH,HOWRAH JN,1130,0
12873,JHARKHAND S J E,20,CNB,KANPUR CENTRAL,07:20:00,07:25:00,908,HTE,HATIA,ANVT,ANAND VIHAR TRM,440,445
12874,JHARKHAND EXP,2,CNB,KANPUR CENTRAL,01:45:00,01:50:00,427,ANVT,ANAND VIHAR TRM,HTE,HATIA,105,110
12875,NEELACHAL EXP,4,BBS,BHUBANESWAR,12:15:00,12:20:00,63,PURI,PURI,NDLS,NEW DELHI,735,740
12875,NEELACHAL EXP,10,KGP,KHARAGPUR JN,17:10:00,17:35:00,387,PURI,PURI,NDLS,NEW DELHI,1030,1055
12875,NEELACHAL EXP,35,CNB,KANPUR CENTRAL,15:20:00,15:30:00,1473,PURI,PURI,NDLS,NEW DELHI,920,930
12876,NEELACHAL EXP,8,CNB,KANPUR CENTRAL,12:30:00,12:40:00,440,NDLS,NEW DELHI,PURI,PURI,750,760
12876,NEELACHAL EXP,33,KGP,KHARAGPUR JN,09:35:00,10:00:00,1526,NDLS,NEW DELHI,PURI,PURI,575,600
12876,NEELACHAL EXP,39,BBS,BHUBANESWAR,14:55:00,15:00:00,1850,NDLS,NEW DELHI,PURI,PURI,895,900
12877,RNC GARIB RATH,14,CNB,KANPUR CENTRAL,05:45:00,05:50:00,902,RNC,RANCHI,NDLS,NEW DELHI,345,350
12878,NDLS RNC G RATH,3,CNB,KANPUR CENTRAL,21:00:00,21:05:00,440,NDLS,NEW DELHI,RNC,RANCHI,1260,1265
12879,LTT BBS SUP EXP,6,AK,AKOLA JN,08:40:00,08:45:00,569,LTT,LOKMANYATILAK T,BBS,BHUBANESWAR,520,525
12879,LTT BBS SUP EXP,7,NGP,NAGPUR,13:40:00,14:00:00,821,LTT,LOKMANYATILAK T,BBS,BHUBANESWAR,820,840
12879,LTT BBS SUP EXP,19,BBS,BHUBANESWAR,07:15:00,00:00:00,1788,LTT,LOKMANYATILAK T,BBS,BHUBANESWAR,435,0
12880,BBS LTT SF EXP,1,BBS,BHUBANESWAR,00:00:00,07:00:00,0,BBS,BHUBANESWAR,LTT,LOKMANYATILAK T,0,420
12880,BBS LTT SF EXP,14,NGP,NAGPUR,00:05:00,00:20:00,967,BBS,BHUBANESWAR,LTT,LOKMANYATILAK T,5,20
12880,BBS LTT SF EXP,15,AK,AKOLA JN,03:55:00,04:00:00,1220,BBS,BHUBANESWAR,LTT,LOKMANYATILAK T,235,240
12881,HWH PURI G RATH,1,HWH,HOWRAH JN,00:00:00,20:55:00,0,HWH,HOWRAH JN,PURI,PURI,0,1255
12881,HWH PURI G RATH,2,KGP,KHARAGPUR JN,22:40:00,22:50:00,116,HWH,HOWRAH JN,PURI,PURI,1360,1370
12881,HWH PURI G RATH,7,BBS,BHUBANESWAR,03:40:00,03:45:00,439,HWH,HOWRAH JN,PURI,PURI,220,225
12882,PURI HWH G RATH,3,BBS,BHUBANESWAR,23:35:00,23:40:00,63,PURI,PURI,HWH,HOWRAH JN,1415,1420
12882,PURI HWH G RATH,8,KGP,KHARAGPUR JN,04:35:00,04:45:00,387,PURI,PURI,HWH,HOWRAH JN,275,285
12882,PURI HWH G RATH,9,HWH,HOWRAH JN,07:05:00,00:00:00,502,PURI,PURI,HWH,HOWRAH JN,425,0
12883,RUPASIBANGLA EX,2,KGP,KHARAGPUR JN,07:50:00,08:00:00,108,SRC,SANTRAGACHI JN,PRR,PURULIA JN,470,480
12884,RUPASIBANGLA EX,13,KGP,KHARAGPUR JN,19:15:00,19:17:00,218,PRR,PURULIA JN,HWH,HOWRAH JN,1155,1157
12884,RUPASIBANGLA EX,15,HWH,HOWRAH JN,21:15:00,00:00:00,333,PRR,PURULIA JN,HWH,HOWRAH JN,1275,0
12885,ARANYAK EXPRESS,4,KGP,KHARAGPUR JN,09:27:00,09:32:00,113,SHM,SHALIMAR,BJE,BHOJUDIH JN,567,572
12886,ARANYAK EXPRESS,10,KGP,KHARAGPUR JN,16:55:00,17:00:00,198,BJE,BHOJUDIH JN,SHM,SHALIMAR,1015,1020
12887,HWH PURI EXPRES,1,HWH,HOWRAH JN,00:00:00,20:55:00,0,HWH,HOWRAH JN,PURI,PURI,0,1255
12887,HWH PURI EXPRES,2,KGP,KHARAGPUR JN,22:40:00,22:50:00,116,HWH,HOWRAH JN,PURI,PURI,1360,1370
12887,HWH PURI EXPRES,7,BBS,BHUBANESWAR,03:40:00,03:45:00,439,HWH,HOWRAH JN,PURI,PURI,220,225
12888,PURI HWH EXPRES,4,BBS,BHUBANESWAR,23:35:00,23:40:00,63,PURI,PURI,HWH,HOWRAH JN,1415,1420
12888,PURI HWH EXPRES,9,KGP,KHARAGPUR JN,04:35:00,04:45:00,387,PURI,PURI,HWH,HOWRAH JN,275,285
12888,PURI HWH EXPRES,11,HWH,HOWRAH JN,07:05:00,00:00:00,502,PURI,PURI,HWH,HOWRAH JN,425,0
12889,TATA YPR EXP,14,VSKP,VISAKHAPATNAM,09:40:00,10:00:00,820,TATA,TATANAGAR JN,YPR,YESVANTPUR JN,580,600
12889,TATA YPR EXP,17,BZA,VIJAYAWADA JN,15:30:00,15:45:00,1170,TATA,TATANAGAR JN,YPR,YESVANTPUR JN,930,945
12889,TATA YPR EXP,21,RU,RENIGUNTA JN,21:30:00,21:40:00,1546,TATA,TATANAGAR JN,YPR,YESVANTPUR JN,1290,1300
12890,YPR TATA EXP,5,RU,RENIGUNTA JN,15:00:00,15:10:00,355,YPR,YESVANTPUR JN,TATA,TATANAGAR JN,900,910
12890,YPR TATA EXP,9,BZA,VIJAYAWADA JN,21:35:00,21:55:00,731,YPR,YESVANTPUR JN,TATA,TATANAGAR JN,1295,1315
12890,YPR TATA EXP,12,VSKP,VISAKHAPATNAM,04:10:00,04:30:00,1081,YPR,YESVANTPUR JN,TATA,TATANAGAR JN,250,270
12891,BGY BBS EXPRES,16,BBS,BHUBANESWAR,10:00:00,00:00:00,313,BGY,BANGRIPOSI,BBS,BHUBANESWAR,600,0
12892,BBS BPO EXPRESS,1,BBS,BHUBANESWAR,00:00:00,17:10:00,0,BBS,BHUBANESWAR,BGY,BANGRIPOSI,0,1030
12893,BLGR EXPRESS,1,BBS,BHUBANESWAR,00:00:00,06:45:00,0,BBS,BHUBANESWAR,BLGR,BALANGIR,0,405
12894,BBS EXPRESS,15,BBS,BHUBANESWAR,21:50:00,00:00:00,397,BLGR,BALANGIR,BBS,BHUBANESWAR,1310,0
12895,HWH PURI EXPRES,1,HWH,HOWRAH JN,00:00:00,20:55:00,0,HWH,HOWRAH JN,PURI,PURI,0,1255
12895,HWH PURI EXPRES,2,KGP,KHARAGPUR JN,22:40:00,22:50:00,116,HWH,HOWRAH JN,PURI,PURI,1360,1370
12895,HWH PURI EXPRES,7,BBS,BHUBANESWAR,03:40:00,03:45:00,439,HWH,HOWRAH JN,PURI,PURI,220,225
12896,PURI HWH EXPRES,4,BBS,BHUBANESWAR,23:35:00,23:40:00,63,PURI,PURI,HWH,HOWRAH JN,1415,1420
12896,PURI HWH EXPRES,9,KGP,KHARAGPUR JN,04:35:00,04:45:00,387,PURI,PURI,HWH,HOWRAH JN,275,285
12896,PURI HWH EXPRES,11,HWH,HOWRAH JN,07:05:00,00:00:00,502,PURI,PURI,HWH,HOWRAH JN,425,0
12897,PDY BBS EXPRESS,9,BZA,VIJAYAWADA JN,05:30:00,05:40:00,631,PDY,PUDUCHERRY,BBS,BHUBANESWAR,330,340
12897,PDY BBS EXPRESS,13,VSKP,VISAKHAPATNAM,11:45:00,12:05:00,981,PDY,PUDUCHERRY,BBS,BHUBANESWAR,705,725
12897,PDY BBS EXPRESS,20,BBS,BHUBANESWAR,18:45:00,00:00:00,1424,PDY,PUDUCHERRY,BBS,BHUBANESWAR,1125,0
12898,BBS PDY EXPRESS,1,BBS,BHUBANESWAR,00:00:00,12:00:00,0,BBS,BHUBANESWAR,PDY,PUDUCHERRY,0,720
12898,BBS PDY EXPRESS,8,VSKP,VISAKHAPATNAM,18:45:00,19:10:00,443,BBS,BHUBANESWAR,PDY,PUDUCHERRY,1125,1150
12898,BBS PDY EXPRESS,12,BZA,VIJAYAWADA JN,01:25:00,01:35:00,793,BBS,BHUBANESWAR,PDY,PUDUCHERRY,85,95
12905,PBR HOWRAH EXP,14,AK,AKOLA JN,04:45:00,04:50:00,1167,PBR,PORBANDAR,HWH,HOWRAH JN,285,290
12905,PBR HOWRAH EXP,15,BD,BADNERA JN,06:40:00,06:45:00,1246,PBR,PORBANDAR,HWH,HOWRAH JN,400,405
12905,PBR HOWRAH EXP,16,NGP,NAGPUR,09:50:00,10:00:00,1420,PBR,PORBANDAR,HWH,HOWRAH JN,590,600
12905,PBR HOWRAH EXP,30,KGP,KHARAGPUR JN,01:25:00,01:30:00,2435,PBR,PORBANDAR,HWH,HOWRAH JN,85,90
12905,PBR HOWRAH EXP,31,HWH,HOWRAH JN,03:35:00,00:00:00,2551,PBR,PORBANDAR,HWH,HOWRAH JN,215,0
12906,HWH PBR OKHAEX,1,HWH,HOWRAH JN,00:00:00,22:50:00,0,HWH,HOWRAH JN,PBR,PORBANDAR,0,1370
12906,HWH PBR OKHAEX,2,KGP,KHARAGPUR JN,00:30:00,00:35:00,116,HWH,HOWRAH JN,PBR,PORBANDAR,30,35
12906,HWH PBR OKHAEX,16,NGP,NAGPUR,16:20:00,16:30:00,1131,HWH,HOWRAH JN,PBR,PORBANDAR,980,990
12906,HWH PBR OKHAEX,17,BD,BADNERA JN,19:10:00,19:15:00,1305,HWH,HOWRAH JN,PBR,PORBANDAR,1150,1155
12906,HWH PBR OKHAEX,18,AK,AKOLA JN,20:05:00,20:10:00,1384,HWH,HOWRAH JN,PBR,PORBANDAR,1205,1210
12913,TRISHATABDI EXP,7,HBJ,HABIBGANJ,01:33:00,01:35:00,269,INDB,INDORE JN BG,NGP,NAGPUR,93,95
12913,TRISHATABDI EXP,14,NGP,NAGPUR,08:25:00,00:00:00,652,INDB,INDORE JN BG,NGP,NAGPUR,505,0
12914,TRISHATABDI EXP,1,NGP,NAGPUR,00:00:00,19:00:00,0,NGP,NAGPUR,INDB,INDORE JN BG,0,1140
12914,TRISHATABDI EXP,8,HBJ,HABIBGANJ,01:23:00,01:25:00,383,NGP,NAGPUR,INDB,INDORE JN BG,83,85
12919,MALWA EXPRESS,15,BINA,BINA JN,19:35:00,19:40:00,402,INDB,INDORE JN BG,JAT,JAMMU TAWI,1175,1180
12920,MALWA EXPRESS,31,BINA,BINA JN,05:10:00,05:15:00,1139,JAT,JAMMU TAWI,INDB,INDORE JN BG,310,315
12923,INDB NAGPUR EXP,5,HBJ,HABIBGANJ,01:33:00,01:35:00,224,INDB,INDORE JN BG,NGP,NAGPUR,93,95
12923,INDB NAGPUR EXP,12,NGP,NAGPUR,08:25:00,00:00:00,607,INDB,INDORE JN BG,NGP,NAGPUR,505,0
12924,NGP INDORE EXP,1,NGP,NAGPUR,00:00:00,19:00:00,0,NGP,NAGPUR,INDB,INDORE JN BG,0,1140
12924,NGP INDORE EXP,8,HBJ,HABIBGANJ,01:23:00,01:25:00,383,NGP,NAGPUR,INDB,INDORE JN BG,83,85
12937,GARBHA EXPRESS,10,CNB,KANPUR CENTRAL,19:55:00,20:05:00,1514,GIMB,GANDHIDHAM BG,HWH,HOWRAH JN,1195,1205
12937,GARBHA EXPRESS,18,HWH,HOWRAH JN,13:05:00,00:00:00,2510,GIMB,GANDHIDHAM BG,HWH,HOWRAH JN,785,0
12938,GARBHA EXPRESS,1,HWH,HOWRAH JN,00:00:00,23:00:00,0,HWH,HOWRAH JN,GIMB,GANDHIDHAM BG,0,1380
12938,GARBHA EXPRESS,8,CNB,KANPUR CENTRAL,14:00:00,14:15:00,996,HWH,HOWRAH JN,GIMB,GANDHIDHAM BG,840,855
12939,PUNE JAIPUR EXP,1,PUNE,PUNE JN,00:00:00,15:20:00,0,PUNE,PUNE JN,JP,JAIPUR,0,920
12940,JP PUNE SF EXP,12,PUNE,PUNE JN,08:05:00,00:00:00,1302,JP,JAIPUR,PUNE,PUNE JN,485,0
12941,BVC ASANSOL EXP,21,CNB,KANPUR CENTRAL,19:55:00,20:05:00,1511,BVC,BHAVNAGAR TRMUS,ASN,ASANSOL JN,1195,1205
12942,PARASNATH EXP,15,CNB,KANPUR CENTRAL,08:00:00,08:15:00,808,ASN,ASANSOL JN,BVC,BHAVNAGAR TRMUS,480,495
12943,UDYOGKARMI EXP,4,JL,JALGAON JN,03:38:00,03:40:00,372,BL,VALSAD,CNB,KANPUR CENTRAL,218,220
12943,UDYOGKARMI EXP,8,BINA,BINA JN,12:50:00,12:55:00,933,BL,VALSAD,CNB,KANPUR CENTRAL,770,775
12943,UDYOGKARMI EXP,11,CNB,KANPUR CENTRAL,19:10:00,00:00:00,1305,BL,VALSAD,CNB,KANPUR CENTRAL,1150,0
12944,UDHYOGKARMI EXP,1,CNB,KANPUR CENTRAL,00:00:00,08:00:00,0,CNB,KANPUR CENTRAL,BL,VALSAD,0,480
12944,UDHYOGKARMI EXP,4,BINA,BINA JN,14:05:00,14:10:00,373,CNB,KANPUR CENTRAL,BL,VALSAD,845,850
12944,UDHYOGKARMI EXP,8,JL,JALGAON JN,23:28:00,23:30:00,934,CNB,KANPUR CENTRAL,BL,VALSAD,1408,1410
12947,AZIMABAD EXPRES,13,CNB,KANPUR CENTRAL,18:50:00,19:00:00,1213,ADI,AHMEDABAD JN,PNBE,PATNA JN,1130,1140
12948,AZIMABAD EXPRES,8,CNB,KANPUR CENTRAL,08:00:00,08:15:00,559,PNBE,PATNA JN,ADI,AHMEDABAD JN,480,495
12949,KAVIGURU EXPRES,15,JL,JALGAON JN,02:33:00,02:35:00,988,PBR,PORBANDAR,SRC,SANTRAGACHI JN,153,155
12949,KAVIGURU EXPRES,17,MKU,MALKAPUR,03:53:00,03:55:00,1062,PBR,PORBANDAR,SRC,SANTRAGACHI JN,233,235
12949,KAVIGURU EXPRES,18,AK,AKOLA JN,04:55:00,05:00:00,1152,PBR,PORBANDAR,SRC,SANTRAGACHI JN,295,300
12949,KAVIGURU EXPRES,19,BD,BADNERA JN,07:12:00,07:15:00,1231,PBR,PORBANDAR,SRC,SANTRAGACHI JN,432,435
12949,KAVIGURU EXPRES,20,WR,WARDHA JN,08:57:00,09:00:00,1326,PBR,PORBANDAR,SRC,SANTRAGACHI JN,537,540
12949,KAVIGURU EXPRES,21,NGP,NAGPUR,10:50:00,11:05:00,1405,PBR,PORBANDAR,SRC,SANTRAGACHI JN,650,665
12949,KAVIGURU EXPRES,35,KGP,KHARAGPUR JN,06:03:00,06:05:00,2549,PBR,PORBANDAR,SRC,SANTRAGACHI JN,363,365
12950,PBR KAVIGURU EX,2,KGP,KHARAGPUR JN,23:00:00,23:05:00,108,SRC,SANTRAGACHI JN,PBR,PORBANDAR,1380,1385
12950,PBR KAVIGURU EX,18,NGP,NAGPUR,17:50:00,18:00:00,1263,SRC,SANTRAGACHI JN,PBR,PORBANDAR,1070,1080
12950,PBR KAVIGURU EX,19,WR,WARDHA JN,19:07:00,19:10:00,1342,SRC,SANTRAGACHI JN,PBR,PORBANDAR,1147,1150
12950,PBR KAVIGURU EX,20,BD,BADNERA JN,20:45:00,20:48:00,1437,SRC,SANTRAGACHI JN,PBR,PORBANDAR,1245,1248
12950,PBR KAVIGURU EX,21,AK,AKOLA JN,21:40:00,21:45:00,1516,SRC,SANTRAGACHI JN,PBR,PORBANDAR,1300,1305
12950,PBR KAVIGURU EX,22,MKU,MALKAPUR,22:44:00,22:45:00,1605,SRC,SANTRAGACHI JN,PBR,PORBANDAR,1364,1365
12950,PBR KAVIGURU EX,24,JL,JALGAON JN,00:20:00,00:25:00,1680,SRC,SANTRAGACHI JN,PBR,PORBANDAR,20,25
12967,JAIPUR EXP,4,BZA,VIJAYAWADA JN,00:10:00,00:20:00,431,MAS,CHENNAI CENTRAL,JP,JAIPUR,10,20
12967,JAIPUR EXP,12,NGP,NAGPUR,11:05:00,11:15:00,1093,MAS,CHENNAI CENTRAL,JP,JAIPUR,665,675
12967,JAIPUR EXP,17,HBJ,HABIBGANJ,17:23:00,17:25:00,1475,MAS,CHENNAI CENTRAL,JP,JAIPUR,1043,1045
12968,JP MADRAS EXPRE,17,HBJ,HABIBGANJ,07:20:00,07:22:00,709,JP,JAIPUR,MAS,CHENNAI CENTRAL,440,442
12968,JP MADRAS EXP,17,HBJ,HABIBGANJ,07:20:00,07:22:00,709,JP,JAIPUR,MAS,CHENNAI CENTRAL,440,442
12968,JP MADRAS EXPRE,22,NGP,NAGPUR,14:00:00,14:10:00,1092,JP,JAIPUR,MAS,CHENNAI CENTRAL,840,850
12968,JP MADRAS EXP,22,NGP,NAGPUR,14:00:00,14:10:00,1092,JP,JAIPUR,MAS,CHENNAI CENTRAL,840,850
12968,JP MADRAS EXPRE,31,BZA,VIJAYAWADA JN,02:10:00,02:20:00,1754,JP,JAIPUR,MAS,CHENNAI CENTRAL,130,140
12968,JP MADRAS EXP,31,BZA,VIJAYAWADA JN,02:10:00,02:20:00,1754,JP,JAIPUR,MAS,CHENNAI CENTRAL,130,140
12969,CBE JAIPUR EXP,6,JTJ,JOLARPETTAI,13:35:00,13:40:00,284,CBE,COIMBATORE JN,JP,JAIPUR,815,820
12969,CBE JAIPUR EXP,12,BZA,VIJAYAWADA JN,00:10:00,00:20:00,927,CBE,COIMBATORE JN,JP,JAIPUR,10,20
12969,CBE JAIPUR EXP,20,NGP,NAGPUR,11:05:00,11:15:00,1589,CBE,COIMBATORE JN,JP,JAIPUR,665,675
12969,CBE JAIPUR EXP,25,HBJ,HABIBGANJ,17:23:00,17:25:00,1972,CBE,COIMBATORE JN,JP,JAIPUR,1043,1045
12970,JP CBE SUP EXP,17,HBJ,HABIBGANJ,07:20:00,07:22:00,709,JP,JAIPUR,CBE,COIMBATORE JN,440,442
12970,JP CBE SUP EXP,22,NGP,NAGPUR,14:00:00,14:10:00,1092,JP,JAIPUR,CBE,COIMBATORE JN,840,850
12970,JP CBE SUP EXP,31,BZA,VIJAYAWADA JN,02:10:00,02:20:00,1754,JP,JAIPUR,CBE,COIMBATORE JN,130,140
12970,JP CBE SUP EXP,37,JTJ,JOLARPETTAI,13:18:00,13:20:00,2397,JP,JAIPUR,CBE,COIMBATORE JN,798,800
12975,JAIPUR EXPRESS,4,BNC,BANGALORE CANT,13:10:00,13:12:00,143,MYS,MYSORE JN,JP,JAIPUR,790,792
12975,JAIPUR EXPRESS,25,NGP,NAGPUR,11:05:00,11:15:00,1388,MYS,MYSORE JN,JP,JAIPUR,665,675
12975,JAIPUR EXPRESS,29,HBD,HOSHANGABAD,16:19:00,16:20:00,1703,MYS,MYSORE JN,JP,JAIPUR,979,980
12975,JAIPUR EXPRESS,30,HBJ,HABIBGANJ,17:23:00,17:25:00,1771,MYS,MYSORE JN,JP,JAIPUR,1043,1045
12976,JP MYSORE EXP,15,HBJ,HABIBGANJ,07:20:00,07:22:00,709,JP,JAIPUR,MYS,MYSORE JN,440,442
12976,JP MYSORE EXP,16,HBD,HOSHANGABAD,08:20:00,08:22:00,777,JP,JAIPUR,MYS,MYSORE JN,500,502
12976,JP MYSORE EXP,20,NGP,NAGPUR,14:00:00,14:10:00,1092,JP,JAIPUR,MYS,MYSORE JN,840,850
12976,JP MYSORE EXP,45,BNC,BANGALORE CANT,12:18:00,12:20:00,2337,JP,JAIPUR,MYS,MYSORE JN,738,740
12987,SDAH AJMER EXP,16,CNB,KANPUR CENTRAL,14:30:00,14:40:00,1014,SDAH,SEALDAH,AII,AJMER JN,870,880
12988,AII SDAH EXPRES,8,CNB,KANPUR CENTRAL,23:20:00,23:28:00,628,AII,AJMER JN,SDAH,SEALDAH,1400,1408
12993,GIMB PURI EXP,10,JL,JALGAON JN,14:50:00,14:55:00,841,GIMB,GANDHIDHAM BG,PURI,PURI,890,895
12993,GIMB PURI EXP,12,NGP,NAGPUR,21:40:00,21:50:00,1257,GIMB,GANDHIDHAM BG,PURI,PURI,1300,1310
12993,GIMB PURI EXP,25,BBS,BHUBANESWAR,14:10:00,14:15:00,2221,GIMB,GANDHIDHAM BG,PURI,PURI,850,855
12994,PURI GIMB EXP,3,BBS,BHUBANESWAR,21:00:00,21:05:00,63,PURI,PURI,GIMB,GANDHIDHAM BG,1260,1265
12994,PURI GIMB EXP,16,NGP,NAGPUR,14:35:00,14:45:00,1026,PURI,PURI,GIMB,GANDHIDHAM BG,875,885
12994,PURI GIMB EXP,18,JL,JALGAON JN,21:24:00,21:25:00,1443,PURI,PURI,GIMB,GANDHIDHAM BG,1284,1285
13005,AMRITSAR MAIL,1,HWH,HOWRAH JN,00:00:00,19:10:00,0,HWH,HOWRAH JN,ASR,AMRITSAR JN,0,1150
13006,ASR HWH MAIL,56,HWH,HOWRAH JN,07:20:00,00:00:00,1910,ASR,AMRITSAR JN,HWH,HOWRAH JN,440,0
13007,U ABHATOOFAN EX,1,HWH,HOWRAH JN,00:00:00,09:35:00,0,HWH,HOWRAH JN,SGNR,SHRI GANGANAGAR,0,575
13007,U ABHATOOFAN EX,62,CNB,KANPUR CENTRAL,08:25:00,08:40:00,1103,HWH,HOWRAH JN,SGNR,SHRI GANGANAGAR,505,520
13008,U A TOOFAN EXP,47,CNB,KANPUR CENTRAL,18:30:00,18:45:00,875,SGNR,SHRI GANGANAGAR,HWH,HOWRAH JN,1110,1125
13008,U A TOOFAN EXP,108,HWH,HOWRAH JN,19:30:00,00:00:00,1978,SGNR,SHRI GANGANAGAR,HWH,HOWRAH JN,1170,0
13009,DOON EXPRESS,1,HWH,HOWRAH JN,00:00:00,20:30:00,0,HWH,HOWRAH JN,DDN,DEHRADUN,0,1230
13010,DOON EXPRESS,78,HWH,HOWRAH JN,06:55:00,00:00:00,1557,DDN,DEHRADUN,HWH,HOWRAH JN,415,0
13011,HWH MLDT INT EX,1,HWH,HOWRAH JN,00:00:00,15:25:00,0,HWH,HOWRAH JN,MLDT,MALDA TOWN,0,925
13011,HWH MLDT INT EX,11,RPH,RAMPUR HAT,19:41:00,19:46:00,219,HWH,HOWRAH JN,MLDT,MALDA TOWN,1181,1186
13012,MLDT HWH INT EX,8,RPH,RAMPUR HAT,07:04:00,07:06:00,122,MLDT,MALDA TOWN,HWH,HOWRAH JN,424,426
13012,MLDT HWH INT EX,18,HWH,HOWRAH JN,11:25:00,00:00:00,340,MLDT,MALDA TOWN,HWH,HOWRAH JN,685,0
13017,GANADEVTA EXP,1,HWH,HOWRAH JN,00:00:00,06:05:00,0,HWH,HOWRAH JN,AZ,AZIMGANJ JN,0,365
13017,GANADEVTA EXP,11,RPH,RAMPUR HAT,10:12:00,10:22:00,219,HWH,HOWRAH JN,AZ,AZIMGANJ JN,612,622
13018,GANADEVTA EXP,5,RPH,RAMPUR HAT,17:12:00,17:17:00,59,AZ,AZIMGANJ JN,HWH,HOWRAH JN,1032,1037
13018,GANADEVTA EXP,15,HWH,HOWRAH JN,21:45:00,00:00:00,278,AZ,AZIMGANJ JN,HWH,HOWRAH JN,1305,0
13019,BAGH EXPRESS,1,HWH,HOWRAH JN,00:00:00,21:45:00,0,HWH,HOWRAH JN,KGM,KATHGODAM,0,1305
13020,BAGH EXPRESS,65,HWH,HOWRAH JN,12:40:00,00:00:00,1521,KGM,KATHGODAM,HWH,HOWRAH JN,760,0
13021,MITHILA EXPRESS,1,HWH,HOWRAH JN,00:00:00,15:45:00,0,HWH,HOWRAH JN,RXL,RAXAUL JN,0,945
13022,MITHILA EXPRESS,42,HWH,HOWRAH JN,04:00:00,00:00:00,693,RXL,RAXAUL JN,HWH,HOWRAH JN,240,0
13023,HWH GAYA EXPRES,1,HWH,HOWRAH JN,00:00:00,19:50:00,0,HWH,HOWRAH JN,GAYA,GAYA JN,0,1190
13023,HWH GAYA EXPRES,8,RPH,RAMPUR HAT,23:49:00,23:54:00,219,HWH,HOWRAH JN,GAYA,GAYA JN,1429,1434
13024,GAYA HWH EXPRES,26,RPH,RAMPUR HAT,23:05:00,23:10:00,435,GAYA,GAYA JN,HWH,HOWRAH JN,1385,1390
13024,GAYA HWH EXPRES,33,HWH,HOWRAH JN,03:40:00,00:00:00,654,GAYA,GAYA JN,HWH,HOWRAH JN,220,0
13025,HWH BPL EXPRESS,1,HWH,HOWRAH JN,00:00:00,13:25:00,0,HWH,HOWRAH JN,BPL,BHOPAL JN,0,805
13025,HWH BPL EXPRESS,23,BINA,BINA JN,16:10:00,16:15:00,1321,HWH,HOWRAH JN,BPL,BHOPAL JN,970,975
13026,BPL HOWRAH EXP,3,BINA,BINA JN,09:35:00,09:40:00,139,BPL,BHOPAL JN,HWH,HOWRAH JN,575,580
13026,BPL HOWRAH EXP,25,HWH,HOWRAH JN,15:00:00,00:00:00,1459,BPL,BHOPAL JN,HWH,HOWRAH JN,900,0
13027,KAVI GURU EXP,1,HWH,HOWRAH JN,00:00:00,22:40:00,0,HWH,HOWRAH JN,AZ,AZIMGANJ JN,0,1360
13027,KAVI GURU EXP,7,RPH,RAMPUR HAT,02:40:00,02:42:00,219,HWH,HOWRAH JN,AZ,AZIMGANJ JN,160,162
13028,KAVI GURU EXP,5,RPH,RAMPUR HAT,09:23:00,09:25:00,59,AZ,AZIMGANJ JN,HWH,HOWRAH JN,563,565
13028,KAVI GURU EXP,11,HWH,HOWRAH JN,13:55:00,00:00:00,278,AZ,AZIMGANJ JN,HWH,HOWRAH JN,835,0
13043,HWH RXL EXPRESS,1,HWH,HOWRAH JN,00:00:00,22:50:00,0,HWH,HOWRAH JN,RXL,RAXAUL JN,0,1370
13044,RXL HWH EXPRESS,18,HWH,HOWRAH JN,12:15:00,00:00:00,699,RXL,RAXAUL JN,HWH,HOWRAH JN,735,0
13049,AMRITSAR EXP,1,HWH,HOWRAH JN,00:00:00,13:50:00,0,HWH,HOWRAH JN,ASR,AMRITSAR JN,0,830
13050,ASR HWH EXPRESS,106,HWH,HOWRAH JN,15:45:00,00:00:00,1922,ASR,AMRITSAR JN,HWH,HOWRAH JN,945,0
13051,HOOL EXPRESS,1,HWH,HOWRAH JN,00:00:00,06:45:00,0,HWH,HOWRAH JN,SURI,SIURI,0,405
13052,HOOL EXPRESS,10,HWH,HOWRAH JN,18:25:00,00:00:00,241,SURI,SIURI,HWH,HOWRAH JN,1105,0
13053,HWH SURI EXP,1,HWH,HOWRAH JN,00:00:00,08:35:00,0,HWH,HOWRAH JN,SURI,SIURI,0,515
13054,SURI HWH EXP,7,HWH,HOWRAH JN,22:40:00,00:00:00,211,SURI,SIURI,HWH,HOWRAH JN,1360,0
13063,HWH BLGT EXP,1,HWH,HOWRAH JN,00:00:00,08:00:00,0,HWH,HOWRAH JN,BLGT,BALURGHAT,0,480
13064,BLGT HWH EXPRES,11,HWH,HOWRAH JN,06:15:00,00:00:00,437,BLGT,BALURGHAT,HWH,HOWRAH JN,375,0
13071,HWH JMP EXPRESS,1,HWH,HOWRAH JN,00:00:00,21:35:00,0,HWH,HOWRAH JN,JMP,JAMALPUR JN,0,1295
13071,HWH JMP EXPRESS,5,RPH,RAMPUR HAT,00:52:00,00:57:00,207,HWH,HOWRAH JN,JMP,JAMALPUR JN,52,57
13072,JMP HWH EXP,17,RPH,RAMPUR HAT,01:27:00,01:32:00,261,JMP,JAMALPUR JN,HWH,HOWRAH JN,87,92
13072,JMP HWH EXP,21,HWH,HOWRAH JN,05:30:00,00:00:00,467,JMP,JAMALPUR JN,HWH,HOWRAH JN,330,0
13119,SDAH DLI EXP,10,RPH,RAMPUR HAT,01:16:00,01:21:00,213,SDAH,SEALDAH,DLI,DELHI,76,81
13120,DLI SDAH EXP,79,RPH,RAMPUR HAT,05:48:00,06:03:00,1428,DLI,DELHI,SDAH,SEALDAH,348,363
13131,KOAA ANVT EXP,90,CNB,KANPUR CENTRAL,23:05:00,23:15:00,1106,KOAA,KOLKATA,ANVT,ANAND VIHAR TRM,1385,1395
13132,ANVT KOAA EXP,15,CNB,KANPUR CENTRAL,03:40:00,03:50:00,427,ANVT,ANAND VIHAR TRM,KOAA,KOLKATA,220,230
13133,SDAH BSB EXP,10,RPH,RAMPUR HAT,01:16:00,01:21:00,213,SDAH,SEALDAH,BSB,VARANASI JN,76,81
13134,BSB SDAH EXPRES,73,RPH,RAMPUR HAT,05:48:00,06:03:00,658,BSB,VARANASI JN,SDAH,SEALDAH,348,363
13147,UTTAR BANGA EXP,9,RPH,RAMPUR HAT,23:30:00,23:35:00,213,SDAH,SEALDAH,NCB,NEW COOCH BEHAR,1410,1415
13148,UTTAR BANGA EXP,16,RPH,RAMPUR HAT,00:59:00,01:07:00,480,NCB,NEW COOCH BEHAR,SDAH,SEALDAH,59,67
13149,KANCHANKANYA EX,9,RPH,RAMPUR HAT,00:25:00,00:30:00,213,SDAH,SEALDAH,APDJ,ALIPUR DUAR JN,25,30
13150,KANCHANKANYA EX,17,RPH,RAMPUR HAT,03:52:00,04:00:00,522,APDJ,ALIPUR DUAR JN,SDAH,SEALDAH,232,240
13153,GOUR EXPRESS,9,RPH,RAMPUR HAT,03:02:00,03:07:00,226,SDAH,SEALDAH,MLDT,MALDA TOWN,182,187
13154,GOUR EXP,7,RPH,RAMPUR HAT,00:17:00,00:22:00,122,MLDT,MALDA TOWN,SDAH,SEALDAH,17,22
13159,KOLKATA JBN EXP,6,RPH,RAMPUR HAT,02:05:00,02:10:00,222,KOAA,KOLKATA,JBN,JOGBANI,125,130
13160,JBN KOLKATA EXP,11,RPH,RAMPUR HAT,22:45:00,22:50:00,321,JBN,JOGBANI,KOAA,KOLKATA,1365,1370
13161,KOAA BLGT EXP,4,RPH,RAMPUR HAT,16:40:00,16:45:00,209,KOAA,KOLKATA,BLGT,BALURGHAT,1000,1005
13162,BLGT KOAA EXP,9,RPH,RAMPUR HAT,10:25:00,10:30:00,228,BLGT,BALURGHAT,KOAA,KOLKATA,625,630
13167,KOAA AGC EXPRES,14,CNB,KANPUR CENTRAL,07:50:00,07:55:00,1055,KOAA,KOLKATA,AGC,AGRA CANTT,470,475
13168,AGC KOAA EXP,9,CNB,KANPUR CENTRAL,12:33:00,12:40:00,406,AGC,AGRA CANTT,KOAA,KOLKATA,753,760
13187,SDAH RPH EXP,10,RPH,RAMPUR HAT,12:15:00,00:00:00,226,SDAH,SEALDAH,RPH,RAMPUR HAT,735,0
13188,RPH SDAH EXP,1,RPH,RAMPUR HAT,00:00:00,14:05:00,0,RPH,RAMPUR HAT,SDAH,SEALDAH,0,845
13201,RJPB LTT EXP,37,GAR,GADARWARA,17:13:00,17:15:00,845,RJPB,RAJENDRANAGAR T,LTT,LOKMANYATILAK T,1033,1035
13201,RJPB LTT EXP,46,HD,HARDA,21:49:00,21:51:00,1037,RJPB,RAJENDRANAGAR T,LTT,LOKMANYATILAK T,1309,1311
13201,RJPB LTT EXP,55,JL,JALGAON JN,02:59:00,03:00:00,1293,RJPB,RAJENDRANAGAR T,LTT,LOKMANYATILAK T,179,180
13201,RJPB LTT EXP,64,KSRA,KASARA,09:08:00,09:10:00,1592,RJPB,RAJENDRANAGAR T,LTT,LOKMANYATILAK T,548,550
13202,LTT RJPB EXP,12,JL,JALGAON JN,04:48:00,04:50:00,405,LTT,LOKMANYATILAK T,RJPB,RAJENDRANAGAR T,288,290
13202,LTT RJPB EXP,21,HD,HARDA,09:36:00,09:38:00,660,LTT,LOKMANYATILAK T,RJPB,RAJENDRANAGAR T,576,578
13202,LTT RJPB EXP,30,GAR,GADARWARA,13:44:00,13:46:00,853,LTT,LOKMANYATILAK T,RJPB,RAJENDRANAGAR T,824,826
13237,PNBE KOTA EXP,15,CNB,KANPUR CENTRAL,01:20:00,01:30:00,626,PNBE,PATNA JN,KOTA,KOTA JN,80,90
13238,KOTA PNBE EXP,16,CNB,KANPUR CENTRAL,04:20:00,04:30:00,636,KOTA,KOTA JN,PNBE,PATNA JN,260,270
13239,PNBE KOTA EXP,10,CNB,KANPUR CENTRAL,01:20:00,01:30:00,586,PNBE,PATNA JN,KOTA,KOTA JN,80,90
13240,KOTA PNBE EXP,16,CNB,KANPUR CENTRAL,04:20:00,04:30:00,644,KOTA,KOTA JN,PNBE,PATNA JN,260,270
13351,DHN ALAPPUZHA E,42,VSKP,VISAKHAPATNAM,09:55:00,10:15:00,997,DHN,DHANBAD JN,ALLP,ALLEPPEY,595,615
13351,DHN ALAPPUZHA E,59,BZA,VIJAYAWADA JN,17:40:00,18:00:00,1347,DHN,DHANBAD JN,ALLP,ALLEPPEY,1060,1080
13351,DHN ALAPPUZHA E,80,JTJ,JOLARPETTAI,07:18:00,07:20:00,1990,DHN,DHANBAD JN,ALLP,ALLEPPEY,438,440
13352,DHANBAD EXPRESS,20,JTJ,JOLARPETTAI,17:00:00,17:05:00,546,ALLP,ALLEPPEY,DHN,DHANBAD JN,1020,1025
13352,DHANBAD EXPRESS,42,BZA,VIJAYAWADA JN,07:10:00,07:30:00,1189,ALLP,ALLEPPEY,DHN,DHANBAD JN,430,450
13352,DHANBAD EXPRESS,60,VSKP,VISAKHAPATNAM,15:15:00,15:35:00,1539,ALLP,ALLEPPEY,DHN,DHANBAD JN,915,935
13403,VANANCHAL EXP,15,RPH,RAMPUR HAT,00:03:00,00:08:00,350,RNC,RANCHI,BGP,BHAGALPUR,3,8
13404,VANANCHAL EXP,13,RPH,RAMPUR HAT,19:58:00,20:13:00,208,BGP,BHAGALPUR,RNC,RANCHI,1198,1213
13413,FARAKKA EXPRESS,52,CNB,KANPUR CENTRAL,21:05:00,21:15:00,985,MLDT,MALDA TOWN,DLI,DELHI,1265,1275
13414,FARKKA EXPRESS,10,CNB,KANPUR CENTRAL,05:30:00,05:45:00,434,DLI,DELHI,MLDT,MALDA TOWN,330,345
13417,DGHA MLDT EXP,5,KGP,KHARAGPUR JN,03:10:00,03:20:00,163,DGHA,DIGHA FLAG STN,MLDT,MALDA TOWN,190,200
13417,DGHA MLDT EXP,15,RPH,RAMPUR HAT,11:57:00,12:02:00,532,DGHA,DIGHA FLAG STN,MLDT,MALDA TOWN,717,722
13418,MLDT DGHA EXP,4,RPH,RAMPUR HAT,10:15:00,10:20:00,122,MLDT,MALDA TOWN,DGHA,DIGHA FLAG STN,615,620
13418,MLDT DGHA EXP,14,KGP,KHARAGPUR JN,19:35:00,19:50:00,491,MLDT,MALDA TOWN,DGHA,DIGHA FLAG STN,1175,1190
13425,MLDT ST EXP,4,RPH,RAMPUR HAT,14:56:00,14:58:00,122,MLDT,MALDA TOWN,ST,SURAT,896,898
13425,MLDT ST EXP,19,NGP,NAGPUR,15:05:00,15:15:00,1398,MLDT,MALDA TOWN,ST,SURAT,905,915
13425,MLDT ST EXP,20,WR,WARDHA JN,16:27:00,16:30:00,1477,MLDT,MALDA TOWN,ST,SURAT,987,990
13425,MLDT ST EXP,21,BD,BADNERA JN,18:05:00,18:10:00,1572,MLDT,MALDA TOWN,ST,SURAT,1085,1090
13425,MLDT ST EXP,22,AK,AKOLA JN,19:05:00,19:10:00,1651,MLDT,MALDA TOWN,ST,SURAT,1145,1150
13425,MLDT ST EXP,23,MKU,MALKAPUR,20:33:00,20:35:00,1741,MLDT,MALDA TOWN,ST,SURAT,1233,1235
13425,MLDT ST EXP,25,JL,JALGAON JN,22:24:00,22:25:00,1815,MLDT,MALDA TOWN,ST,SURAT,1344,1345
13426,ST MALDA TOWN E,4,JL,JALGAON JN,19:10:00,19:15:00,311,ST,SURAT,MLDT,MALDA TOWN,1150,1155
13426,ST MALDA TOWN E,6,MKU,MALKAPUR,20:33:00,20:35:00,386,ST,SURAT,MLDT,MALDA TOWN,1233,1235
13426,ST MALDA TOWN E,7,AK,AKOLA JN,21:35:00,21:40:00,475,ST,SURAT,MLDT,MALDA TOWN,1295,1300
13426,ST MALDA TOWN E,8,BD,BADNERA JN,23:05:00,23:10:00,554,ST,SURAT,MLDT,MALDA TOWN,1385,1390
13426,ST MALDA TOWN E,9,WR,WARDHA JN,00:39:00,00:42:00,649,ST,SURAT,MLDT,MALDA TOWN,39,42
13426,ST MALDA TOWN E,10,NGP,NAGPUR,01:55:00,02:25:00,728,ST,SURAT,MLDT,MALDA TOWN,115,145
13426,ST MALDA TOWN E,24,RPH,RAMPUR HAT,03:35:00,03:37:00,2002,ST,SURAT,MLDT,MALDA TOWN,215,217
13465,INTERCITY EXP,1,HWH,HOWRAH JN,00:00:00,15:15:00,0,HWH,HOWRAH JN,MLDT,MALDA TOWN,0,915
13466,INTERCITY EXP,15,HWH,HOWRAH JN,12:50:00,00:00:00,331,MLDT,MALDA TOWN,HWH,HOWRAH JN,770,0
13483,FARAKKA EXPRESS,53,CNB,KANPUR CENTRAL,21:05:00,21:15:00,1025,MLDT,MALDA TOWN,DLI,DELHI,1265,1275
13484,FARAKKA EXPRESS,10,CNB,KANPUR CENTRAL,05:30:00,05:45:00,434,DLI,DELHI,MLDT,MALDA TOWN,330,345
14005,LICHCHAVI EXP,37,CNB,KANPUR CENTRAL,22:25:00,22:30:00,767,SMI,SITAMARHI,ANVT,ANAND VIHAR TRM,1345,1350
14006,LICHCHAVI EXP,7,CNB,KANPUR CENTRAL,23:30:00,23:40:00,427,ANVT,ANAND VIHAR TRM,SMI,SITAMARHI,1410,1420
14009,PATALKOT EXP,9,HBD,HOSHANGABAD,15:23:00,15:25:00,263,CWA,CHHINDWARA JN,DEE,DELHI S ROHILLA,923,925
14009,PATALKOT EXP,10,HBJ,HABIBGANJ,16:33:00,16:35:00,331,CWA,CHHINDWARA JN,DEE,DELHI S ROHILLA,993,995
14009,PATALKOT EXP,14,BINA,BINA JN,20:10:00,20:15:00,475,CWA,CHHINDWARA JN,DEE,DELHI S ROHILLA,1210,1215
14010,PATALKOT EXP,9,BINA,BINA JN,22:40:00,22:45:00,575,DEE,DELHI S ROHILLA,CWA,CHHINDWARA JN,1360,1365
14010,PATALKOT EXP,13,HBJ,HABIBGANJ,00:50:00,00:52:00,720,DEE,DELHI S ROHILLA,CWA,CHHINDWARA JN,50,52
14010,PATALKOT EXP,14,HBD,HOSHANGABAD,01:50:00,01:52:00,788,DEE,DELHI S ROHILLA,CWA,CHHINDWARA JN,110,112
14055,BRAHMPUTRA MAIL,57,CNB,KANPUR CENTRAL,22:35:00,22:45:00,2155,DBRG,DIBRUGARH,DLI,DELHI,1355,1365
14056,BRAHMPUTRA MAIL,6,CNB,KANPUR CENTRAL,05:55:00,06:00:00,434,DLI,DELHI,DBRG,DIBRUGARH,355,360
14114,LINK EXPRESS,23,CNB,KANPUR CENTRAL,04:10:00,04:20:00,669,DDN,DEHRADUN,ALD,ALLAHABAD JN,250,260
14151,CNB ANVT EXP,1,CNB,KANPUR CENTRAL,00:00:00,07:10:00,0,CNB,KANPUR CENTRAL,ANVT,ANAND VIHAR TRM,0,430
14152,ANVT CNB EXP,13,CNB,KANPUR CENTRAL,07:30:00,00:00:00,479,ANVT,ANAND VIHAR TRM,CNB,KANPUR CENTRAL,450,0
14153,CNB ASR EXP,1,CNB,KANPUR CENTRAL,00:00:00,17:15:00,0,CNB,KANPUR CENTRAL,ASR,AMRITSAR JN,0,1035
14154,ASR CNB EXPRESS,14,CNB,KANPUR CENTRAL,05:05:00,00:00:00,898,ASR,AMRITSAR JN,CNB,KANPUR CENTRAL,305,0
14155,CNB JAT EXP,1,CNB,KANPUR CENTRAL,00:00:00,17:15:00,0,CNB,KANPUR CENTRAL,JAT,JAMMU TAWI,0,1035
14156,JAT CNB EXP,15,CNB,KANPUR CENTRAL,13:55:00,00:00:00,1017,JAT,JAMMU TAWI,CNB,KANPUR CENTRAL,835,0
14163,SANGAM EXPRESS,13,CNB,KANPUR CENTRAL,21:20:00,21:25:00,195,ALD,ALLAHABAD JN,MTC,MEERUT CITY,1280,1285
14164,SANGAM EXP,15,CNB,KANPUR CENTRAL,04:10:00,04:20:00,444,MTC,MEERUT CITY,ALD,ALLAHABAD JN,250,260
14217,UNCHAHAR EXP,17,CNB,KANPUR CENTRAL,20:05:00,20:30:00,215,ALD,ALLAHABAD JN,CDG,CHANDIGARH,1205,1230
14218,UNCHAHAR EXP,26,CNB,KANPUR CENTRAL,05:05:00,05:30:00,699,CDG,CHANDIGARH,ALD,ALLAHABAD JN,305,330
14259,RMM VARANASI EX,25,BZA,VIJAYAWADA JN,20:05:00,20:20:00,1099,RMM,RAMESWARAM,BSB,VARANASI JN,1205,1220
14259,RMM VARANASI EX,31,NGP,NAGPUR,07:35:00,07:45:00,1761,RMM,RAMESWARAM,BSB,VARANASI JN,455,465
14260,BSB RMM EXPRESS,8,NGP,NAGPUR,15:10:00,15:20:00,1034,BSB,VARANASI JN,RMM,RAMESWARAM,910,920
14260,BSB RMM EXPRESS,14,BZA,VIJAYAWADA JN,02:50:00,03:00:00,1696,BSB,VARANASI JN,RMM,RAMESWARAM,170,180
14309,UJJAINI EXPRESS,11,BINA,BINA JN,23:55:00,00:20:00,374,UJN,UJJAIN JN,DDN,DEHRADUN,1435,20
14310,UJJAIYANI EXP,21,BINA,BINA JN,01:15:00,01:35:00,871,DDN,DEHRADUN,UJN,UJJAIN JN,75,95
14313,BAREILLY EXP,6,JL,JALGAON JN,14:03:00,14:05:00,405,LTT,LOKMANYATILAK T,BE,BAREILLY,843,845
14313,BAREILLY EXP,10,HD,HARDA,18:38:00,18:40:00,660,LTT,LOKMANYATILAK T,BE,BAREILLY,1118,1120
14313,BAREILLY EXP,12,HBJ,HABIBGANJ,21:48:00,21:50:00,821,LTT,LOKMANYATILAK T,BE,BAREILLY,1308,1310
14313,BAREILLY EXP,14,BINA,BINA JN,01:00:00,01:05:00,966,LTT,LOKMANYATILAK T,BE,BAREILLY,60,65
14314,BE LTT EXPRESS,14,BINA,BINA JN,02:20:00,02:25:00,643,BE,BAREILLY,LTT,LOKMANYATILAK T,140,145
14314,BE LTT EXPRESS,16,HBJ,HABIBGANJ,04:30:00,04:32:00,787,BE,BAREILLY,LTT,LOKMANYATILAK T,270,272
14314,BE LTT EXPRESS,18,HD,HARDA,08:10:00,08:12:00,948,BE,BAREILLY,LTT,LOKMANYATILAK T,490,492
14314,BE LTT EXPRESS,22,JL,JALGAON JN,12:18:00,12:20:00,1204,BE,BAREILLY,LTT,LOKMANYATILAK T,738,740
14319,INDB BARELLY EX,10,BINA,BINA JN,01:00:00,01:05:00,402,INDB,INDORE JN BG,BE,BAREILLY,60,65
14320,BE INDB EXPRESS,11,BINA,BINA JN,02:20:00,02:25:00,643,BE,BAREILLY,INDB,INDORE JN BG,140,145
14709,BKN PURI EXP,29,BBS,BHUBANESWAR,08:20:00,08:25:00,2035,BKN,BIKANER JN,PURI,PURI,500,505
14710,PURI BKN EXPRES,3,BBS,BHUBANESWAR,06:55:00,07:00:00,63,PURI,PURI,BKN,BIKANER JN,415,420
14723,KALINDI EXPRESS,1,CNB,KANPUR CENTRAL,00:00:00,17:20:00,0,CNB,KANPUR CENTRAL,BNW,BHIWANI,0,1040
14724,KALINDI EXPRESS,30,CNB,KANPUR CENTRAL,11:10:00,00:00:00,605,BNW,BHIWANI,CNB,KANPUR CENTRAL,670,0
14805,BARMER AC EXP,10,SUR,SOLAPUR JN,03:50:00,04:00:00,821,YPR,YESVANTPUR JN,BME,BARMER,230,240
14805,BARMER AC EXP,11,PUNE,PUNE JN,08:05:00,08:15:00,1085,YPR,YESVANTPUR JN,BME,BARMER,485,495
14806,BME YPR AC EXP,28,PUNE,PUNE JN,01:40:00,02:00:00,1167,BME,BARMER,YPR,YESVANTPUR JN,100,120
14806,BME YPR AC EXP,29,SUR,SOLAPUR JN,08:35:00,08:45:00,1430,BME,BARMER,YPR,YESVANTPUR JN,515,525
14853,MARUDHAR EXPRES,12,CNB,KANPUR CENTRAL,01:55:00,02:00:00,398,BSB,VARANASI JN,JU,JODHPUR JN,115,120
14854,MARUDHAR EXPRES,25,CNB,KANPUR CENTRAL,01:20:00,01:25:00,806,JU,JODHPUR JN,BSB,VARANASI JN,80,85
14863,MARUDHAR EXPRES,8,CNB,KANPUR CENTRAL,01:55:00,02:00:00,357,BSB,VARANASI JN,JU,JODHPUR JN,115,120
14864,MARUDHAR EXPRES,25,CNB,KANPUR CENTRAL,01:20:00,01:25:00,806,JU,JODHPUR JN,BSB,VARANASI JN,80,85
14865,MARUDHAR EXPRES,10,CNB,KANPUR CENTRAL,01:55:00,02:00:00,375,BSB,VARANASI JN,JU,JODHPUR JN,115,120
14866,MARUDHAR EXPRES,25,CNB,KANPUR CENTRAL,01:20:00,01:25:00,806,JU,JODHPUR JN,BSB,VARANASI JN,80,85
15003,CHAURICHAURAEXP,2,CNB,KANPUR CENTRAL,17:00:00,17:30:00,3,CPA,KANPUR ANWRGANJ,GKP,GORAKHPUR JN,1020,1050
15004,CHAURICHAURAEXP,27,CNB,KANPUR CENTRAL,11:45:00,11:55:00,550,GKP,GORAKHPUR JN,CPA,KANPUR ANWRGANJ,705,715
15009,CHITRAKUT EXP,3,CNB,KANPUR CENTRAL,19:05:00,19:15:00,74,LJN,LUCKNOW NE,JBP,JABALPUR,1145,1155
15015,GKP YPR EXPRESS,9,CNB,KANPUR CENTRAL,13:17:00,13:22:00,353,GKP,GORAKHPUR JN,YPR,YESVANTPUR JN,797,802
15015,GKP YPR EXPRESS,13,BINA,BINA JN,19:15:00,19:20:00,725,GKP,GORAKHPUR JN,YPR,YESVANTPUR JN,1155,1160
15015,GKP YPR EXPRESS,16,NGP,NAGPUR,04:35:00,04:45:00,1252,GKP,GORAKHPUR JN,YPR,YESVANTPUR JN,275,285
15016,YPR GORAKPUR EX,10,NGP,NAGPUR,10:20:00,10:30:00,1265,YPR,YESVANTPUR JN,GKP,GORAKHPUR JN,620,630
15016,YPR GORAKPUR EX,13,BINA,BINA JN,21:35:00,21:40:00,1792,YPR,YESVANTPUR JN,GKP,GORAKHPUR JN,1295,1300
15016,YPR GORAKPUR EX,17,CNB,KANPUR CENTRAL,05:50:00,06:15:00,2165,YPR,YESVANTPUR JN,GKP,GORAKHPUR JN,350,375
15017,GORAKHPUR EXP,4,KSRA,KASARA,08:28:00,08:30:00,105,LTT,LOKMANYATILAK T,GKP,GORAKHPUR JN,508,510
15017,GORAKHPUR EXP,12,PC,PACHORA JN,12:23:00,12:25:00,357,LTT,LOKMANYATILAK T,GKP,GORAKHPUR JN,743,745
15017,GORAKHPUR EXP,13,JL,JALGAON JN,12:58:00,13:00:00,405,LTT,LOKMANYATILAK T,GKP,GORAKHPUR JN,778,780
15017,GORAKHPUR EXP,24,HD,HARDA,18:13:00,18:15:00,660,LTT,LOKMANYATILAK T,GKP,GORAKHPUR JN,1093,1095
15017,GORAKHPUR EXP,30,GAR,GADARWARA,22:48:00,22:50:00,853,LTT,LOKMANYATILAK T,GKP,GORAKHPUR JN,1368,1370
15018,GKP LTT EXP,6,ANG,AHMADNAGAR,00:37:00,00:42:00,1622,GKP,GORAKHPUR JN,LTT,LOKMANYATILAK T,37,42
15018,GKP LTT EXP,10,PUNE,PUNE JN,04:40:00,04:50:00,1781,GKP,GORAKHPUR JN,LTT,LOKMANYATILAK T,280,290
15018,GKP LTT EXP,44,GAR,GADARWARA,01:40:00,01:42:00,861,GKP,GORAKHPUR JN,LTT,LOKMANYATILAK T,100,102
15018,GKP LTT EXP,50,HD,HARDA,05:34:00,05:36:00,1054,GKP,GORAKHPUR JN,LTT,LOKMANYATILAK T,334,336
15018,GKP LTT EXP,61,JL,JALGAON JN,10:41:00,10:43:00,1309,GKP,GORAKHPUR JN,LTT,LOKMANYATILAK T,641,643
15018,GKP LTT EXP,62,PC,PACHORA JN,11:18:00,11:20:00,1357,GKP,GORAKHPUR JN,LTT,LOKMANYATILAK T,678,680
15018,GKP LTT EXP,70,KSRA,KASARA,16:03:00,16:05:00,1609,GKP,GORAKHPUR JN,LTT,LOKMANYATILAK T,963,965
15021,SHM GKP EXPRESS,2,KGP,KHARAGPUR JN,22:10:00,22:15:00,113,SHM,SHALIMAR,GKP,GORAKHPUR JN,1330,1335
15022,GKP SHM EXPRESS,14,KGP,KHARAGPUR JN,07:50:00,07:55:00,937,GKP,GORAKHPUR JN,SHM,SHALIMAR,470,475
15023,GKP YPR EXP,7,CNB,KANPUR CENTRAL,17:55:00,18:05:00,381,GKP,GORAKHPUR JN,YPR,YESVANTPUR JN,1075,1085
15023,GKP YPR EXP,11,BINA,BINA JN,01:05:00,01:10:00,753,GKP,GORAKHPUR JN,YPR,YESVANTPUR JN,65,70
15023,GKP YPR EXP,15,NGP,NAGPUR,10:35:00,10:45:00,1280,GKP,GORAKHPUR JN,YPR,YESVANTPUR JN,635,645
15024,YPR GKP EXP,11,NGP,NAGPUR,00:45:00,00:55:00,1194,YPR,YESVANTPUR JN,GKP,GORAKHPUR JN,45,55
15024,YPR GKP EXP,15,BINA,BINA JN,11:45:00,11:50:00,1721,YPR,YESVANTPUR JN,GKP,GORAKHPUR JN,705,710
15024,YPR GKP EXP,19,CNB,KANPUR CENTRAL,19:05:00,19:15:00,2093,YPR,YESVANTPUR JN,GKP,GORAKHPUR JN,1145,1155
15025,MAU ANVT EXPRES,8,CNB,KANPUR CENTRAL,21:35:00,21:45:00,407,MAU,MAU JN,ANVT,ANAND VIHAR TRM,1295,1305
15026,ANVT MAU EXP,4,CNB,KANPUR CENTRAL,19:20:00,19:30:00,427,ANVT,ANAND VIHAR TRM,MAU,MAU JN,1160,1170
15029,GKP PUNE EXP,8,CNB,KANPUR CENTRAL,00:30:00,00:40:00,345,GKP,GORAKHPUR JN,PUNE,PUNE JN,30,40
15029,GKP PUNE EXP,11,BINA,BINA JN,07:05:00,07:10:00,717,GKP,GORAKHPUR JN,PUNE,PUNE JN,425,430
15029,GKP PUNE EXP,13,HBJ,HABIBGANJ,09:45:00,09:47:00,861,GKP,GORAKHPUR JN,PUNE,PUNE JN,585,587
15029,GKP PUNE EXP,19,ANG,AHMADNAGAR,22:57:00,23:00:00,1591,GKP,GORAKHPUR JN,PUNE,PUNE JN,1377,1380
15029,GKP PUNE EXP,20,PUNE,PUNE JN,04:05:00,00:00:00,1750,GKP,GORAKHPUR JN,PUNE,PUNE JN,245,0
15030,PUNE GKP EXPRES,1,PUNE,PUNE JN,00:00:00,10:45:00,0,PUNE,PUNE JN,GKP,GORAKHPUR JN,0,645
15030,PUNE GKP EXPRES,2,ANG,AHMADNAGAR,13:57:00,14:00:00,160,PUNE,PUNE JN,GKP,GORAKHPUR JN,837,840
15030,PUNE GKP EXPRES,8,HBJ,HABIBGANJ,03:58:00,04:00:00,889,PUNE,PUNE JN,GKP,GORAKHPUR JN,238,240
15030,PUNE GKP EXPRES,10,BINA,BINA JN,06:40:00,06:45:00,1034,PUNE,PUNE JN,GKP,GORAKHPUR JN,400,405
15030,PUNE GKP EXPRES,13,CNB,KANPUR CENTRAL,14:35:00,14:45:00,1406,PUNE,PUNE JN,GKP,GORAKHPUR JN,875,885
15045,GKP OKHA EXPRES,7,CNB,KANPUR CENTRAL,12:05:00,12:20:00,353,GKP,GORAKHPUR JN,OKHA,OKHA,725,740
15045,GKP OKHA EXPRES,15,BINA,BINA JN,01:15:00,01:35:00,979,GKP,GORAKHPUR JN,OKHA,OKHA,75,95
15046,GORAKHPUR EXP,24,BINA,BINA JN,23:55:00,00:20:00,1330,OKHA,OKHA,GKP,GORAKHPUR JN,1435,20
15046,GORAKHPUR EXP,34,CNB,KANPUR CENTRAL,11:50:00,12:05:00,1957,OKHA,OKHA,GKP,GORAKHPUR JN,710,725
15107,CPR MTJ EXPRESS,14,CNB,KANPUR CENTRAL,15:05:00,15:15:00,532,CPR,CHHAPRA,MTJ,MATHURA JN,905,915
15108,MTJ CPR EXPRESS,9,CNB,KANPUR CENTRAL,05:55:00,06:00:00,353,MTJ,MATHURA JN,CPR,CHHAPRA,355,360
15205,CHITRAKUT EXP,3,CNB,KANPUR CENTRAL,19:05:00,19:15:00,74,LJN,LUCKNOW NE,JBP,JABALPUR,1145,1155
15206,CHITRAKUT EXP,25,CNB,KANPUR CENTRAL,07:55:00,08:05:00,510,JBP,JABALPUR,LJN,LUCKNOW NE,475,485
15227,MUZAFFARPUR EXP,5,JTJ,JOLARPETTAI,04:15:00,04:25:00,157,YPR,YESVANTPUR JN,MFP,MUZAFFARPUR JN,255,265
15227,MUZAFFARPUR EXP,9,BZA,VIJAYAWADA JN,16:45:00,17:00:00,800,YPR,YESVANTPUR JN,MFP,MUZAFFARPUR JN,1005,1020
15227,MUZAFFARPUR EXP,11,VSKP,VISAKHAPATNAM,22:55:00,23:15:00,1151,YPR,YESVANTPUR JN,MFP,MUZAFFARPUR JN,1375,1395
15227,MUZAFFARPUR EXP,18,BBS,BHUBANESWAR,06:10:00,06:15:00,1593,YPR,YESVANTPUR JN,MFP,MUZAFFARPUR JN,370,375
15227,MUZAFFARPUR EXP,23,KGP,KHARAGPUR JN,11:25:00,11:40:00,1917,YPR,YESVANTPUR JN,MFP,MUZAFFARPUR JN,685,700
15227,MUZAFFARPUR EXP,25,HWH,HOWRAH JN,13:55:00,14:25:00,2032,YPR,YESVANTPUR JN,MFP,MUZAFFARPUR JN,835,865
15227,MUZAFFARPUR EXP,27,RPH,RAMPUR HAT,17:41:00,17:43:00,2238,YPR,YESVANTPUR JN,MFP,MUZAFFARPUR JN,1061,1063
15228,MFP YPR EXP,10,RPH,RAMPUR HAT,18:27:00,18:29:00,495,MFP,MUZAFFARPUR JN,YPR,YESVANTPUR JN,1107,1109
15228,MFP YPR EXP,12,HWH,HOWRAH JN,22:55:00,23:15:00,701,MFP,MUZAFFARPUR JN,YPR,YESVANTPUR JN,1375,1395
15228,MFP YPR EXP,13,KGP,KHARAGPUR JN,00:55:00,01:45:00,816,MFP,MUZAFFARPUR JN,YPR,YESVANTPUR JN,55,105
15228,MFP YPR EXP,18,BBS,BHUBANESWAR,06:25:00,06:30:00,1140,MFP,MUZAFFARPUR JN,YPR,YESVANTPUR JN,385,390
15228,MFP YPR EXP,25,VSKP,VISAKHAPATNAM,14:20:00,14:40:00,1582,MFP,MUZAFFARPUR JN,YPR,YESVANTPUR JN,860,880
15228,MFP YPR EXP,27,BZA,VIJAYAWADA JN,20:40:00,20:55:00,1933,MFP,MUZAFFARPUR JN,YPR,YESVANTPUR JN,1240,1255
15228,MFP YPR EXP,31,JTJ,JOLARPETTAI,07:35:00,07:40:00,2576,MFP,MUZAFFARPUR JN,YPR,YESVANTPUR JN,455,460
15235,HWH DBG EXPRESS,1,HWH,HOWRAH JN,00:00:00,11:05:00,0,HWH,HOWRAH JN,DBG,DARBHANGA JN,0,665
15236,DBG HWH EXPRESS,11,HWH,HOWRAH JN,03:00:00,00:00:00,536,DBG,DARBHANGA JN,HWH,HOWRAH JN,180,0
15483,MAHANANDA EXP,42,CNB,KANPUR CENTRAL,12:15:00,12:25:00,1218,APDJ,ALIPUR DUAR JN,DLI,DELHI,735,745
15484,MAHANANDA EXP,19,CNB,KANPUR CENTRAL,15:12:00,15:20:00,434,DLI,DELHI,APDJ,ALIPUR DUAR JN,912,920
15629,GUWAHATI EXPRES,5,BZA,VIJAYAWADA JN,05:30:00,05:40:00,435,MS,CHENNAI EGMORE,GHY,GUWAHATI,330,340
15629,GUWAHATI EXPRES,8,VSKP,VISAKHAPATNAM,11:45:00,12:05:00,785,MS,CHENNAI EGMORE,GHY,GUWAHATI,705,725
15629,GUWAHATI EXPRES,11,BBS,BHUBANESWAR,18:45:00,18:50:00,1228,MS,CHENNAI EGMORE,GHY,GUWAHATI,1125,1130
15629,GUWAHATI EXPRES,23,RPH,RAMPUR HAT,11:57:00,12:02:00,2028,MS,CHENNAI EGMORE,GHY,GUWAHATI,717,722
15630,GUWAHATI MS EXP,18,RPH,RAMPUR HAT,06:38:00,06:43:00,763,GHY,GUWAHATI,MS,CHENNAI EGMORE,398,403
15630,GUWAHATI MS EXP,30,BBS,BHUBANESWAR,22:35:00,22:40:00,1562,GHY,GUWAHATI,MS,CHENNAI EGMORE,1355,1360
15630,GUWAHATI MS EXP,33,VSKP,VISAKHAPATNAM,05:40:00,06:00:00,2005,GHY,GUWAHATI,MS,CHENNAI EGMORE,340,360
15630,GUWAHATI MS EXP,36,BZA,VIJAYAWADA JN,11:40:00,11:55:00,2355,GHY,GUWAHATI,MS,CHENNAI EGMORE,700,715
15631,BME GHY EXPRESS,15,CNB,KANPUR CENTRAL,18:50:00,19:00:00,1015,BME,BARMER,GHY,GUWAHATI,1130,1140
15632,GHY BME BKN EXP,21,CNB,KANPUR CENTRAL,14:00:00,14:15:00,1458,GHY,GUWAHATI,BME,BARMER,840,855
15635,GUWAHATI EXPRES,20,CNB,KANPUR CENTRAL,19:15:00,19:30:00,1712,OKHA,OKHA,GHY,GUWAHATI,1155,1170
15636,DWARKA EXPRESS,25,CNB,KANPUR CENTRAL,19:20:00,19:30:00,1525,GHY,GUWAHATI,OKHA,OKHA,1160,1170
15639,PURI GHY EXPRES,4,BBS,BHUBANESWAR,15:25:00,15:30:00,63,PURI,PURI,GHY,GUWAHATI,925,930
15639,PURI GHY EXPRES,16,RPH,RAMPUR HAT,05:49:00,05:54:00,760,PURI,PURI,GHY,GUWAHATI,349,354
15640,GHY PURI EXPRES,14,RPH,RAMPUR HAT,10:15:00,10:20:00,763,GHY,GUWAHATI,PURI,PURI,615,620
15640,GHY PURI EXPRES,27,BBS,BHUBANESWAR,01:10:00,01:15:00,1459,GHY,GUWAHATI,PURI,PURI,70,75
15643,PURI KYQ EXPRES,3,BBS,BHUBANESWAR,23:35:00,23:40:00,63,PURI,PURI,KYQ,KAMAKHYA,1415,1420
15643,PURI KYQ EXPRES,7,KGP,KHARAGPUR JN,04:35:00,04:45:00,387,PURI,PURI,KYQ,KAMAKHYA,275,285
15643,PURI KYQ EXPRES,8,HWH,HOWRAH JN,07:05:00,07:30:00,502,PURI,PURI,KYQ,KAMAKHYA,425,450
15644,KYQ PURI EXPRES,20,HWH,HOWRAH JN,22:30:00,23:15:00,1070,KYQ,KAMAKHYA,PURI,PURI,1350,1395
15644,KYQ PURI EXPRES,21,KGP,KHARAGPUR JN,00:55:00,01:15:00,1186,KYQ,KAMAKHYA,PURI,PURI,55,75
15644,KYQ PURI EXPRES,25,BBS,BHUBANESWAR,05:55:00,06:00:00,1509,KYQ,KAMAKHYA,PURI,PURI,355,360
15645,GUWAHATI EXPRES,10,HD,HARDA,18:38:00,18:40:00,660,LTT,LOKMANYATILAK T,GHY,GUWAHATI,1118,1120
15646,GHY LTT EXP,41,HD,HARDA,08:11:00,08:12:00,1934,GHY,GUWAHATI,LTT,LOKMANYATILAK T,491,492
15647,GUWAHATI EXPRES,10,HD,HARDA,18:38:00,18:40:00,660,LTT,LOKMANYATILAK T,GHY,GUWAHATI,1118,1120
15648,GHY LTT EXPRESS,46,HD,HARDA,08:11:00,08:12:00,2075,GHY,GUWAHATI,LTT,LOKMANYATILAK T,491,492
15657,KANCHANJANGA EX,7,RPH,RAMPUR HAT,10:48:00,10:50:00,213,SDAH,SEALDAH,GHY,GUWAHATI,648,650
15658,KANCHANJUNGA EX,27,RPH,RAMPUR HAT,14:59:00,15:01:00,763,GHY,GUWAHATI,SDAH,SEALDAH,899,901
15661,RNC KYQ EXPRES,12,RPH,RAMPUR HAT,05:49:00,05:54:00,383,RNC,RANCHI,KYQ,KAMAKHYA,349,354
15662,KYQ RNC EXPRESS,16,RPH,RAMPUR HAT,04:45:00,04:50:00,833,KYQ,KAMAKHYA,RNC,RANCHI,285,290
15667,KAMAKHYA EXPRES,17,CNB,KANPUR CENTRAL,19:15:00,19:30:00,1592,GIMB,GANDHIDHAM BG,KYQ,KAMAKHYA,1155,1170
15668,KYQ GIMB EXPRES,21,CNB,KANPUR CENTRAL,19:20:00,19:30:00,1570,KYQ,KAMAKHYA,GIMB,GANDHIDHAM BG,1160,1170
15707,KIR ASR EXPRESS,29,CNB,KANPUR CENTRAL,19:50:00,20:00:00,928,KIR,KATIHAR JN,ASR,AMRITSAR JN,1190,1200
15708,ASR KIR EXPRESS,27,CNB,KANPUR CENTRAL,22:50:00,23:00:00,880,ASR,AMRITSAR JN,KIR,KATIHAR JN,1370,1380
15711,HWH KIR EXPRESS,1,HWH,HOWRAH JN,00:00:00,21:55:00,0,HWH,HOWRAH JN,KIR,KATIHAR JN,0,1315
15712,KIR HWH EXPRESS,11,HWH,HOWRAH JN,07:20:00,00:00:00,422,KIR,KATIHAR JN,HWH,HOWRAH JN,440,0
15721,PAHARIA EXPRESS,8,HWH,HOWRAH JN,21:05:00,21:55:00,186,DGHA,DIGHA FLAG STN,NJP,NEW JALPAIGURI,1265,1315
15722,PAHARIA EXPRESS,11,HWH,HOWRAH JN,07:20:00,07:50:00,564,NJP,NEW JALPAIGURI,DGHA,DIGHA FLAG STN,440,470
15901,DIBRUGARH EXP,2,BNC,BANGALORE CANT,00:05:00,00:10:00,5,SBC,BANGALORE CY JN,DBRG,DIBRUGARH,5,10
15901,DIBRUGARH EXP,5,JTJ,JOLARPETTAI,04:15:00,04:25:00,149,SBC,BANGALORE CY JN,DBRG,DIBRUGARH,255,265
15901,DIBRUGARH EXP,11,BZA,VIJAYAWADA JN,16:45:00,17:00:00,786,SBC,BANGALORE CY JN,DBRG,DIBRUGARH,1005,1020
15901,DIBRUGARH EXP,13,VSKP,VISAKHAPATNAM,22:55:00,23:15:00,1136,SBC,BANGALORE CY JN,DBRG,DIBRUGARH,1375,1395
15901,DIBRUGARH EXP,17,BBS,BHUBANESWAR,06:10:00,06:15:00,1579,SBC,BANGALORE CY JN,DBRG,DIBRUGARH,370,375
15901,DIBRUGARH EXP,20,KGP,KHARAGPUR JN,11:25:00,11:40:00,1902,SBC,BANGALORE CY JN,DBRG,DIBRUGARH,685,700
15901,DIBRUGARH EXP,21,HWH,HOWRAH JN,13:55:00,14:25:00,2018,SBC,BANGALORE CY JN,DBRG,DIBRUGARH,835,865
15901,DIBRUGARH EXP,23,RPH,RAMPUR HAT,17:41:00,17:43:00,2224,SBC,BANGALORE CY JN,DBRG,DIBRUGARH,1061,1063
15902,DBRG SBC EXPRES,19,RPH,RAMPUR HAT,21:08:00,21:10:00,1346,DBRG,DIBRUGARH,SBC,BANGALORE CY JN,1268,1270
15902,DBRG SBC EXPRES,21,HWH,HOWRAH JN,00:45:00,01:05:00,1552,DBRG,DIBRUGARH,SBC,BANGALORE CY JN,45,65
15902,DBRG SBC EXPRES,22,KGP,KHARAGPUR JN,02:45:00,03:00:00,1667,DBRG,DIBRUGARH,SBC,BANGALORE CY JN,165,180
15902,DBRG SBC EXPRES,25,BBS,BHUBANESWAR,07:40:00,07:45:00,1991,DBRG,DIBRUGARH,SBC,BANGALORE CY JN,460,465
15902,DBRG SBC EXPRES,29,VSKP,VISAKHAPATNAM,15:30:00,15:50:00,2434,DBRG,DIBRUGARH,SBC,BANGALORE CY JN,930,950
15902,DBRG SBC EXPRES,31,BZA,VIJAYAWADA JN,21:40:00,21:55:00,2784,DBRG,DIBRUGARH,SBC,BANGALORE CY JN,1300,1315
15902,DBRG SBC EXPRES,36,JTJ,JOLARPETTAI,08:18:00,08:20:00,3421,DBRG,DIBRUGARH,SBC,BANGALORE CY JN,498,500
15902,DBRG SBC EXPRES,38,BNC,BANGALORE CANT,11:07:00,11:10:00,3565,DBRG,DIBRUGARH,SBC,BANGALORE CY JN,667,670
15905,DBRG VIVEK EXP,17,JTJ,JOLARPETTAI,13:48:00,13:50:00,796,CAPE,KANYAKUMARI,DBRG,DIBRUGARH,828,830
15905,DBRG VIVEK EXP,20,RU,RENIGUNTA JN,17:20:00,17:35:00,1012,CAPE,KANYAKUMARI,DBRG,DIBRUGARH,1040,1055
15905,DBRG VIVEK EXP,23,BZA,VIJAYAWADA JN,23:35:00,23:45:00,1388,CAPE,KANYAKUMARI,DBRG,DIBRUGARH,1415,1425
15905,DBRG VIVEK EXP,28,VSKP,VISAKHAPATNAM,06:15:00,06:35:00,1739,CAPE,KANYAKUMARI,DBRG,DIBRUGARH,375,395
15905,DBRG VIVEK EXP,34,BBS,BHUBANESWAR,14:00:00,14:05:00,2181,CAPE,KANYAKUMARI,DBRG,DIBRUGARH,840,845
15905,DBRG VIVEK EXP,45,RPH,RAMPUR HAT,03:32:00,03:37:00,2878,CAPE,KANYAKUMARI,DBRG,DIBRUGARH,212,217
15906,VIVEK EXPRESS,18,RPH,RAMPUR HAT,04:45:00,04:50:00,1396,DBRG,DIBRUGARH,CAPE,KANYAKUMARI,285,290
15906,VIVEK EXPRESS,29,BBS,BHUBANESWAR,17:10:00,17:15:00,2093,DBRG,DIBRUGARH,CAPE,KANYAKUMARI,1030,1035
15906,VIVEK EXPRESS,35,VSKP,VISAKHAPATNAM,01:30:00,01:50:00,2535,DBRG,DIBRUGARH,CAPE,KANYAKUMARI,90,110
15906,VIVEK EXPRESS,40,BZA,VIJAYAWADA JN,07:20:00,07:40:00,2885,DBRG,DIBRUGARH,CAPE,KANYAKUMARI,440,460
15906,VIVEK EXPRESS,43,RU,RENIGUNTA JN,14:10:00,14:20:00,3261,DBRG,DIBRUGARH,CAPE,KANYAKUMARI,850,860
15906,VIVEK EXPRESS,46,JTJ,JOLARPETTAI,17:50:00,17:55:00,3478,DBRG,DIBRUGARH,CAPE,KANYAKUMARI,1070,1075
15929,DIBRUGARH EXP,5,BZA,VIJAYAWADA JN,05:30:00,05:40:00,435,MS,CHENNAI EGMORE,DBRG,DIBRUGARH,330,340
15929,DIBRUGARH EXP,8,VSKP,VISAKHAPATNAM,11:45:00,12:05:00,785,MS,CHENNAI EGMORE,DBRG,DIBRUGARH,705,725
15929,DIBRUGARH EXP,11,BBS,BHUBANESWAR,18:45:00,18:50:00,1228,MS,CHENNAI EGMORE,DBRG,DIBRUGARH,1125,1130
15929,DIBRUGARH EXP,23,RPH,RAMPUR HAT,11:57:00,12:02:00,2028,MS,CHENNAI EGMORE,DBRG,DIBRUGARH,717,722
15930,DBRG MS EXPRESS,30,RPH,RAMPUR HAT,06:38:00,06:43:00,1319,DBRG,DIBRUGARH,MS,CHENNAI EGMORE,398,403
15930,DBRG MS EXPRESS,43,BBS,BHUBANESWAR,22:35:00,22:40:00,2118,DBRG,DIBRUGARH,MS,CHENNAI EGMORE,1355,1360
15930,DBRG MS EXPRESS,46,VSKP,VISAKHAPATNAM,05:40:00,06:00:00,2561,DBRG,DIBRUGARH,MS,CHENNAI EGMORE,340,360
15930,DBRG MS EXPRESS,49,BZA,VIJAYAWADA JN,11:40:00,11:55:00,2911,DBRG,DIBRUGARH,MS,CHENNAI EGMORE,700,715
15941,JHAJHA DBRG EXP,10,RPH,RAMPUR HAT,05:49:00,05:54:00,314,JAJ,JHAJHA,DBRG,DIBRUGARH,349,354
15942,DBRG JHAJHA EXP,23,RPH,RAMPUR HAT,10:15:00,10:20:00,1396,DBRG,DIBRUGARH,JAJ,JHAJHA,615,620
15959,KAMRUP EXPRESS,1,HWH,HOWRAH JN,00:00:00,17:35:00,0,HWH,HOWRAH JN,DBRG,DIBRUGARH,0,1055
15960,KAMRUP EXPRESS,56,HWH,HOWRAH JN,05:45:00,00:00:00,1528,DBRG,DIBRUGARH,HWH,HOWRAH JN,345,0
16003,MAS NSL EXPRESS,5,RU,RENIGUNTA JN,11:40:00,12:00:00,141,MAS,CHENNAI CENTRAL,NSL,NAGARSOL,700,720
16003,MAS NSL EXPRESS,22,PAU,PURNA JN,05:53:00,05:55:00,1074,MAS,CHENNAI CENTRAL,NSL,NAGARSOL,353,355
16004,NSL MAS WKLY EX,5,PAU,PURNA JN,18:40:00,18:45:00,295,NSL,NAGARSOL,MAS,CHENNAI CENTRAL,1120,1125
16004,NSL MAS WKLY EX,22,RU,RENIGUNTA JN,13:10:00,13:30:00,1228,NSL,NAGARSOL,MAS,CHENNAI CENTRAL,790,810
16021,KAVERI EXPRESS,9,JTJ,JOLARPETTAI,00:30:00,00:32:00,214,MAS,CHENNAI CENTRAL,MYS,MYSORE JN,30,32
16021,KAVERI EXPRESS,15,BNC,BANGALORE CANT,02:55:00,03:00:00,357,MAS,CHENNAI CENTRAL,MYS,MYSORE JN,175,180
16022,KAVERI EXPRESS,9,BNC,BANGALORE CANT,23:55:00,23:57:00,143,MYS,MYSORE JN,MAS,CHENNAI CENTRAL,1435,1437
16022,KAVERI EXPRESS,14,JTJ,JOLARPETTAI,02:50:00,02:55:00,287,MYS,MYSORE JN,MAS,CHENNAI CENTRAL,170,175
16031,ANDAMAN EXPRESS,15,BZA,VIJAYAWADA JN,14:30:00,14:50:00,454,MAS,CHENNAI CENTRAL,JAT,JAMMU TAWI,870,890
16031,ANDAMAN EXPRESS,36,NGP,NAGPUR,02:35:00,02:45:00,1116,MAS,CHENNAI CENTRAL,JAT,JAMMU TAWI,155,165
16031,ANDAMAN EXPRESS,45,BINA,BINA JN,12:30:00,12:35:00,1643,MAS,CHENNAI CENTRAL,JAT,JAMMU TAWI,750,755
16032,ANDAMAN EXPRESS,38,BINA,BINA JN,01:05:00,01:10:00,1156,JAT,JAMMU TAWI,MAS,CHENNAI CENTRAL,65,70
16032,ANDAMAN EXPRESS,46,NGP,NAGPUR,10:35:00,10:45:00,1683,JAT,JAMMU TAWI,MAS,CHENNAI CENTRAL,635,645
16032,ANDAMAN EXPRESS,65,BZA,VIJAYAWADA JN,00:40:00,01:00:00,2346,JAT,JAMMU TAWI,MAS,CHENNAI CENTRAL,40,60
16053,TIRUPATHI EXP,7,RU,RENIGUNTA JN,17:00:00,17:15:00,141,MAS,CHENNAI CENTRAL,TPTY,TIRUPATI,1020,1035
16054,MADRAS EXPRESS,2,RU,RENIGUNTA JN,10:35:00,10:45:00,10,TPTY,TIRUPATI,MAS,CHENNAI CENTRAL,635,645
16057,SAPTHAGIRI EXP,7,RU,RENIGUNTA JN,09:05:00,09:15:00,141,MAS,CHENNAI CENTRAL,TPTY,TIRUPATI,545,555
16058,SAPTAGIRI EXP,2,RU,RENIGUNTA JN,18:15:00,18:30:00,10,TPTY,TIRUPATI,MAS,CHENNAI CENTRAL,1095,1110
16093,LUCKNOW EXP,15,BZA,VIJAYAWADA JN,14:30:00,14:50:00,454,MAS,CHENNAI CENTRAL,LKO,LUCKNOW NR,870,890
16093,LUCKNOW EXP,33,NGP,NAGPUR,02:35:00,02:45:00,1116,MAS,CHENNAI CENTRAL,LKO,LUCKNOW NR,155,165
16093,LUCKNOW EXP,41,BINA,BINA JN,12:30:00,12:35:00,1643,MAS,CHENNAI CENTRAL,LKO,LUCKNOW NR,750,755
16093,LUCKNOW EXP,45,CNB,KANPUR CENTRAL,19:05:00,19:15:00,2015,MAS,CHENNAI CENTRAL,LKO,LUCKNOW NR,1145,1155
16094,LJN MAS EXP,2,CNB,KANPUR CENTRAL,17:55:00,18:05:00,74,LJN,LUCKNOW NE,MAS,CHENNAI CENTRAL,1075,1085
16094,LJN MAS EXP,6,BINA,BINA JN,01:05:00,01:10:00,446,LJN,LUCKNOW NE,MAS,CHENNAI CENTRAL,65,70
16094,LJN MAS EXP,14,NGP,NAGPUR,10:35:00,10:45:00,974,LJN,LUCKNOW NE,MAS,CHENNAI CENTRAL,635,645
16094,LJN MAS EXP,32,BZA,VIJAYAWADA JN,00:40:00,01:00:00,1636,LJN,LUCKNOW NE,MAS,CHENNAI CENTRAL,40,60
16125,MS JODHPUR EXP,5,BZA,VIJAYAWADA JN,22:00:00,22:10:00,435,MS,CHENNAI EGMORE,JU,JODHPUR JN,1320,1330
16125,MS JODHPUR EXP,9,WR,WARDHA JN,08:00:00,08:05:00,1018,MS,CHENNAI EGMORE,JU,JODHPUR JN,480,485
16125,MS JODHPUR EXP,10,BD,BADNERA JN,09:45:00,09:50:00,1114,MS,CHENNAI EGMORE,JU,JODHPUR JN,585,590
16125,MS JODHPUR EXP,11,AK,AKOLA JN,10:40:00,10:45:00,1192,MS,CHENNAI EGMORE,JU,JODHPUR JN,640,645
16125,MS JODHPUR EXP,13,JL,JALGAON JN,13:59:00,14:00:00,1356,MS,CHENNAI EGMORE,JU,JODHPUR JN,839,840
16126,JU MS EXPRESS,15,JL,JALGAON JN,17:43:00,17:45:00,999,JU,JODHPUR JN,MS,CHENNAI EGMORE,1063,1065
16126,JU MS EXPRESS,17,AK,AKOLA JN,20:20:00,20:25:00,1163,JU,JODHPUR JN,MS,CHENNAI EGMORE,1220,1225
16126,JU MS EXPRESS,18,BD,BADNERA JN,21:45:00,21:50:00,1242,JU,JODHPUR JN,MS,CHENNAI EGMORE,1305,1310
16126,JU MS EXPRESS,19,WR,WARDHA JN,23:15:00,23:18:00,1337,JU,JODHPUR JN,MS,CHENNAI EGMORE,1395,1398
16126,JU MS EXPRESS,23,BZA,VIJAYAWADA JN,09:40:00,09:55:00,1921,JU,JODHPUR JN,MS,CHENNAI EGMORE,580,595
16203,TIRUPATHY EXP,9,RU,RENIGUNTA JN,19:20:00,19:30:00,141,MAS,CHENNAI CENTRAL,TPTY,TIRUPATI,1160,1170
16204,TPTY MAS EXPRES,2,RU,RENIGUNTA JN,07:05:00,07:35:00,10,TPTY,TIRUPATI,MAS,CHENNAI CENTRAL,425,455
16209,AII MYS EXPRESS,23,PUNE,PUNE JN,04:10:00,04:20:00,1125,AII,AJMER JN,MYS,MYSORE JN,250,260
16210,AJMER EXPRESS,22,PUNE,PUNE JN,18:40:00,18:50:00,1166,MYS,MYSORE JN,AII,AJMER JN,1120,1130
16217,MYS SNSI EXPRES,5,BNC,BANGALORE CANT,08:25:00,08:27:00,143,MYS,MYSORE JN,SNSI,SAINAGAR SHIRDI,505,507
16217,MYS SNSI EXPRES,17,SUR,SOLAPUR JN,03:00:00,03:10:00,929,MYS,MYSORE JN,SNSI,SAINAGAR SHIRDI,180,190
16217,MYS SNSI EXPRES,20,ANG,AHMADNAGAR,08:47:00,08:50:00,1200,MYS,MYSORE JN,SNSI,SAINAGAR SHIRDI,527,530
16218,SNSI MYS EXPRES,4,ANG,AHMADNAGAR,02:10:00,02:13:00,104,SNSI,SAINAGAR SHIRDI,MYS,MYSORE JN,130,133
16218,SNSI MYS EXPRES,7,SUR,SOLAPUR JN,08:35:00,08:45:00,376,SNSI,SAINAGAR SHIRDI,MYS,MYSORE JN,515,525
16218,SNSI MYS EXPRES,19,BNC,BANGALORE CANT,02:55:00,03:00:00,1161,SNSI,SAINAGAR SHIRDI,MYS,MYSORE JN,175,180
16229,MYS BSB EXP,19,SUR,SOLAPUR JN,03:00:00,03:10:00,1031,MYS,MYSORE JN,BSB,VARANASI JN,180,190
16229,MYS BSB EXP,21,ANG,AHMADNAGAR,08:47:00,08:50:00,1302,MYS,MYSORE JN,BSB,VARANASI JN,527,530
16230,BSB MYS EXP,15,ANG,AHMADNAGAR,22:27:00,22:30:00,1404,BSB,VARANASI JN,MYS,MYSORE JN,1347,1350
16230,BSB MYS EXP,17,SUR,SOLAPUR JN,04:15:00,04:25:00,1676,BSB,VARANASI JN,MYS,MYSORE JN,255,265
16231,MYSORE EXPRESS,22,BNC,BANGALORE CANT,05:06:00,05:10:00,538,MV,MAYILADUTURAI J,MYS,MYSORE JN,306,310
16232,MAILADUTURAI EX,6,BNC,BANGALORE CANT,19:10:00,19:12:00,143,MYS,MYSORE JN,MV,MAYILADUTURAI J,1150,1152
16235,MYSORE EXP,27,BNC,BANGALORE CANT,05:35:00,05:40:00,641,TN,TUTICORIN,MYS,MYSORE JN,335,340
16236,TUTICORIN EXP,10,BNC,BANGALORE CANT,21:25:00,21:27:00,143,MYS,MYSORE JN,TN,TUTICORIN,1285,1287
16315,KOCHUVELI EXP,2,BNC,BANGALORE CANT,17:25:00,17:27:00,5,SBC,BANGALORE CY JN,KCVL,KOCHUVELI,1045,1047
16316,BANGALORE EXP,24,BNC,BANGALORE CANT,07:58:00,08:00:00,832,KCVL,KOCHUVELI,SBC,BANGALORE CY JN,478,480
16317,HIMSAGAR EXP,22,JTJ,JOLARPETTAI,06:08:00,06:10:00,796,CAPE,KANYAKUMARI,JAT,JAMMU TAWI,368,370
16317,HIMSAGAR EXP,26,RU,RENIGUNTA JN,09:50:00,10:00:00,994,CAPE,KANYAKUMARI,JAT,JAMMU TAWI,590,600
16317,HIMSAGAR EXP,31,BZA,VIJAYAWADA JN,16:10:00,16:25:00,1370,CAPE,KANYAKUMARI,JAT,JAMMU TAWI,970,985
16317,HIMSAGAR EXP,38,NGP,NAGPUR,02:45:00,02:55:00,2032,CAPE,KANYAKUMARI,JAT,JAMMU TAWI,165,175
16318,HIMSAGAR EXP,39,NGP,NAGPUR,08:30:00,08:40:00,1683,JAT,JAMMU TAWI,CAPE,KANYAKUMARI,510,520
16318,HIMSAGAR EXP,46,BZA,VIJAYAWADA JN,19:05:00,19:20:00,2346,JAT,JAMMU TAWI,CAPE,KANYAKUMARI,1145,1160
16318,HIMSAGAR EXP,51,RU,RENIGUNTA JN,00:55:00,01:05:00,2722,JAT,JAMMU TAWI,CAPE,KANYAKUMARI,55,65
16318,HIMSAGAR EXP,55,JTJ,JOLARPETTAI,05:03:00,05:05:00,2920,JAT,JAMMU TAWI,CAPE,KANYAKUMARI,303,305
16331,TRIVANDRAM EXP,7,PUNE,PUNE JN,15:45:00,15:50:00,192,CSTM,MUMBAI CST,TVC,TRIVANDRUM CNTL,945,950
16331,TRIVANDRAM EXP,10,SUR,SOLAPUR JN,20:15:00,20:25:00,455,CSTM,MUMBAI CST,TVC,TRIVANDRUM CNTL,1215,1225
16332,MUMBAI EXPRESS,34,SUR,SOLAPUR JN,11:40:00,11:50:00,1504,TVC,TRIVANDRUM CNTL,CSTM,MUMBAI CST,700,710
16332,MUMBAI EXPRESS,38,PUNE,PUNE JN,16:30:00,16:40:00,1767,TVC,TRIVANDRUM CNTL,CSTM,MUMBAI CST,990,1000
16339,NAGARCOIL EXP,7,PUNE,PUNE JN,15:45:00,15:50:00,192,CSTM,MUMBAI CST,NCJ,NAGERCOIL JN,945,950
16339,NAGARCOIL EXP,10,SUR,SOLAPUR JN,20:15:00,20:25:00,455,CSTM,MUMBAI CST,NCJ,NAGERCOIL JN,1215,1225
16340,MUMBAI EXPRESS,32,SUR,SOLAPUR JN,11:40:00,11:50:00,1427,NCJ,NAGERCOIL JN,CSTM,MUMBAI CST,700,710
16340,MUMBAI EXPRESS,35,PUNE,PUNE JN,16:30:00,16:40:00,1691,NCJ,NAGERCOIL JN,CSTM,MUMBAI CST,990,1000
16351,NAGARCOIL EXP,7,PUNE,PUNE JN,15:45:00,15:50:00,192,CSTM,MUMBAI CST,NCJ,NAGERCOIL JN,945,950
16351,NAGARCOIL EXP,10,SUR,SOLAPUR JN,20:15:00,20:25:00,455,CSTM,MUMBAI CST,NCJ,NAGERCOIL JN,1215,1225
16351,NAGARCOIL EXP,25,RU,RENIGUNTA JN,10:50:00,11:05:00,1143,CSTM,MUMBAI CST,NCJ,NAGERCOIL JN,650,665
16352,NCJ MUMBAI EXP,23,RU,RENIGUNTA JN,21:50:00,22:05:00,806,NCJ,NAGERCOIL JN,CSTM,MUMBAI CST,1310,1325
16352,NCJ MUMBAI EXP,38,SUR,SOLAPUR JN,11:40:00,11:50:00,1494,NCJ,NAGERCOIL JN,CSTM,MUMBAI CST,700,710
16352,NCJ MUMBAI EXP,42,PUNE,PUNE JN,16:30:00,16:40:00,1757,NCJ,NAGERCOIL JN,CSTM,MUMBAI CST,990,1000
16353,KCG NCJ EXP,12,RU,RENIGUNTA JN,02:50:00,03:00:00,626,KCG,KACHEGUDA,NCJ,NAGERCOIL JN,170,180
16353,KCG NCJ EXP,18,JTJ,JOLARPETTAI,07:45:00,07:50:00,824,KCG,KACHEGUDA,NCJ,NAGERCOIL JN,465,470
16354,KACHEGUDA EXP,14,JTJ,JOLARPETTAI,20:53:00,20:55:00,672,NCJ,NAGERCOIL JN,KCG,KACHEGUDA,1253,1255
16354,KACHEGUDA EXP,20,RU,RENIGUNTA JN,01:30:00,01:35:00,869,NCJ,NAGERCOIL JN,KCG,KACHEGUDA,90,95
16359,ERS PATNA EXP,11,JTJ,JOLARPETTAI,07:58:00,08:00:00,489,ERS,ERNAKULAM JN,PNBE,PATNA JN,478,480
16359,ERS PATNA EXP,15,RU,RENIGUNTA JN,12:50:00,13:25:00,687,ERS,ERNAKULAM JN,PNBE,PATNA JN,770,805
16359,ERS PATNA EXP,21,BZA,VIJAYAWADA JN,20:05:00,20:20:00,1063,ERS,ERNAKULAM JN,PNBE,PATNA JN,1205,1220
16359,ERS PATNA EXP,31,NGP,NAGPUR,07:35:00,07:45:00,1725,ERS,ERNAKULAM JN,PNBE,PATNA JN,455,465
16360,PNBE ERS EXPRES,17,NGP,NAGPUR,15:10:00,15:20:00,1262,PNBE,PATNA JN,ERS,ERNAKULAM JN,910,920
16360,PNBE ERS EXPRES,27,BZA,VIJAYAWADA JN,02:50:00,03:00:00,1924,PNBE,PATNA JN,ERS,ERNAKULAM JN,170,180
16360,PNBE ERS EXPRES,33,RU,RENIGUNTA JN,09:15:00,09:25:00,2300,PNBE,PATNA JN,ERS,ERNAKULAM JN,555,565
16360,PNBE ERS EXPRES,37,JTJ,JOLARPETTAI,13:55:00,14:00:00,2498,PNBE,PATNA JN,ERS,ERNAKULAM JN,835,840
16381,KANYAKUMARI EXP,6,PUNE,PUNE JN,19:15:00,19:25:00,192,CSTM,MUMBAI CST,CAPE,KANYAKUMARI,1155,1165
16381,KANYAKUMARI EXP,9,SUR,SOLAPUR JN,00:45:00,00:55:00,455,CSTM,MUMBAI CST,CAPE,KANYAKUMARI,45,55
16381,KANYAKUMARI EXP,25,RU,RENIGUNTA JN,14:25:00,14:35:00,1143,CSTM,MUMBAI CST,CAPE,KANYAKUMARI,865,875
16381,KANYAKUMARI EXP,30,JTJ,JOLARPETTAI,19:25:00,19:30:00,1341,CSTM,MUMBAI CST,CAPE,KANYAKUMARI,1165,1170
16382,CAPE MUMBAI EXP,37,JTJ,JOLARPETTAI,23:15:00,23:20:00,796,CAPE,KANYAKUMARI,CSTM,MUMBAI CST,1395,1400
16382,CAPE MUMBAI EXP,41,RU,RENIGUNTA JN,03:40:00,03:50:00,994,CAPE,KANYAKUMARI,CSTM,MUMBAI CST,220,230
16382,CAPE MUMBAI EXP,57,SUR,SOLAPUR JN,20:05:00,20:15:00,1681,CAPE,KANYAKUMARI,CSTM,MUMBAI CST,1205,1215
16382,CAPE MUMBAI EXP,60,PUNE,PUNE JN,00:35:00,00:50:00,1945,CAPE,KANYAKUMARI,CSTM,MUMBAI CST,35,50
16501,ADI YPR EXPRESS,8,JL,JALGAON JN,04:38:00,04:40:00,540,ADI,AHMEDABAD JN,YPR,YESVANTPUR JN,278,280
16501,ADI YPR EXPRESS,12,ANG,AHMADNAGAR,09:57:00,10:00:00,853,ADI,AHMEDABAD JN,YPR,YESVANTPUR JN,597,600
16501,ADI YPR EXPRESS,14,SUR,SOLAPUR JN,15:05:00,15:15:00,1124,ADI,AHMEDABAD JN,YPR,YESVANTPUR JN,905,915
16502,AHMADABAD EXP,12,SUR,SOLAPUR JN,03:50:00,04:00:00,672,YPR,YESVANTPUR JN,ADI,AHMEDABAD JN,230,240
16502,AHMADABAD EXP,14,ANG,AHMADNAGAR,08:47:00,08:50:00,944,YPR,YESVANTPUR JN,ADI,AHMEDABAD JN,527,530
16502,AHMADABAD EXP,18,JL,JALGAON JN,15:48:00,15:50:00,1256,YPR,YESVANTPUR JN,ADI,AHMEDABAD JN,948,950
16505,GIMB SBC EXPRES,15,PUNE,PUNE JN,04:10:00,04:20:00,935,GIMB,GANDHIDHAM BG,SBC,BANGALORE CY JN,250,260
16506,GANDHIDHAM EXP,19,PUNE,PUNE JN,18:40:00,18:50:00,1027,SBC,BANGALORE CY JN,GIMB,GANDHIDHAM BG,1120,1130
16507,BGKT SBCEXP,25,PUNE,PUNE JN,04:10:00,04:20:00,1085,BGKT,BHAGAT KI KOTHI,SBC,BANGALORE CY JN,250,260
16508,JODHPUR EXPRESS,20,PUNE,PUNE JN,18:40:00,18:50:00,1027,SBC,BANGALORE CY JN,JU,JODHPUR JN,1120,1130
16525,BANGALORE EXP,47,BNC,BANGALORE CANT,06:40:00,06:45:00,940,CAPE,KANYAKUMARI,SBC,BANGALORE CY JN,400,405
16526,KANYAKUMARI EXP,2,BNC,BANGALORE CANT,20:10:00,20:12:00,5,SBC,BANGALORE CY JN,CAPE,KANYAKUMARI,1210,1212
16531,SBC GARIB NAWAJ,20,PUNE,PUNE JN,04:10:00,04:20:00,1125,AII,AJMER JN,SBC,BANGALORE CY JN,250,260
16532,GARIB NAWAZ EXP,18,PUNE,PUNE JN,18:40:00,18:50:00,1098,SBC,BANGALORE CY JN,AII,AJMER JN,1120,1130
16533,BGKT SBC EXPRES,13,PUNE,PUNE JN,04:10:00,04:20:00,1085,BGKT,BHAGAT KI KOTHI,SBC,BANGALORE CY JN,250,260
16534,SBC JODHPUR EXP,16,PUNE,PUNE JN,18:40:00,18:50:00,1098,SBC,BANGALORE CY JN,JU,JODHPUR JN,1120,1130
16535,GOLGUMBAZ EXP,30,SUR,SOLAPUR JN,12:40:00,00:00:00,965,MYS,MYSORE JN,SUR,SOLAPUR JN,760,0
16536,GOLGUMBAZ EXP,1,SUR,SOLAPUR JN,00:00:00,14:10:00,0,SUR,SOLAPUR JN,MYS,MYSORE JN,0,850
16561,KOCHUVELI ACEX,4,JTJ,JOLARPETTAI,19:20:00,19:22:00,157,YPR,YESVANTPUR JN,KCVL,KOCHUVELI,1160,1162
16562,KCVL YPR AC EXP,13,JTJ,JOLARPETTAI,23:49:00,23:50:00,703,KCVL,KOCHUVELI,YPR,YESVANTPUR JN,1429,1430
16565,MANGALOREEXP,6,JTJ,JOLARPETTAI,03:34:00,03:35:00,157,YPR,YESVANTPUR JN,MAQ,MANGALORE CNTL,214,215
16587,YPR BKN EXP,9,SUR,SOLAPUR JN,23:40:00,23:50:00,821,YPR,YESVANTPUR JN,BKN,BIKANER JN,1420,1430
16587,YPR BKN EXP,10,PUNE,PUNE JN,04:55:00,05:05:00,1085,YPR,YESVANTPUR JN,BKN,BIKANER JN,295,305
16588,BKN YPR EXPRESS,23,PUNE,PUNE JN,02:25:00,02:35:00,1366,BKN,BIKANER JN,YPR,YESVANTPUR JN,145,155
16588,BKN YPR EXPRESS,24,SUR,SOLAPUR JN,08:35:00,08:45:00,1629,BKN,BIKANER JN,YPR,YESVANTPUR JN,515,525
16591,HAMPI EXPRESS,21,BNC,BANGALORE CANT,05:30:00,05:32:00,545,UBL,HUBLI JN,MYS,MYSORE JN,330,332
16592,HAMPI EXP,10,BNC,BANGALORE CANT,22:10:00,22:12:00,143,MYS,MYSORE JN,UBL,HUBLI JN,1330,1332
16593,NED SBC EXP,2,PAU,PURNA JN,06:33:00,06:35:00,31,NED,H SAHIB NANDED,SBC,BANGALORE CY JN,393,395
16593,NED SBC EXP,5,PRLI,PARLI VAIJNATH,08:30:00,08:40:00,123,NED,H SAHIB NANDED,SBC,BANGALORE CY JN,510,520
16593,NED SBC EXP,8,LTRR,LATUR ROAD,10:09:00,10:10:00,186,NED,H SAHIB NANDED,SBC,BANGALORE CY JN,609,610
16594,SBC NANDED EXP,37,LTRR,LATUR ROAD,17:19:00,17:20:00,856,SBC,BANGALORE CY JN,NED,H SAHIB NANDED,1039,1040
16594,SBC NANDED EXP,40,PRLI,PARLI VAIJNATH,19:20:00,19:30:00,919,SBC,BANGALORE CY JN,NED,H SAHIB NANDED,1160,1170
16594,SBC NANDED EXP,43,PAU,PURNA JN,21:43:00,21:45:00,1011,SBC,BANGALORE CY JN,NED,H SAHIB NANDED,1303,1305
16613,COIMBATORE EXP,16,PUNE,PUNE JN,22:25:00,22:30:00,882,RJT,RAJKOT JN,CBE,COIMBATORE JN,1345,1350
16613,COIMBATORE EXP,18,SUR,SOLAPUR JN,02:50:00,03:00:00,1145,RJT,RAJKOT JN,CBE,COIMBATORE JN,170,180
16614,RAJKOT EXPRESS,18,SUR,SOLAPUR JN,21:15:00,21:25:00,1093,CBE,COIMBATORE JN,RJT,RAJKOT JN,1275,1285
16614,RAJKOT EXPRESS,20,PUNE,PUNE JN,02:00:00,02:05:00,1356,CBE,COIMBATORE JN,RJT,RAJKOT JN,120,125
16687,NAVYUG EXP,14,JTJ,JOLARPETTAI,06:08:00,06:10:00,689,MAQ,MANGALORE CNTL,JAT,JAMMU TAWI,368,370
16687,NAVYUG EXP,18,RU,RENIGUNTA JN,09:50:00,10:00:00,887,MAQ,MANGALORE CNTL,JAT,JAMMU TAWI,590,600
16687,NAVYUG EXP,23,BZA,VIJAYAWADA JN,16:10:00,16:25:00,1263,MAQ,MANGALORE CNTL,JAT,JAMMU TAWI,970,985
16687,NAVYUG EXP,30,NGP,NAGPUR,02:45:00,02:55:00,1925,MAQ,MANGALORE CNTL,JAT,JAMMU TAWI,165,175
16688,NAVYUG EXPRESS,40,NGP,NAGPUR,10:35:00,10:45:00,1683,JAT,JAMMU TAWI,MAQ,MANGALORE CNTL,635,645
16688,NAVYUG EXPRESS,47,BZA,VIJAYAWADA JN,23:35:00,23:45:00,2346,JAT,JAMMU TAWI,MAQ,MANGALORE CNTL,1415,1425
16688,NAVYUG EXPRESS,52,RU,RENIGUNTA JN,05:40:00,05:50:00,2722,JAT,JAMMU TAWI,MAQ,MANGALORE CNTL,340,350
16688,NAVYUG EXPRESS,56,JTJ,JOLARPETTAI,10:08:00,10:10:00,2920,JAT,JAMMU TAWI,MAQ,MANGALORE CNTL,608,610
16733,RMM OKHA EXPRES,11,JTJ,JOLARPETTAI,07:58:00,08:00:00,549,RMM,RAMESWARAM,OKHA,OKHA,478,480
16733,RMM OKHA EXPRES,24,PAU,PURNA JN,05:53:00,05:55:00,1680,RMM,RAMESWARAM,OKHA,OKHA,353,355
16733,RMM OKHA EXPRES,31,JL,JALGAON JN,15:49:00,15:50:00,2159,RMM,RAMESWARAM,OKHA,OKHA,949,950
16734,RAMESWARAM EXP,13,JL,JALGAON JN,02:28:00,02:30:00,1039,OKHA,OKHA,RMM,RAMESWARAM,148,150
16734,RAMESWARAM EXP,20,PAU,PURNA JN,11:03:00,11:05:00,1518,OKHA,OKHA,RMM,RAMESWARAM,663,665
16734,RAMESWARAM EXP,33,JTJ,JOLARPETTAI,09:38:00,09:40:00,2647,OKHA,OKHA,RMM,RAMESWARAM,578,580
16787,TEN JAMMU EXP,14,JTJ,JOLARPETTAI,06:08:00,06:10:00,641,TEN,TIRUNELVELI,JAT,JAMMU TAWI,368,370
16787,TEN JAMMU EXP,18,RU,RENIGUNTA JN,09:50:00,10:00:00,839,TEN,TIRUNELVELI,JAT,JAMMU TAWI,590,600
16787,TEN JAMMU EXP,23,BZA,VIJAYAWADA JN,16:10:00,16:25:00,1215,TEN,TIRUNELVELI,JAT,JAMMU TAWI,970,985
16787,TEN JAMMU EXP,30,NGP,NAGPUR,02:45:00,02:55:00,1877,TEN,TIRUNELVELI,JAT,JAMMU TAWI,165,175
16863,BGKT MQ EXPRESS,18,HBJ,HABIBGANJ,10:21:00,10:23:00,1025,BGKT,BHAGAT KI KOTHI,MQ,MANNARGUDI,621,623
16863,BGKT MQ EXPRESS,20,NGP,NAGPUR,16:40:00,16:50:00,1408,BGKT,BHAGAT KI KOTHI,MQ,MANNARGUDI,1000,1010
16863,BGKT MQ EXPRESS,27,BZA,VIJAYAWADA JN,02:35:00,02:45:00,2070,BGKT,BHAGAT KI KOTHI,MQ,MANNARGUDI,155,165
16864,MQ BGKT EXP,17,BZA,VIJAYAWADA JN,03:10:00,03:25:00,792,MQ,MANNARGUDI,BGKT,BHAGAT KI KOTHI,190,205
16864,MQ BGKT EXP,24,NGP,NAGPUR,14:45:00,14:55:00,1454,MQ,MANNARGUDI,BGKT,BHAGAT KI KOTHI,885,895
16864,MQ BGKT EXP,26,HBJ,HABIBGANJ,21:49:00,21:50:00,1836,MQ,MANNARGUDI,BGKT,BHAGAT KI KOTHI,1309,1310
17001,SNSI SC EXP,16,PRLI,PARLI VAIJNATH,01:45:00,01:55:00,437,SNSI,SAINAGAR SHIRDI,SC,SECUNDERABAD JN,105,115
17001,SNSI SC EXP,17,LTRR,LATUR ROAD,03:12:00,03:13:00,500,SNSI,SAINAGAR SHIRDI,SC,SECUNDERABAD JN,192,193
17002,SC SNSI EXP,10,LTRR,LATUR ROAD,22:10:00,22:11:00,277,SC,SECUNDERABAD JN,SNSI,SAINAGAR SHIRDI,1330,1331
17002,SC SNSI EXP,11,PRLI,PARLI VAIJNATH,00:05:00,00:15:00,340,SC,SECUNDERABAD JN,SNSI,SAINAGAR SHIRDI,5,15
17005,HYB RXL EXPRESS,8,NGP,NAGPUR,07:50:00,08:00:00,587,HYB,HYDERABAD DECAN,RXL,RAXAUL JN,470,480
17006,DBG HYB EXPRESS,23,NGP,NAGPUR,13:40:00,13:50:00,1578,RXL,RAXAUL JN,HYB,HYDERABAD DECAN,820,830
17013,PUNE HYB EXPRES,1,PUNE,PUNE JN,00:00:00,14:15:00,0,PUNE,PUNE JN,HYB,HYDERABAD DECAN,0,855
17013,PUNE HYB EXPRES,7,LTRR,LATUR ROAD,21:40:00,21:45:00,371,PUNE,PUNE JN,HYB,HYDERABAD DECAN,1300,1305
17014,HYB PUNE EXP,8,LTRR,LATUR ROAD,05:28:00,05:30:00,278,HYB,HYDERABAD DECAN,PUNE,PUNE JN,328,330
17014,HYB PUNE EXP,14,PUNE,PUNE JN,13:15:00,00:00:00,649,HYB,HYDERABAD DECAN,PUNE,PUNE JN,795,0
17015,VISAKHA EXPRESS,1,BBS,BHUBANESWAR,00:00:00,08:35:00,0,BBS,BHUBANESWAR,SC,SECUNDERABAD JN,0,515
17015,VISAKHA EXPRESS,18,VSKP,VISAKHAPATNAM,16:10:00,16:30:00,443,BBS,BHUBANESWAR,SC,SECUNDERABAD JN,970,990
17015,VISAKHA EXPRESS,33,BZA,VIJAYAWADA JN,00:35:00,00:45:00,821,BBS,BHUBANESWAR,SC,SECUNDERABAD JN,35,45
17016,VISAKHA EXP,8,BZA,VIJAYAWADA JN,22:50:00,23:00:00,313,SC,SECUNDERABAD JN,BBS,BHUBANESWAR,1370,1380
17016,VISAKHA EXP,24,VSKP,VISAKHAPATNAM,07:15:00,07:35:00,692,SC,SECUNDERABAD JN,BBS,BHUBANESWAR,435,455
17016,VISAKHA EXP,41,BBS,BHUBANESWAR,15:40:00,00:00:00,1134,SC,SECUNDERABAD JN,BBS,BHUBANESWAR,940,0
17017,RJT SC EXPRESS,18,PUNE,PUNE JN,22:25:00,22:30:00,882,RJT,RAJKOT JN,SC,SECUNDERABAD JN,1345,1350
17017,RJT SC EXPRESS,20,SUR,SOLAPUR JN,02:50:00,03:00:00,1145,RJT,RAJKOT JN,SC,SECUNDERABAD JN,170,180
17018,RAJKOT EXPRESS,8,SUR,SOLAPUR JN,21:15:00,21:25:00,334,SC,SECUNDERABAD JN,RJT,RAJKOT JN,1275,1285
17018,RAJKOT EXPRESS,10,PUNE,PUNE JN,02:00:00,02:05:00,597,SC,SECUNDERABAD JN,RJT,RAJKOT JN,120,125
17019,AII HYB EXP,12,HD,HARDA,09:30:00,09:32:00,822,AII,AJMER JN,HYB,HYDERABAD DECAN,570,572
17019,AII HYB EXP,16,JL,JALGAON JN,13:58:00,14:00:00,1078,AII,AJMER JN,HYB,HYDERABAD DECAN,838,840
17020,HYB AII EXP,15,JL,JALGAON JN,06:18:00,06:20:00,791,HYB,HYDERABAD DECAN,AII,AJMER JN,378,380
17020,HYB AII EXP,19,HD,HARDA,10:55:00,10:57:00,1046,HYB,HYDERABAD DECAN,AII,AJMER JN,655,657
17031,HYDERABAD EXP,6,PUNE,PUNE JN,16:30:00,16:35:00,192,CSTM,MUMBAI CST,HYB,HYDERABAD DECAN,990,995
17031,HYDERABAD EXP,11,JEUR,JEUR,19:30:00,19:32:00,342,CSTM,MUMBAI CST,HYB,HYDERABAD DECAN,1170,1172
17031,HYDERABAD EXP,14,SUR,SOLAPUR JN,22:15:00,22:25:00,455,CSTM,MUMBAI CST,HYB,HYDERABAD DECAN,1335,1345
17032,MUMBAI EXP,13,SUR,SOLAPUR JN,03:40:00,03:50:00,335,HYB,HYDERABAD DECAN,CSTM,MUMBAI CST,220,230
17032,MUMBAI EXP,16,JEUR,JEUR,05:43:00,05:45:00,448,HYB,HYDERABAD DECAN,CSTM,MUMBAI CST,343,345
17032,MUMBAI EXP,21,PUNE,PUNE JN,09:05:00,09:10:00,598,HYB,HYDERABAD DECAN,CSTM,MUMBAI CST,545,550
17037,SC BKN EXP,6,WR,WARDHA JN,08:00:00,08:05:00,499,SC,SECUNDERABAD JN,BKN,BIKANER JN,480,485
17037,SC BKN EXP,7,BD,BADNERA JN,09:45:00,09:50:00,594,SC,SECUNDERABAD JN,BKN,BIKANER JN,585,590
17037,SC BKN EXP,8,AK,AKOLA JN,10:40:00,10:45:00,673,SC,SECUNDERABAD JN,BKN,BIKANER JN,640,645
17037,SC BKN EXP,9,SEG,SHEGAON,11:14:00,11:15:00,710,SC,SECUNDERABAD JN,BKN,BIKANER JN,674,675
17037,SC BKN EXP,10,MKU,MALKAPUR,11:48:00,11:50:00,763,SC,SECUNDERABAD JN,BKN,BIKANER JN,708,710
17037,SC BKN EXP,12,JL,JALGAON JN,13:55:00,14:00:00,837,SC,SECUNDERABAD JN,BKN,BIKANER JN,835,840
17038,BKN SC EXP,18,JL,JALGAON JN,17:43:00,17:45:00,1276,BKN,BIKANER JN,SC,SECUNDERABAD JN,1063,1065
17038,BKN SC EXP,20,MKU,MALKAPUR,19:12:00,19:14:00,1350,BKN,BIKANER JN,SC,SECUNDERABAD JN,1152,1154
17038,BKN SC EXP,21,SEG,SHEGAON,19:51:00,19:53:00,1403,BKN,BIKANER JN,SC,SECUNDERABAD JN,1191,1193
17038,BKN SC EXP,22,AK,AKOLA JN,20:20:00,20:25:00,1440,BKN,BIKANER JN,SC,SECUNDERABAD JN,1220,1225
17038,BKN SC EXP,23,BD,BADNERA JN,21:45:00,21:50:00,1519,BKN,BIKANER JN,SC,SECUNDERABAD JN,1305,1310
17038,BKN SC EXP,24,WR,WARDHA JN,23:15:00,23:18:00,1614,BKN,BIKANER JN,SC,SECUNDERABAD JN,1395,1398
17057,DEVAGIRI EXP,5,KSRA,KASARA,23:13:00,23:15:00,121,CSTM,MUMBAI CST,SC,SECUNDERABAD JN,1393,1395
17057,DEVAGIRI EXP,20,PAU,PURNA JN,07:48:00,07:50:00,580,CSTM,MUMBAI CST,SC,SECUNDERABAD JN,468,470
17058,DEVAGIRI EXP,12,PAU,PURNA JN,18:43:00,18:45:00,302,SC,SECUNDERABAD JN,CSTM,MUMBAI CST,1123,1125
17063,AJANTA EXPRESS,12,PAU,PURNA JN,02:25:00,02:30:00,319,MMR,MANMAD JN,SC,SECUNDERABAD JN,145,150
17064,AJANTA EXPRESS,12,PAU,PURNA JN,00:10:00,00:12:00,302,SC,SECUNDERABAD JN,MMR,MANMAD JN,10,12
17201,GOLCONDA EXP,5,BZA,VIJAYAWADA JN,06:45:00,07:00:00,32,GNT,GUNTUR JN,SC,SECUNDERABAD JN,405,420
17202,GOLCONDA EXP,20,BZA,VIJAYAWADA JN,19:55:00,20:15:00,351,SC,SECUNDERABAD JN,GNT,GUNTUR JN,1195,1215
17203,BVC KAKINADA EX,12,PUNE,PUNE JN,22:25:00,22:30:00,932,BVC,BHAVNAGAR TRMUS,CCT,KAKINADA TOWN,1345,1350
17203,BVC KAKINADA EX,14,SUR,SOLAPUR JN,02:50:00,03:00:00,1195,BVC,BHAVNAGAR TRMUS,CCT,KAKINADA TOWN,170,180
17203,BVC KAKINADA EX,27,BZA,VIJAYAWADA JN,16:55:00,17:15:00,1841,BVC,BHAVNAGAR TRMUS,CCT,KAKINADA TOWN,1015,1035
17204,CCT BVC EXPRESS,4,BZA,VIJAYAWADA JN,07:45:00,08:05:00,212,CCT,KAKINADA TOWN,BVC,BHAVNAGAR TRMUS,465,485
17204,CCT BVC EXPRESS,17,SUR,SOLAPUR JN,21:15:00,21:25:00,859,CCT,KAKINADA TOWN,BVC,BHAVNAGAR TRMUS,1275,1285
17204,CCT BVC EXPRESS,19,PUNE,PUNE JN,02:00:00,02:05:00,1122,CCT,KAKINADA TOWN,BVC,BHAVNAGAR TRMUS,120,125
17205,SNSI CCT EXP,16,PRLI,PARLI VAIJNATH,01:45:00,01:55:00,437,SNSI,SAINAGAR SHIRDI,CCT,KAKINADA TOWN,105,115
17205,SNSI CCT EXP,17,LTRR,LATUR ROAD,03:12:00,03:13:00,500,SNSI,SAINAGAR SHIRDI,CCT,KAKINADA TOWN,192,193
17205,SNSI CCT EXP,33,BZA,VIJAYAWADA JN,15:20:00,15:40:00,1127,SNSI,SAINAGAR SHIRDI,CCT,KAKINADA TOWN,920,940
17206,CCT SNSI EXP,7,BZA,VIJAYAWADA JN,10:10:00,10:30:00,212,CCT,KAKINADA TOWN,SNSI,SAINAGAR SHIRDI,610,630
17206,CCT SNSI EXP,23,LTRR,LATUR ROAD,22:10:00,22:11:00,839,CCT,KAKINADA TOWN,SNSI,SAINAGAR SHIRDI,1330,1331
17206,CCT SNSI EXP,24,PRLI,PARLI VAIJNATH,00:05:00,00:15:00,902,CCT,KAKINADA TOWN,SNSI,SAINAGAR SHIRDI,5,15
17207,SNSI BZA EXP,16,PRLI,PARLI VAIJNATH,01:45:00,01:55:00,437,SNSI,SAINAGAR SHIRDI,BZA,VIJAYAWADA JN,105,115
17207,SNSI BZA EXP,17,LTRR,LATUR ROAD,03:12:00,03:13:00,500,SNSI,SAINAGAR SHIRDI,BZA,VIJAYAWADA JN,192,193
17207,SNSI BZA EXP,33,BZA,VIJAYAWADA JN,15:25:00,00:00:00,1127,SNSI,SAINAGAR SHIRDI,BZA,VIJAYAWADA JN,925,0
17208,BZA SNSI EXP,1,BZA,VIJAYAWADA JN,00:00:00,10:30:00,0,BZA,VIJAYAWADA JN,SNSI,SAINAGAR SHIRDI,0,630
17208,BZA SNSI EXP,17,LTRR,LATUR ROAD,22:10:00,22:11:00,627,BZA,VIJAYAWADA JN,SNSI,SAINAGAR SHIRDI,1330,1331
17208,BZA SNSI EXP,18,PRLI,PARLI VAIJNATH,00:05:00,00:15:00,690,BZA,VIJAYAWADA JN,SNSI,SAINAGAR SHIRDI,5,15
17209,SESHADRI EXPRES,2,BNC,BANGALORE CANT,11:10:00,11:12:00,5,SBC,BANGALORE CY JN,CCT,KAKINADA TOWN,670,672
17209,SESHADRI EXPRES,8,JTJ,JOLARPETTAI,13:58:00,14:00:00,149,SBC,BANGALORE CY JN,CCT,KAKINADA TOWN,838,840
17209,SESHADRI EXPRES,15,RU,RENIGUNTA JN,18:20:00,18:30:00,347,SBC,BANGALORE CY JN,CCT,KAKINADA TOWN,1100,1110
17209,SESHADRI EXPRES,24,BZA,VIJAYAWADA JN,00:55:00,01:15:00,722,SBC,BANGALORE CY JN,CCT,KAKINADA TOWN,55,75
17210,SHESHADRI EXP,11,BZA,VIJAYAWADA JN,22:50:00,23:05:00,240,CCT,KAKINADA TOWN,SBC,BANGALORE CY JN,1370,1385
17210,SHESHADRI EXP,19,RU,RENIGUNTA JN,05:00:00,05:10:00,616,CCT,KAKINADA TOWN,SBC,BANGALORE CY JN,300,310
17210,SHESHADRI EXP,26,JTJ,JOLARPETTAI,09:18:00,09:20:00,814,CCT,KAKINADA TOWN,SBC,BANGALORE CY JN,558,560
17210,SHESHADRI EXP,33,BNC,BANGALORE CANT,11:40:00,11:50:00,958,CCT,KAKINADA TOWN,SBC,BANGALORE CY JN,700,710
17211,KONDAVEEDU EXP,3,BZA,VIJAYAWADA JN,17:00:00,17:10:00,81,MTM,MACHILIPATNAM,YPR,YESVANTPUR JN,1020,1030
17212,KONDAVEEDU EXP,17,BZA,VIJAYAWADA JN,05:00:00,05:10:00,697,YPR,YESVANTPUR JN,MTM,MACHILIPATNAM,300,310
17213,NS NSL EXP,8,BZA,VIJAYAWADA JN,13:40:00,14:05:00,139,NS,NARASAPUR,NSL,NAGARSOL,820,845
17213,NS NSL EXP,18,PAU,PURNA JN,02:23:00,02:25:00,791,NS,NARASAPUR,NSL,NAGARSOL,143,145
17214,NSL NS EXP,5,PAU,PURNA JN,15:58:00,16:00:00,295,NSL,NAGARSOL,NS,NARASAPUR,958,960
17214,NSL NS EXP,15,BZA,VIJAYAWADA JN,05:30:00,05:45:00,947,NSL,NAGARSOL,NS,NARASAPUR,330,345
17221,COA LTT EXPRES,7,BZA,VIJAYAWADA JN,12:45:00,13:00:00,214,COA,KAKINADA PORT,LTT,LOKMANYATILAK T,765,780
17221,COA LTT EXPRES,20,SUR,SOLAPUR JN,03:00:00,03:10:00,860,COA,KAKINADA PORT,LTT,LOKMANYATILAK T,180,190
17221,COA LTT EXPRES,21,PUNE,PUNE JN,07:50:00,07:55:00,1124,COA,KAKINADA PORT,LTT,LOKMANYATILAK T,470,475
17222,LTT COA EXPRESS,4,PUNE,PUNE JN,15:30:00,15:35:00,176,LTT,LOKMANYATILAK T,COA,KAKINADA PORT,930,935
17222,LTT COA EXPRESS,5,SUR,SOLAPUR JN,19:35:00,19:45:00,440,LTT,LOKMANYATILAK T,COA,KAKINADA PORT,1175,1185
17222,LTT COA EXPRESS,18,BZA,VIJAYAWADA JN,08:45:00,09:05:00,1086,LTT,LOKMANYATILAK T,COA,KAKINADA PORT,525,545
17225,AMARAVATHI EXP,1,BZA,VIJAYAWADA JN,00:00:00,19:45:00,0,BZA,VIJAYAWADA JN,UBL,HUBLI JN,0,1185
17226,AMARAVATI EXP,25,BZA,VIJAYAWADA JN,05:15:00,00:00:00,693,UBL,HUBLI JN,BZA,VIJAYAWADA JN,315,0
17229,SABARI EXPRESS,26,JTJ,JOLARPETTAI,21:18:00,21:20:00,709,TVC,TRIVANDRUM CNTL,HYB,HYDERABAD DECAN,1278,1280
17229,SABARI EXPRESS,30,RU,RENIGUNTA JN,00:50:00,01:00:00,907,TVC,TRIVANDRUM CNTL,HYB,HYDERABAD DECAN,50,60
17230,SABARI EXP,17,RU,RENIGUNTA JN,23:45:00,23:55:00,661,HYB,HYDERABAD DECAN,TVC,TRIVANDRUM CNTL,1425,1435
17230,SABARI EXP,21,JTJ,JOLARPETTAI,03:58:00,04:00:00,859,HYB,HYDERABAD DECAN,TVC,TRIVANDRUM CNTL,238,240
17231,NS NSL EXP,7,BZA,VIJAYAWADA JN,13:40:00,14:05:00,139,NS,NARASAPUR,NSL,NAGARSOL,820,845
17231,NS NSL EXP,22,PAU,PURNA JN,04:25:00,04:30:00,754,NS,NARASAPUR,NSL,NAGARSOL,265,270
17232,NSL NS EXP,5,PAU,PURNA JN,15:58:00,16:00:00,295,NSL,NAGARSOL,NS,NARASAPUR,958,960
17232,NSL NS EXP,20,BZA,VIJAYAWADA JN,05:30:00,05:45:00,910,NSL,NAGARSOL,NS,NARASAPUR,330,345
17235,NAGERCOIL EXP,2,BNC,BANGALORE CANT,17:10:00,17:12:00,5,SBC,BANGALORE CY JN,NCJ,NAGERCOIL JN,1030,1032
17236,BANGALORE EXP,15,BNC,BANGALORE CANT,08:25:00,08:30:00,669,NCJ,NAGERCOIL JN,SBC,BANGALORE CY JN,505,510
17239,SIMHADRI EXP,6,BZA,VIJAYAWADA JN,09:05:00,09:30:00,32,GNT,GUNTUR JN,VSKP,VISAKHAPATNAM,545,570
17239,SIMHADRI EXP,27,VSKP,VISAKHAPATNAM,17:50:00,00:00:00,383,GNT,GUNTUR JN,VSKP,VISAKHAPATNAM,1070,0
17240,SIMHADRI EXPRES,1,VSKP,VISAKHAPATNAM,00:00:00,07:10:00,0,VSKP,VISAKHAPATNAM,GNT,GUNTUR JN,0,430
17240,SIMHADRI EXPRES,21,BZA,VIJAYAWADA JN,14:05:00,14:15:00,351,VSKP,VISAKHAPATNAM,GNT,GUNTUR JN,845,855
17249,MTM SC EXP,9,BZA,VIJAYAWADA JN,22:35:00,22:50:00,81,MTM,MACHILIPATNAM,SC,SECUNDERABAD JN,1355,1370
17250,MACHILIPTNM EXP,11,BZA,VIJAYAWADA JN,04:40:00,04:50:00,351,SC,SECUNDERABAD JN,MTM,MACHILIPATNAM,280,290
17255,NS HYDRABAD EXP,10,BZA,VIJAYAWADA JN,22:20:00,22:35:00,139,NS,NARASAPUR,HYB,HYDERABAD DECAN,1340,1355
17256,NARASAPUR EXP,12,BZA,VIJAYAWADA JN,04:25:00,04:40:00,323,HYB,HYDERABAD DECAN,NS,NARASAPUR,265,280
17305,NZM LINK EXP,11,PUNE,PUNE JN,03:55:00,04:10:00,558,UBL,HUBLI JN,NZM,H NIZAMUDDIN,235,250
17305,NZM LINK EXP,13,ANG,AHMADNAGAR,07:28:00,07:30:00,717,UBL,HUBLI JN,NZM,H NIZAMUDDIN,448,450
17305,NZM LINK EXP,17,JL,JALGAON JN,12:08:00,12:10:00,1030,UBL,HUBLI JN,NZM,H NIZAMUDDIN,728,730
17307,BASAVA EXPRESS,27,SUR,SOLAPUR JN,07:10:00,07:25:00,798,MYS,MYSORE JN,BGK,BAGALKOT,430,445
17308,BASAVA EXPRESS,8,SUR,SOLAPUR JN,19:15:00,19:30:00,206,BGK,BAGALKOT,MYS,MYSORE JN,1155,1170
17311,MAS VASCO EXP,4,JTJ,JOLARPETTAI,17:43:00,17:45:00,214,MAS,CHENNAI CENTRAL,VSG,VASCO DA GAMA,1063,1065
17312,VSG CHENNAI EXP,21,JTJ,JOLARPETTAI,08:23:00,08:25:00,857,VSG,VASCO DA GAMA,MAS,CHENNAI CENTRAL,503,505
17313,MAS HUBLI EXP,4,JTJ,JOLARPETTAI,17:43:00,17:45:00,214,MAS,CHENNAI CENTRAL,UBL,HUBLI JN,1063,1065
17314,UBL CHENNAI EXP,14,JTJ,JOLARPETTAI,08:23:00,08:25:00,621,UBL,HUBLI JN,MAS,CHENNAI CENTRAL,503,505
17315,VELANKANNI EXP,17,JTJ,JOLARPETTAI,01:20:00,01:25:00,853,VSG,VASCO DA GAMA,VLNK,VELLANKANNI,80,85
17317,LOKAMANYA TT EX,12,PUNE,PUNE JN,02:50:00,02:55:00,558,UBL,HUBLI JN,LTT,LOKMANYATILAK T,170,175
17318,LTT HUBLI EXP,4,PUNE,PUNE JN,12:50:00,13:00:00,176,LTT,LOKMANYATILAK T,UBL,HUBLI JN,770,780
17321,UBL LTT EXP,7,SUR,SOLAPUR JN,06:40:00,06:50:00,358,UBL,HUBLI JN,LTT,LOKMANYATILAK T,400,410
17321,UBL LTT EXP,9,PUNE,PUNE JN,11:50:00,12:00:00,621,UBL,HUBLI JN,LTT,LOKMANYATILAK T,710,720
17322,LTT HUBLI EXP,4,PUNE,PUNE JN,01:40:00,02:00:00,172,LTT,LOKMANYATILAK T,UBL,HUBLI JN,100,120
17322,LTT HUBLI EXP,6,SUR,SOLAPUR JN,08:35:00,08:45:00,436,LTT,LOKMANYATILAK T,UBL,HUBLI JN,515,525
17401,TPTY MTM NS EXP,2,RU,RENIGUNTA JN,19:55:00,19:57:00,10,TPTY,TIRUPATI,MTM,MACHILIPATNAM,1195,1197
17401,TPTY MTM NS EXP,14,BZA,VIJAYAWADA JN,02:10:00,02:30:00,386,TPTY,TIRUPATI,MTM,MACHILIPATNAM,130,150
17402,MTM TPTY EXP,9,BZA,VIJAYAWADA JN,21:20:00,21:40:00,81,MTM,MACHILIPATNAM,TPTY,TIRUPATI,1280,1300
17402,MTM TPTY EXP,20,RU,RENIGUNTA JN,04:05:00,04:07:00,457,MTM,MACHILIPATNAM,TPTY,TIRUPATI,245,247
17404,NS TPTY EXP,10,BZA,VIJAYAWADA JN,21:20:00,21:40:00,139,NS,NARASAPUR,TPTY,TIRUPATI,1280,1300
17404,NS TPTY EXP,22,RU,RENIGUNTA JN,04:05:00,04:07:00,515,NS,NARASAPUR,TPTY,TIRUPATI,245,247
17405,KRISHNA EXPRESS,2,RU,RENIGUNTA JN,05:40:00,05:42:00,10,TPTY,TIRUPATI,ADB,ADILABAD,340,342
17405,KRISHNA EXPRESS,24,BZA,VIJAYAWADA JN,13:15:00,13:30:00,386,TPTY,TIRUPATI,ADB,ADILABAD,795,810
17406,KRISHNA EXP,39,BZA,VIJAYAWADA JN,12:55:00,13:15:00,843,ADB,ADILABAD,TPTY,TIRUPATI,775,795
17406,KRISHNA EXP,62,RU,RENIGUNTA JN,20:40:00,20:45:00,1219,ADB,ADILABAD,TPTY,TIRUPATI,1240,1245
17411,MAHALAXMI EXP,7,PUNE,PUNE JN,00:10:00,00:20:00,192,CSTM,MUMBAI CST,KOP,C SHAHUMHARAJ T,10,20
17412,MAHALAXMI EXP,12,PUNE,PUNE JN,03:20:00,03:35:00,327,KOP,C SHAHUMHARAJ T,CSTM,MUMBAI CST,200,215
17415,HARIPRIYA EXP,2,RU,RENIGUNTA JN,21:20:00,21:22:00,10,TPTY,TIRUPATI,KOP,C SHAHUMHARAJ T,1280,1282
17416,HARIPRIYA EXP,31,RU,RENIGUNTA JN,08:05:00,08:10:00,895,KOP,C SHAHUMHARAJ T,TPTY,TIRUPATI,485,490
17429,RAYALASEEMA EXP,35,RU,RENIGUNTA JN,06:08:00,06:10:00,724,HYB,HYDERABAD DECAN,TPTY,TIRUPATI,368,370
17430,RAYALASEEMA EXP,2,RU,RENIGUNTA JN,16:40:00,16:42:00,10,TPTY,TIRUPATI,HYB,HYDERABAD DECAN,1000,1002
17479,PURI TPTY EXP,33,VSKP,VISAKHAPATNAM,23:20:00,23:40:00,468,PURI,PURI,TPTY,TIRUPATI,1400,1420
17479,PURI TPTY EXP,52,BZA,VIJAYAWADA JN,08:00:00,08:20:00,846,PURI,PURI,TPTY,TIRUPATI,480,500
17479,PURI TPTY EXP,71,RU,RENIGUNTA JN,15:48:00,15:50:00,1222,PURI,PURI,TPTY,TIRUPATI,948,950
17480,TPTY PURI EXP,2,RU,RENIGUNTA JN,10:50:00,10:52:00,10,TPTY,TIRUPATI,PURI,PURI,650,652
17480,TPTY PURI EXP,22,BZA,VIJAYAWADA JN,18:30:00,18:45:00,386,TPTY,TIRUPATI,PURI,PURI,1110,1125
17480,TPTY PURI EXP,42,VSKP,VISAKHAPATNAM,04:55:00,05:15:00,764,TPTY,TIRUPATI,PURI,PURI,295,315
17481,BSP TPTY EXPRES,26,VSKP,VISAKHAPATNAM,23:20:00,23:40:00,638,BSP,BILASPUR JN,TPTY,TIRUPATI,1400,1420
17481,BSP TPTY EXPRES,45,BZA,VIJAYAWADA JN,08:00:00,08:20:00,1016,BSP,BILASPUR JN,TPTY,TIRUPATI,480,500
17481,BSP TPTY EXPRES,64,RU,RENIGUNTA JN,15:48:00,15:50:00,1392,BSP,BILASPUR JN,TPTY,TIRUPATI,948,950
17482,TPTY BSP EXP,2,RU,RENIGUNTA JN,10:50:00,10:52:00,10,TPTY,TIRUPATI,BSP,BILASPUR JN,650,652
17482,TPTY BSP EXP,22,BZA,VIJAYAWADA JN,18:30:00,18:45:00,386,TPTY,TIRUPATI,BSP,BILASPUR JN,1110,1125
17482,TPTY BSP EXP,43,VSKP,VISAKHAPATNAM,04:55:00,05:15:00,764,TPTY,TIRUPATI,BSP,BILASPUR JN,295,315
17487,TIRUMALA EXP,2,RU,RENIGUNTA JN,21:03:00,21:05:00,10,TPTY,TIRUPATI,VSKP,VISAKHAPATNAM,1263,1265
17487,TIRUMALA EXP,15,BZA,VIJAYAWADA JN,03:20:00,03:30:00,386,TPTY,TIRUPATI,VSKP,VISAKHAPATNAM,200,210
17487,TIRUMALA EXP,36,VSKP,VISAKHAPATNAM,10:55:00,00:00:00,736,TPTY,TIRUPATI,VSKP,VISAKHAPATNAM,655,0
17488,TIRUMALA EXPRES,1,VSKP,VISAKHAPATNAM,00:00:00,14:00:00,0,VSKP,VISAKHAPATNAM,TPTY,TIRUPATI,0,840
17488,TIRUMALA EXPRES,19,BZA,VIJAYAWADA JN,21:00:00,21:15:00,351,VSKP,VISAKHAPATNAM,TPTY,TIRUPATI,1260,1275
17488,TIRUMALA EXPRES,32,RU,RENIGUNTA JN,04:38:00,04:40:00,727,VSKP,VISAKHAPATNAM,TPTY,TIRUPATI,278,280
17605,MAQ KCG EXPRESS,17,JTJ,JOLARPETTAI,08:50:00,08:55:00,689,MAQ,MANGALORE CNTL,KCG,KACHEGUDA,530,535
17605,MAQ KCG EXPRESS,20,RU,RENIGUNTA JN,13:10:00,13:30:00,906,MAQ,MANGALORE CNTL,KCG,KACHEGUDA,790,810
17606,KCG MAQ EXP,11,RU,RENIGUNTA JN,17:30:00,17:45:00,626,KCG,KACHEGUDA,MAQ,MANGALORE CNTL,1050,1065
17606,KCG MAQ EXP,14,JTJ,JOLARPETTAI,21:33:00,21:35:00,843,KCG,KACHEGUDA,MAQ,MANGALORE CNTL,1293,1295
17609,PNBE PAU EXP,9,NGP,NAGPUR,19:30:00,19:40:00,1256,PNBE,PATNA JN,PAU,PURNA JN,1170,1180
17609,PNBE PAU EXP,17,PAU,PURNA JN,07:10:00,00:00:00,1816,PNBE,PATNA JN,PAU,PURNA JN,430,0
17610,PAU PNBE EXP,1,PAU,PURNA JN,00:00:00,18:10:00,0,PAU,PURNA JN,PNBE,PATNA JN,0,1090
17610,PAU PNBE EXP,8,NGP,NAGPUR,04:15:00,04:25:00,560,PAU,PURNA JN,PNBE,PATNA JN,255,265
17613,PUNE NANDED EXP,1,PUNE,PUNE JN,00:00:00,19:55:00,0,PUNE,PUNE JN,NED,H SAHIB NANDED,0,1195
17613,PUNE NANDED EXP,6,LTRR,LATUR ROAD,03:20:00,03:40:00,371,PUNE,PUNE JN,NED,H SAHIB NANDED,200,220
17613,PUNE NANDED EXP,7,PRLI,PARLI VAIJNATH,05:40:00,06:05:00,434,PUNE,PUNE JN,NED,H SAHIB NANDED,340,365
17613,PUNE NANDED EXP,9,PAU,PURNA JN,08:05:00,08:10:00,526,PUNE,PUNE JN,NED,H SAHIB NANDED,485,490
17614,NED PUNE EXP,2,PAU,PURNA JN,21:53:00,21:55:00,31,NED,H SAHIB NANDED,PUNE,PUNE JN,1313,1315
17614,NED PUNE EXP,4,PRLI,PARLI VAIJNATH,00:10:00,00:40:00,123,NED,H SAHIB NANDED,PUNE,PUNE JN,10,40
17614,NED PUNE EXP,5,LTRR,LATUR ROAD,02:00:00,02:10:00,186,NED,H SAHIB NANDED,PUNE,PUNE JN,120,130
17614,NED PUNE EXP,10,PUNE,PUNE JN,11:00:00,00:00:00,557,NED,H SAHIB NANDED,PUNE,PUNE JN,660,0
17615,KCG MDU EXP,16,JTJ,JOLARPETTAI,21:28:00,21:30:00,809,KCG,KACHEGUDA,MDU,MADURAI JN,1288,1290
17616,KACHEGUDA EXP,8,JTJ,JOLARPETTAI,21:55:00,22:00:00,485,MDU,MADURAI JN,KCG,KACHEGUDA,1315,1320
17617,TAPOVAN EXPRESS,20,PAU,PURNA JN,16:53:00,16:55:00,580,CSTM,MUMBAI CST,NED,H SAHIB NANDED,1013,1015
17618,TAPOVAN EXP,2,PAU,PURNA JN,10:40:00,10:42:00,31,NED,H SAHIB NANDED,CSTM,MUMBAI CST,640,642
17619,AWB NED EXP,7,PAU,PURNA JN,04:30:00,04:35:00,206,AWB,AURANGABAD,NED,H SAHIB NANDED,270,275
17620,NED AWB EXP,2,PAU,PURNA JN,08:28:00,08:30:00,31,NED,H SAHIB NANDED,AWB,AURANGABAD,508,510
17621,AWB RU EXPRESS,8,PRLI,PARLI VAIJNATH,22:10:00,22:20:00,241,AWB,AURANGABAD,RU,RENIGUNTA JN,1330,1340
17621,AWB RU EXPRESS,9,LTRR,LATUR ROAD,00:01:00,00:02:00,305,AWB,AURANGABAD,RU,RENIGUNTA JN,1,2
17621,AWB RU EXPRESS,28,RU,RENIGUNTA JN,19:00:00,00:00:00,1159,AWB,AURANGABAD,RU,RENIGUNTA JN,1140,0
17622,RU AWB EXPRESS,1,RU,RENIGUNTA JN,00:00:00,22:05:00,0,RU,RENIGUNTA JN,AWB,AURANGABAD,0,1325
17622,RU AWB EXPRESS,20,LTRR,LATUR ROAD,15:20:00,15:21:00,855,RU,RENIGUNTA JN,AWB,AURANGABAD,920,921
17622,RU AWB EXPRESS,21,PRLI,PARLI VAIJNATH,17:40:00,17:50:00,918,RU,RENIGUNTA JN,AWB,AURANGABAD,1060,1070
17623,NED BKN EXP,2,PAU,PURNA JN,09:30:00,09:50:00,31,NED,H SAHIB NANDED,BKN,BIKANER JN,570,590
17623,NED BKN EXP,6,AK,AKOLA JN,13:50:00,13:55:00,238,NED,H SAHIB NANDED,BKN,BIKANER JN,830,835
17623,NED BKN EXP,8,JL,JALGAON JN,16:50:00,16:55:00,402,NED,H SAHIB NANDED,BKN,BIKANER JN,1010,1015
17624,BKN NED EXP,22,JL,JALGAON JN,18:10:00,18:15:00,1271,BKN,BIKANER JN,NED,H SAHIB NANDED,1090,1095
17624,BKN NED EXP,24,AK,AKOLA JN,21:20:00,21:30:00,1435,BKN,BIKANER JN,NED,H SAHIB NANDED,1280,1290
17624,BKN NED EXP,28,PAU,PURNA JN,01:10:00,01:30:00,1642,BKN,BIKANER JN,NED,H SAHIB NANDED,70,90
17639,KCG AK EXP,17,PAU,PURNA JN,14:15:00,14:25:00,307,KCG,KACHEGUDA,AK,AKOLA JN,855,865
17639,KCG AK EXP,21,AK,AKOLA JN,18:30:00,00:00:00,514,KCG,KACHEGUDA,AK,AKOLA JN,1110,0
17640,AK KCG EXP,1,AK,AKOLA JN,00:00:00,09:30:00,0,AK,AKOLA JN,KCG,KACHEGUDA,0,570
17640,AK KCG EXP,5,PAU,PURNA JN,12:55:00,13:05:00,207,AK,AKOLA JN,KCG,KACHEGUDA,775,785
17643,CIRCAR EXP,20,BZA,VIJAYAWADA JN,02:45:00,03:05:00,458,MS,CHENNAI EGMORE,COA,KAKINADA PORT,165,185
17644,CIRCAR EXP,15,BZA,VIJAYAWADA JN,20:45:00,21:05:00,242,COA,KAKINADA PORT,MS,CHENNAI EGMORE,1245,1265
17651,KACHEGUDA EXP,8,RU,RENIGUNTA JN,20:00:00,20:15:00,147,MS,CHENNAI EGMORE,KCG,KACHEGUDA,1200,1215
17652,KCG MS EXP,14,RU,RENIGUNTA JN,03:15:00,03:35:00,626,KCG,KACHEGUDA,MS,CHENNAI EGMORE,195,215
17687,MARATHWADA PS E,20,PAU,PURNA JN,21:13:00,21:15:00,319,MMR,MANMAD JN,DAB,DHARMABAD,1273,1275
17688,MARATHWADA EXP,6,PAU,PURNA JN,06:03:00,06:05:00,103,DAB,DHARMABAD,MMR,MANMAD JN,363,365
18001,KANDARI EXPRESS,1,HWH,HOWRAH JN,00:00:00,14:15:00,0,HWH,HOWRAH JN,DGHA,DIGHA FLAG STN,0,855
18002,KANDARI EXPRESS,9,HWH,HOWRAH JN,21:50:00,00:00:00,186,DGHA,DIGHA FLAG STN,HWH,HOWRAH JN,1310,0
18005,HWH KORAPUT EXP,1,HWH,HOWRAH JN,00:00:00,21:30:00,0,HWH,HOWRAH JN,JDB,JAGDALPUR,0,1290
18005,HWH KORAPUT EXP,6,KGP,KHARAGPUR JN,23:45:00,23:50:00,116,HWH,HOWRAH JN,JDB,JAGDALPUR,1425,1430
18006,KORAPUT HWH EXP,41,KGP,KHARAGPUR JN,03:20:00,03:30:00,1048,JDB,JAGDALPUR,HWH,HOWRAH JN,200,210
18006,KORAPUT HWH EXP,46,HWH,HOWRAH JN,06:25:00,00:00:00,1163,JDB,JAGDALPUR,HWH,HOWRAH JN,385,0
18009,SRC AII EXPRESS,2,KGP,KHARAGPUR JN,14:30:00,14:35:00,108,SRC,SANTRAGACHI JN,AII,AJMER JN,870,875
18010,SANTRAGACHI EXP,23,KGP,KHARAGPUR JN,12:05:00,12:15:00,1898,AII,AJMER JN,SRC,SANTRAGACHI JN,725,735
18010,SANTRAGACHI EXP,23,KGP,KHARAGPUR JN,12:05:00,12:15:00,1901,AII,AJMER JN,SRC,SANTRAGACHI JN,725,735
18029,LTT SHALIMAR EX,4,KSRA,KASARA,23:53:00,23:55:00,105,LTT,LOKMANYATILAK T,SHM,SHALIMAR,1433,1435
18029,LTT SHALIMAR EX,12,PC,PACHORA JN,04:03:00,04:05:00,357,LTT,LOKMANYATILAK T,SHM,SHALIMAR,243,245
18029,LTT SHALIMAR EX,13,JL,JALGAON JN,04:38:00,04:40:00,405,LTT,LOKMANYATILAK T,SHM,SHALIMAR,278,280
18029,LTT SHALIMAR EX,16,BDWD,BODWAD,05:53:00,05:55:00,459,LTT,LOKMANYATILAK T,SHM,SHALIMAR,353,355
18029,LTT SHALIMAR EX,17,MKU,MALKAPUR,06:08:00,06:10:00,479,LTT,LOKMANYATILAK T,SHM,SHALIMAR,368,370
18029,LTT SHALIMAR EX,20,SEG,SHEGAON,07:08:00,07:10:00,531,LTT,LOKMANYATILAK T,SHM,SHALIMAR,428,430
18029,LTT SHALIMAR EX,22,AK,AKOLA JN,07:40:00,07:45:00,569,LTT,LOKMANYATILAK T,SHM,SHALIMAR,460,465
18029,LTT SHALIMAR EX,23,MZR,MURTAJAPUR,08:13:00,08:15:00,606,LTT,LOKMANYATILAK T,SHM,SHALIMAR,493,495
18029,LTT SHALIMAR EX,24,BD,BADNERA JN,09:40:00,09:45:00,647,LTT,LOKMANYATILAK T,SHM,SHALIMAR,580,585
18029,LTT SHALIMAR EX,25,CND,CHANDUR,10:15:00,10:17:00,677,LTT,LOKMANYATILAK T,SHM,SHALIMAR,615,617
18029,LTT SHALIMAR EX,27,PLO,PULGAON JN,10:48:00,10:50:00,713,LTT,LOKMANYATILAK T,SHM,SHALIMAR,648,650
18029,LTT SHALIMAR EX,28,WR,WARDHA JN,11:25:00,11:30:00,743,LTT,LOKMANYATILAK T,SHM,SHALIMAR,685,690
18029,LTT SHALIMAR EX,32,NGP,NAGPUR,13:10:00,13:30:00,821,LTT,LOKMANYATILAK T,SHM,SHALIMAR,790,810
18029,LTT SHALIMAR EX,78,KGP,KHARAGPUR JN,09:20:00,09:30:00,1837,LTT,LOKMANYATILAK T,SHM,SHALIMAR,560,570
18030,SHM LTT EXPRESS,6,KGP,KHARAGPUR JN,17:35:00,17:50:00,113,SHM,SHALIMAR,LTT,LOKMANYATILAK T,1055,1070
18030,SHM LTT EXPRESS,53,NGP,NAGPUR,13:15:00,13:40:00,1129,SHM,SHALIMAR,LTT,LOKMANYATILAK T,795,820
18030,SHM LTT EXPRESS,57,WR,WARDHA JN,15:02:00,15:05:00,1208,SHM,SHALIMAR,LTT,LOKMANYATILAK T,902,905
18030,SHM LTT EXPRESS,58,PLO,PULGAON JN,15:26:00,15:27:00,1238,SHM,SHALIMAR,LTT,LOKMANYATILAK T,926,927
18030,SHM LTT EXPRESS,60,CND,CHANDUR,16:01:00,16:02:00,1274,SHM,SHALIMAR,LTT,LOKMANYATILAK T,961,962
18030,SHM LTT EXPRESS,61,BD,BADNERA JN,17:00:00,17:05:00,1304,SHM,SHALIMAR,LTT,LOKMANYATILAK T,1020,1025
18030,SHM LTT EXPRESS,62,MZR,MURTAJAPUR,17:33:00,17:35:00,1345,SHM,SHALIMAR,LTT,LOKMANYATILAK T,1053,1055
18030,SHM LTT EXPRESS,63,AK,AKOLA JN,18:05:00,18:10:00,1382,SHM,SHALIMAR,LTT,LOKMANYATILAK T,1085,1090
18030,SHM LTT EXPRESS,65,SEG,SHEGAON,18:39:00,18:40:00,1420,SHM,SHALIMAR,LTT,LOKMANYATILAK T,1119,1120
18030,SHM LTT EXPRESS,68,MKU,MALKAPUR,19:24:00,19:25:00,1472,SHM,SHALIMAR,LTT,LOKMANYATILAK T,1164,1165
18030,SHM LTT EXPRESS,69,BDWD,BODWAD,19:44:00,19:45:00,1492,SHM,SHALIMAR,LTT,LOKMANYATILAK T,1184,1185
18030,SHM LTT EXPRESS,71,JL,JALGAON JN,21:09:00,21:10:00,1546,SHM,SHALIMAR,LTT,LOKMANYATILAK T,1269,1270
18030,SHM LTT EXPRESS,72,PC,PACHORA JN,21:44:00,21:45:00,1594,SHM,SHALIMAR,LTT,LOKMANYATILAK T,1304,1305
18030,SHM LTT EXPRESS,80,KSRA,KASARA,02:34:00,02:35:00,1846,SHM,SHALIMAR,LTT,LOKMANYATILAK T,154,155
18047,AMARAVATHI EXP,1,HWH,HOWRAH JN,00:00:00,23:30:00,0,HWH,HOWRAH JN,VSG,VASCO DA GAMA,0,1410
18047,AMARAVATHI EXP,2,KGP,KHARAGPUR JN,01:10:00,01:15:00,116,HWH,HOWRAH JN,VSG,VASCO DA GAMA,70,75
18047,AMARAVATHI EXP,7,BBS,BHUBANESWAR,05:55:00,06:00:00,439,HWH,HOWRAH JN,VSG,VASCO DA GAMA,355,360
18047,AMARAVATHI EXP,13,VSKP,VISAKHAPATNAM,12:35:00,12:55:00,882,HWH,HOWRAH JN,VSG,VASCO DA GAMA,755,775
18047,AMARAVATHI EXP,19,BZA,VIJAYAWADA JN,18:45:00,18:55:00,1232,HWH,HOWRAH JN,VSG,VASCO DA GAMA,1125,1135
18048,VSG HOWRAH EXP,26,BZA,VIJAYAWADA JN,02:50:00,03:00:00,928,VSG,VASCO DA GAMA,HWH,HOWRAH JN,170,180
18048,VSG HOWRAH EXP,33,VSKP,VISAKHAPATNAM,08:30:00,08:50:00,1279,VSG,VASCO DA GAMA,HWH,HOWRAH JN,510,530
18048,VSG HOWRAH EXP,39,BBS,BHUBANESWAR,15:10:00,15:15:00,1721,VSG,VASCO DA GAMA,HWH,HOWRAH JN,910,915
18048,VSG HOWRAH EXP,44,KGP,KHARAGPUR JN,20:08:00,20:23:00,2045,VSG,VASCO DA GAMA,HWH,HOWRAH JN,1208,1223
18048,VSG HOWRAH EXP,46,HWH,HOWRAH JN,22:25:00,00:00:00,2160,VSG,VASCO DA GAMA,HWH,HOWRAH JN,1345,0
18101,TATA JAT EXP,28,CNB,KANPUR CENTRAL,12:25:00,12:35:00,940,TATA,TATANAGAR JN,JAT,JAMMU TAWI,745,755
18105,ROU BBS INT EXP,13,BBS,BHUBANESWAR,13:00:00,00:00:00,419,ROU,ROURKELA,BBS,BHUBANESWAR,780,0
18106,BBS ROU INT EXP,1,BBS,BHUBANESWAR,00:00:00,13:40:00,0,BBS,BHUBANESWAR,ROU,ROURKELA,0,820
18109,ROU MURI JAT EX,34,CNB,KANPUR CENTRAL,12:25:00,12:35:00,1072,ROU,ROURKELA,JAT,JAMMU TAWI,745,755
18110,JAT MURI ROU EX,44,CNB,KANPUR CENTRAL,12:40:00,12:50:00,1087,JAT,JAMMU TAWI,ROU,ROURKELA,760,770
18111,TATA YPR EXP,15,VSKP,VISAKHAPATNAM,09:40:00,10:00:00,820,TATA,TATANAGAR JN,YPR,YESVANTPUR JN,580,600
18111,TATA YPR EXP,19,BZA,VIJAYAWADA JN,15:30:00,15:45:00,1170,TATA,TATANAGAR JN,YPR,YESVANTPUR JN,930,945
18112,YPR TATA EXP,23,BZA,VIJAYAWADA JN,12:00:00,12:20:00,1271,YPR,YESVANTPUR JN,TATA,TATANAGAR JN,720,740
18112,YPR TATA EXP,27,VSKP,VISAKHAPATNAM,19:55:00,20:15:00,1622,YPR,YESVANTPUR JN,TATA,TATANAGAR JN,1195,1215
18189,TATA ALLP EXP,35,VSKP,VISAKHAPATNAM,09:55:00,10:10:00,820,TATA,TATANAGAR JN,ALLP,ALLEPPEY,595,610
18189,TATA ALLP EXP,52,BZA,VIJAYAWADA JN,17:25:00,17:45:00,1170,TATA,TATANAGAR JN,ALLP,ALLEPPEY,1045,1065
18189,TATA ALLP EXP,71,JTJ,JOLARPETTAI,07:18:00,07:20:00,1813,TATA,TATANAGAR JN,ALLP,ALLEPPEY,438,440
18191,UTSARG EXP,30,CNB,KANPUR CENTRAL,09:20:00,09:35:00,548,CPR,CHHAPRA,FBD,FARRUKHABAD,560,575
18192,UTSARG EXP,4,CNB,KANPUR CENTRAL,16:40:00,17:00:00,140,FBD,FARRUKHABAD,CPR,CHHAPRA,1000,1020
18203,BETWA EXPRESS,20,CNB,KANPUR CENTRAL,13:05:00,00:00:00,885,DURG,DURG,CNB,KANPUR CENTRAL,785,0
18204,BETWA EXPRESS,1,CNB,KANPUR CENTRAL,00:00:00,18:20:00,0,CNB,KANPUR CENTRAL,DURG,DURG,0,1100
18233,NARMADA EXPRESS,20,HBJ,HABIBGANJ,23:35:00,23:37:00,269,INDB,INDORE JN BG,BSP,BILASPUR JN,1415,1417
18233,NARMADA EXPRESS,23,HBD,HOSHANGABAD,01:34:00,01:36:00,337,INDB,INDORE JN BG,BSP,BILASPUR JN,94,96
18233,NARMADA EXPRESS,29,GAR,GADARWARA,04:07:00,04:09:00,472,INDB,INDORE JN BG,BSP,BILASPUR JN,247,249
18234,NARMADA EXP PSG,44,GAR,GADARWARA,23:05:00,23:07:00,538,BSP,BILASPUR JN,INDB,INDORE JN BG,1385,1387
18234,NARMADA EXP PSG,50,HBD,HOSHANGABAD,02:23:00,02:25:00,673,BSP,BILASPUR JN,INDB,INDORE JN BG,143,145
18234,NARMADA EXP PSG,53,HBJ,HABIBGANJ,03:42:00,03:44:00,741,BSP,BILASPUR JN,INDB,INDORE JN BG,222,224
18235,BILASPUR EX PAS,10,BINA,BINA JN,10:40:00,10:50:00,139,BPL,BHOPAL JN,BSP,BILASPUR JN,640,650
18236,BSP BPL PAS,58,BINA,BINA JN,14:25:00,14:35:00,579,BSP,BILASPUR JN,BPL,BHOPAL JN,865,875
18237,CHATTISGARH EXP,18,NGP,NAGPUR,21:40:00,22:05:00,411,BSP,BILASPUR JN,ASR,AMRITSAR JN,1300,1325
18237,CHATTISGARH EXP,27,HBD,HOSHANGABAD,04:43:00,04:45:00,726,BSP,BILASPUR JN,ASR,AMRITSAR JN,283,285
18237,CHATTISGARH EXP,29,HBJ,HABIBGANJ,06:05:00,06:07:00,794,BSP,BILASPUR JN,ASR,AMRITSAR JN,365,367
18237,CHATTISGARH EXP,34,BINA,BINA JN,09:15:00,09:20:00,938,BSP,BILASPUR JN,ASR,AMRITSAR JN,555,560
18238,CHHATISGARH EXP,56,BINA,BINA JN,16:25:00,16:30:00,1070,ASR,AMRITSAR JN,BSP,BILASPUR JN,985,990
18238,CHHATISGARH EXP,61,HBJ,HABIBGANJ,18:55:00,18:57:00,1214,ASR,AMRITSAR JN,BSP,BILASPUR JN,1135,1137
18238,CHHATISGARH EXP,63,HBD,HOSHANGABAD,20:30:00,20:32:00,1282,ASR,AMRITSAR JN,BSP,BILASPUR JN,1230,1232
18238,CHHATISGARH EXP,72,NGP,NAGPUR,03:30:00,03:55:00,1597,ASR,AMRITSAR JN,BSP,BILASPUR JN,210,235
18239,GAD NGP EXP,32,NGP,NAGPUR,05:30:00,00:00:00,513,GAD,GEVRA ROAD,NGP,NAGPUR,330,0
18240,NGP BILASPUR EX,1,NGP,NAGPUR,00:00:00,23:35:00,0,NGP,NAGPUR,BSP,BILASPUR JN,0,1415
18302,RGDA SBP EXPRES,9,BBS,BHUBANESWAR,04:50:00,04:55:00,633,RGDA,RAYAGADA,SBP,SAMBALPUR,290,295
18303,SBP PURI INT EX,12,BBS,BHUBANESWAR,10:35:00,10:40:00,279,SBP,SAMBALPUR,PURI,PURI,635,640
18304,PURI SBP INT EX,3,BBS,BHUBANESWAR,17:10:00,17:15:00,63,PURI,PURI,SBP,SAMBALPUR,1030,1035
18309,NAGAVALI EXPRES,11,VSKP,VISAKHAPATNAM,19:05:00,19:25:00,506,SBP,SAMBALPUR,NED,H SAHIB NANDED,1145,1165
18309,NAGAVALI EXPRES,14,BZA,VIJAYAWADA JN,01:30:00,01:50:00,857,SBP,SAMBALPUR,NED,H SAHIB NANDED,90,110
18310,NAGAWALI EXP,8,BZA,VIJAYAWADA JN,03:35:00,03:55:00,622,NED,H SAHIB NANDED,SBP,SAMBALPUR,215,235
18310,NAGAWALI EXP,13,VSKP,VISAKHAPATNAM,10:15:00,10:35:00,973,NED,H SAHIB NANDED,SBP,SAMBALPUR,615,635
18401,PURI OKHA EXP,10,VSKP,VISAKHAPATNAM,17:15:00,17:35:00,468,PURI,PURI,OKHA,OKHA,1035,1055
18401,PURI OKHA EXP,15,BZA,VIJAYAWADA JN,00:01:00,00:15:00,818,PURI,PURI,OKHA,OKHA,1,15
18401,PURI OKHA EXP,22,WR,WARDHA JN,10:42:00,10:45:00,1401,PURI,PURI,OKHA,OKHA,642,645
18401,PURI OKHA EXP,23,BD,BADNERA JN,12:40:00,12:43:00,1497,PURI,PURI,OKHA,OKHA,760,763
18401,PURI OKHA EXP,24,AK,AKOLA JN,13:30:00,13:35:00,1576,PURI,PURI,OKHA,OKHA,810,815
18401,PURI OKHA EXP,25,SEG,SHEGAON,14:04:00,14:05:00,1613,PURI,PURI,OKHA,OKHA,844,845
18401,PURI OKHA EXP,26,MKU,MALKAPUR,14:39:00,14:40:00,1665,PURI,PURI,OKHA,OKHA,879,880
18401,PURI OKHA EXP,28,JL,JALGAON JN,16:54:00,16:55:00,1739,PURI,PURI,OKHA,OKHA,1014,1015
18402,OKHA PURI EXP,14,JL,JALGAON JN,03:58:00,04:05:00,1039,OKHA,OKHA,PURI,PURI,238,245
18402,OKHA PURI EXP,16,MKU,MALKAPUR,05:26:00,05:28:00,1113,OKHA,OKHA,PURI,PURI,326,328
18402,OKHA PURI EXP,17,SEG,SHEGAON,06:06:00,06:08:00,1166,OKHA,OKHA,PURI,PURI,366,368
18402,OKHA PURI EXP,18,AK,AKOLA JN,06:35:00,06:40:00,1203,OKHA,OKHA,PURI,PURI,395,400
18402,OKHA PURI EXP,19,BD,BADNERA JN,08:00:00,08:05:00,1282,OKHA,OKHA,PURI,PURI,480,485
18402,OKHA PURI EXP,20,WR,WARDHA JN,09:35:00,09:38:00,1377,OKHA,OKHA,PURI,PURI,575,578
18402,OKHA PURI EXP,27,BZA,VIJAYAWADA JN,19:05:00,19:25:00,1960,OKHA,OKHA,PURI,PURI,1145,1165
18402,OKHA PURI EXP,32,VSKP,VISAKHAPATNAM,02:00:00,02:20:00,2311,OKHA,OKHA,PURI,PURI,120,140
18405,PURI ADI EXP,4,BBS,BHUBANESWAR,20:00:00,20:05:00,63,PURI,PURI,ADI,AHMEDABAD JN,1200,1205
18405,PURI ADI EXP,27,NGP,NAGPUR,14:35:00,14:45:00,1036,PURI,PURI,ADI,AHMEDABAD JN,875,885
18405,PURI ADI EXP,28,WR,WARDHA JN,15:51:00,15:54:00,1115,PURI,PURI,ADI,AHMEDABAD JN,951,954
18405,PURI ADI EXP,29,BD,BADNERA JN,17:30:00,17:33:00,1210,PURI,PURI,ADI,AHMEDABAD JN,1050,1053
18405,PURI ADI EXP,30,AK,AKOLA JN,18:25:00,18:30:00,1289,PURI,PURI,ADI,AHMEDABAD JN,1105,1110
18405,PURI ADI EXP,31,MKU,MALKAPUR,19:39:00,19:40:00,1378,PURI,PURI,ADI,AHMEDABAD JN,1179,1180
18405,PURI ADI EXP,33,JL,JALGAON JN,21:20:00,21:25:00,1453,PURI,PURI,ADI,AHMEDABAD JN,1280,1285
18406,ADI PURI EXP,8,JL,JALGAON JN,04:03:00,04:05:00,540,ADI,AHMEDABAD JN,PURI,PURI,243,245
18406,ADI PURI EXP,10,MKU,MALKAPUR,05:26:00,05:28:00,614,ADI,AHMEDABAD JN,PURI,PURI,326,328
18406,ADI PURI EXP,11,AK,AKOLA JN,06:35:00,06:40:00,704,ADI,AHMEDABAD JN,PURI,PURI,395,400
18406,ADI PURI EXP,12,BD,BADNERA JN,08:00:00,08:05:00,783,ADI,AHMEDABAD JN,PURI,PURI,480,485
18406,ADI PURI EXP,13,WR,WARDHA JN,09:35:00,09:38:00,878,ADI,AHMEDABAD JN,PURI,PURI,575,578
18406,ADI PURI EXP,14,NGP,NAGPUR,11:25:00,11:45:00,957,ADI,AHMEDABAD JN,PURI,PURI,685,705
18406,ADI PURI EXP,37,BBS,BHUBANESWAR,06:25:00,06:30:00,1930,ADI,AHMEDABAD JN,PURI,PURI,385,390
18407,PURI SNSI EXP,3,BBS,BHUBANESWAR,23:40:00,23:45:00,63,PURI,PURI,SNSI,SAINAGAR SHIRDI,1420,1425
18407,PURI SNSI EXP,19,NGP,NAGPUR,19:40:00,19:50:00,1026,PURI,PURI,SNSI,SAINAGAR SHIRDI,1180,1190
18407,PURI SNSI EXP,20,WR,WARDHA JN,20:50:00,20:53:00,1105,PURI,PURI,SNSI,SAINAGAR SHIRDI,1250,1253
18407,PURI SNSI EXP,21,BD,BADNERA JN,22:40:00,22:43:00,1200,PURI,PURI,SNSI,SAINAGAR SHIRDI,1360,1363
18407,PURI SNSI EXP,22,AK,AKOLA JN,23:50:00,23:55:00,1279,PURI,PURI,SNSI,SAINAGAR SHIRDI,1430,1435
18408,SNSI PURI EXP,5,AK,AKOLA JN,19:50:00,19:55:00,407,SNSI,SAINAGAR SHIRDI,PURI,PURI,1190,1195
18408,SNSI PURI EXP,6,BD,BADNERA JN,22:20:00,22:25:00,486,SNSI,SAINAGAR SHIRDI,PURI,PURI,1340,1345
18408,SNSI PURI EXP,7,WR,WARDHA JN,00:02:00,00:05:00,581,SNSI,SAINAGAR SHIRDI,PURI,PURI,2,5
18408,SNSI PURI EXP,8,NGP,NAGPUR,01:40:00,01:55:00,660,SNSI,SAINAGAR SHIRDI,PURI,PURI,100,115
18408,SNSI PURI EXP,24,BBS,BHUBANESWAR,20:35:00,20:40:00,1623,SNSI,SAINAGAR SHIRDI,PURI,PURI,1235,1240
18409,SRIJAGANNATHEXP,1,HWH,HOWRAH JN,00:00:00,19:00:00,0,HWH,HOWRAH JN,PURI,PURI,0,1140
18409,SRIJAGANNATHEXP,3,KGP,KHARAGPUR JN,20:50:00,20:55:00,116,HWH,HOWRAH JN,PURI,PURI,1250,1255
18409,SRIJAGANNATHEXP,17,BBS,BHUBANESWAR,02:20:00,02:25:00,439,HWH,HOWRAH JN,PURI,PURI,140,145
18410,SRIJAGANNATH EX,4,BBS,BHUBANESWAR,23:50:00,23:55:00,63,PURI,PURI,HWH,HOWRAH JN,1430,1435
18410,SRIJAGANNATH EX,18,KGP,KHARAGPUR JN,05:55:00,06:00:00,387,PURI,PURI,HWH,HOWRAH JN,355,360
18410,SRIJAGANNATH EX,21,HWH,HOWRAH JN,08:10:00,00:00:00,502,PURI,PURI,HWH,HOWRAH JN,490,0
18411,INTER CITY EXP,1,BBS,BHUBANESWAR,00:00:00,07:00:00,0,BBS,BHUBANESWAR,VSKP,VISAKHAPATNAM,0,420
18411,INTER CITY EXP,27,VSKP,VISAKHAPATNAM,14:55:00,00:00:00,443,BBS,BHUBANESWAR,VSKP,VISAKHAPATNAM,895,0
18412,INTER CITY EXP,1,VSKP,VISAKHAPATNAM,00:00:00,15:20:00,0,VSKP,VISAKHAPATNAM,BBS,BHUBANESWAR,0,920
18412,INTER CITY EXP,27,BBS,BHUBANESWAR,23:55:00,00:00:00,443,VSKP,VISAKHAPATNAM,BBS,BHUBANESWAR,1435,0
18415,BBN PURI EXP,26,BBS,BHUBANESWAR,18:10:00,18:15:00,336,BBN,BARABIL,PURI,PURI,1090,1095
18416,PURI KDJR EXP,4,BBS,BHUBANESWAR,07:40:00,07:45:00,63,PURI,PURI,BBN,BARABIL,460,465
18417,RAJYA RANI EXP,17,BBS,BHUBANESWAR,07:15:00,00:00:00,443,ROU,ROURKELA,BBS,BHUBANESWAR,435,0
18418,RAJYA RANI EXP,1,BBS,BHUBANESWAR,00:00:00,23:05:00,0,BBS,BHUBANESWAR,ROU,ROURKELA,0,1385
18419,PURI JYG EXP,3,BBS,BHUBANESWAR,15:25:00,15:30:00,63,PURI,PURI,JYG,JAYNAGAR,925,930
18420,JYG DBG PURI EX,23,BBS,BHUBANESWAR,01:10:00,01:15:00,941,JYG,JAYNAGAR,PURI,PURI,70,75
18421,PURI AJMER EXP,3,BBS,BHUBANESWAR,23:25:00,23:30:00,63,PURI,PURI,AII,AJMER JN,1405,1410
18421,PURI AJMER EXP,19,NGP,NAGPUR,17:50:00,18:00:00,1026,PURI,PURI,AII,AJMER JN,1070,1080
18421,PURI AJMER EXP,20,WR,WARDHA JN,19:07:00,19:10:00,1105,PURI,PURI,AII,AJMER JN,1147,1150
18421,PURI AJMER EXP,21,BD,BADNERA JN,20:45:00,20:48:00,1200,PURI,PURI,AII,AJMER JN,1245,1248
18421,PURI AJMER EXP,22,AK,AKOLA JN,21:40:00,21:45:00,1279,PURI,PURI,AII,AJMER JN,1300,1305
18421,PURI AJMER EXP,24,MKU,MALKAPUR,22:43:00,22:45:00,1369,PURI,PURI,AII,AJMER JN,1363,1365
18421,PURI AJMER EXP,26,JL,JALGAON JN,00:23:00,00:25:00,1443,PURI,PURI,AII,AJMER JN,23,25
18422,AII PURI EXP,16,JL,JALGAON JN,14:08:00,14:10:00,1032,AII,AJMER JN,PURI,PURI,848,850
18422,AII PURI EXP,18,MKU,MALKAPUR,15:33:00,15:35:00,1106,AII,AJMER JN,PURI,PURI,933,935
18422,AII PURI EXP,20,AK,AKOLA JN,16:40:00,16:45:00,1196,AII,AJMER JN,PURI,PURI,1000,1005
18422,AII PURI EXP,21,BD,BADNERA JN,18:15:00,18:20:00,1275,AII,AJMER JN,PURI,PURI,1095,1100
18422,AII PURI EXP,22,WR,WARDHA JN,20:04:00,20:07:00,1370,AII,AJMER JN,PURI,PURI,1204,1207
18422,AII PURI EXP,23,NGP,NAGPUR,22:00:00,22:10:00,1449,AII,AJMER JN,PURI,PURI,1320,1330
18422,AII PURI EXP,39,BBS,BHUBANESWAR,16:25:00,16:30:00,2412,AII,AJMER JN,PURI,PURI,985,990
18425,PURI DURG EXP,3,BBS,BHUBANESWAR,18:35:00,18:40:00,63,PURI,PURI,DURG,DURG,1115,1120
18426,DURG PURI EXP,27,BBS,BHUBANESWAR,07:30:00,07:35:00,733,DURG,DURG,PURI,PURI,450,455
18437,BBS BWIP LINK E,1,BBS,BHUBANESWAR,00:00:00,19:35:00,0,BBS,BHUBANESWAR,JNRD,JUNAGARH ROAD,0,1175
18438,BWIP BBS LINK E,32,BBS,BHUBANESWAR,08:25:00,00:00:00,653,JNRD,JUNAGARH ROAD,BBS,BHUBANESWAR,505,0
18447,HIRAKHAND EXP,1,BBS,BHUBANESWAR,00:00:00,19:35:00,0,BBS,BHUBANESWAR,JDB,JAGDALPUR,0,1175
18448,HIRAKHAND EXP,40,BBS,BHUBANESWAR,08:25:00,00:00:00,785,JDB,JAGDALPUR,BBS,BHUBANESWAR,505,0
18449,B NATH DHAM EXP,4,BBS,BHUBANESWAR,15:25:00,15:30:00,63,PURI,PURI,PNBE,PATNA JN,925,930
18450,B NATH DHAM EXP,24,BBS,BHUBANESWAR,01:10:00,01:15:00,869,PNBE,PATNA JN,PURI,PURI,70,75
18451,TAPASWINI EXPRE,23,BBS,BHUBANESWAR,04:50:00,04:55:00,629,HTE,HATIA,PURI,PURI,290,295
18452,TAPASWINI EXPRE,3,BBS,BHUBANESWAR,21:55:00,22:00:00,63,PURI,PURI,HTE,HATIA,1315,1320
18463,PRASANTHI EXP,1,BBS,BHUBANESWAR,00:00:00,05:30:00,0,BBS,BHUBANESWAR,SBC,BANGALORE CY JN,0,330
18463,PRASANTHI EXP,14,VSKP,VISAKHAPATNAM,12:45:00,13:05:00,443,BBS,BHUBANESWAR,SBC,BANGALORE CY JN,765,785
18463,PRASANTHI EXP,24,BZA,VIJAYAWADA JN,19:10:00,19:25:00,793,BBS,BHUBANESWAR,SBC,BANGALORE CY JN,1150,1165
18463,PRASANTHI EXP,44,BNC,BANGALORE CANT,11:19:00,11:20:00,1542,BBS,BHUBANESWAR,SBC,BANGALORE CY JN,679,680
18464,PRASANTHI EXP,2,BNC,BANGALORE CANT,14:10:00,14:12:00,5,SBC,BANGALORE CY JN,BBS,BHUBANESWAR,850,852
18464,PRASANTHI EXP,22,BZA,VIJAYAWADA JN,06:35:00,06:55:00,754,SBC,BANGALORE CY JN,BBS,BHUBANESWAR,395,415
18464,PRASANTHI EXP,33,VSKP,VISAKHAPATNAM,13:15:00,13:45:00,1104,SBC,BANGALORE CY JN,BBS,BHUBANESWAR,795,825
18464,PRASANTHI EXP,46,BBS,BHUBANESWAR,20:50:00,00:00:00,1546,SBC,BANGALORE CY JN,BBS,BHUBANESWAR,1250,0
18473,PURI JU EXPRESS,4,BBS,BHUBANESWAR,14:55:00,15:00:00,63,PURI,PURI,JU,JODHPUR JN,895,900
18473,PURI JU EXPRESS,26,NGP,NAGPUR,10:55:00,11:15:00,1030,PURI,PURI,JU,JODHPUR JN,655,675
18473,PURI JU EXPRESS,30,HBJ,HABIBGANJ,17:23:00,17:25:00,1412,PURI,PURI,JU,JODHPUR JN,1043,1045
18474,JU PURI EXPRESS,15,HBJ,HABIBGANJ,07:20:00,07:22:00,1021,JU,JODHPUR JN,PURI,PURI,440,442
18474,JU PURI EXPRESS,19,NGP,NAGPUR,14:00:00,14:55:00,1404,JU,JODHPUR JN,PURI,PURI,840,895
18474,JU PURI EXPRESS,40,BBS,BHUBANESWAR,10:20:00,10:25:00,2370,JU,JODHPUR JN,PURI,PURI,620,625
18477,UTKAL EXPRESS,4,BBS,BHUBANESWAR,22:15:00,22:20:00,63,PURI,PURI,HW,HARIDWAR JN,1335,1340
18478,KALINGAUTKALEXP,74,BBS,BHUBANESWAR,04:15:00,04:20:00,2307,HW,HARIDWAR JN,PURI,PURI,255,260
18495,BHUBANESWAR EXP,21,BZA,VIJAYAWADA JN,05:30:00,05:40:00,1099,RMM,RAMESWARAM,BBS,BHUBANESWAR,330,340
18495,BHUBANESWAR EXP,24,VSKP,VISAKHAPATNAM,11:45:00,12:05:00,1450,RMM,RAMESWARAM,BBS,BHUBANESWAR,705,725
18495,BHUBANESWAR EXP,29,BBS,BHUBANESWAR,18:45:00,00:00:00,1892,RMM,RAMESWARAM,BBS,BHUBANESWAR,1125,0
18496,BBS RMM EXPRESS,1,BBS,BHUBANESWAR,00:00:00,12:00:00,0,BBS,BHUBANESWAR,RMM,RAMESWARAM,0,720
18496,BBS RMM EXPRESS,5,VSKP,VISAKHAPATNAM,18:45:00,19:10:00,443,BBS,BHUBANESWAR,RMM,RAMESWARAM,1125,1150
18496,BBS RMM EXPRESS,7,BZA,VIJAYAWADA JN,01:25:00,01:35:00,793,BBS,BHUBANESWAR,RMM,RAMESWARAM,85,95
18501,VSKP GIMB EXP,1,VSKP,VISAKHAPATNAM,00:00:00,17:35:00,0,VSKP,VISAKHAPATNAM,GIMB,GANDHIDHAM BG,0,1055
18501,VSKP GIMB EXP,6,BZA,VIJAYAWADA JN,00:01:00,00:15:00,351,VSKP,VISAKHAPATNAM,GIMB,GANDHIDHAM BG,1,15
18501,VSKP GIMB EXP,12,WR,WARDHA JN,10:42:00,10:45:00,934,VSKP,VISAKHAPATNAM,GIMB,GANDHIDHAM BG,642,645
18501,VSKP GIMB EXP,13,BD,BADNERA JN,12:40:00,12:43:00,1030,VSKP,VISAKHAPATNAM,GIMB,GANDHIDHAM BG,760,763
18501,VSKP GIMB EXP,14,AK,AKOLA JN,13:30:00,13:35:00,1108,VSKP,VISAKHAPATNAM,GIMB,GANDHIDHAM BG,810,815
18501,VSKP GIMB EXP,15,MKU,MALKAPUR,14:38:00,14:40:00,1198,VSKP,VISAKHAPATNAM,GIMB,GANDHIDHAM BG,878,880
18501,VSKP GIMB EXP,17,JL,JALGAON JN,16:50:00,16:55:00,1272,VSKP,VISAKHAPATNAM,GIMB,GANDHIDHAM BG,1010,1015
18502,GIMB VSKP EXP,13,JL,JALGAON JN,14:53:00,14:55:00,841,GIMB,GANDHIDHAM BG,VSKP,VISAKHAPATNAM,893,895
18502,GIMB VSKP EXP,15,MKU,MALKAPUR,16:13:00,16:15:00,915,GIMB,GANDHIDHAM BG,VSKP,VISAKHAPATNAM,973,975
18502,GIMB VSKP EXP,16,AK,AKOLA JN,17:15:00,17:20:00,1004,GIMB,GANDHIDHAM BG,VSKP,VISAKHAPATNAM,1035,1040
18502,GIMB VSKP EXP,17,BD,BADNERA JN,19:05:00,19:10:00,1083,GIMB,GANDHIDHAM BG,VSKP,VISAKHAPATNAM,1145,1150
18502,GIMB VSKP EXP,18,WR,WARDHA JN,20:28:00,20:30:00,1179,GIMB,GANDHIDHAM BG,VSKP,VISAKHAPATNAM,1228,1230
18502,GIMB VSKP EXP,24,BZA,VIJAYAWADA JN,07:20:00,07:40:00,1762,GIMB,GANDHIDHAM BG,VSKP,VISAKHAPATNAM,440,460
18502,GIMB VSKP EXP,29,VSKP,VISAKHAPATNAM,14:35:00,00:00:00,2112,GIMB,GANDHIDHAM BG,VSKP,VISAKHAPATNAM,875,0
18503,VSKP SNSI EX,1,VSKP,VISAKHAPATNAM,00:00:00,09:10:00,0,VSKP,VISAKHAPATNAM,SNSI,SAINAGAR SHIRDI,0,550
18503,VSKP SNSI EX,9,BZA,VIJAYAWADA JN,15:00:00,15:20:00,351,VSKP,VISAKHAPATNAM,SNSI,SAINAGAR SHIRDI,900,920
18503,VSKP SNSI EX,18,PAU,PURNA JN,04:25:00,04:30:00,1003,VSKP,VISAKHAPATNAM,SNSI,SAINAGAR SHIRDI,265,270
18504,SNSI VSKP EXP,10,PAU,PURNA JN,03:03:00,03:05:00,402,SNSI,SAINAGAR SHIRDI,VSKP,VISAKHAPATNAM,183,185
18504,SNSI VSKP EXP,19,BZA,VIJAYAWADA JN,15:20:00,15:40:00,1054,SNSI,SAINAGAR SHIRDI,VSKP,VISAKHAPATNAM,920,940
18504,SNSI VSKP EXP,27,VSKP,VISAKHAPATNAM,22:15:00,00:00:00,1404,SNSI,SAINAGAR SHIRDI,VSKP,VISAKHAPATNAM,1335,0
18504,SNSI VSKP EXP,28,VSKP,VISAKHAPATNAM,22:15:00,00:00:00,1404,SNSI,SAINAGAR SHIRDI,VSKP,VISAKHAPATNAM,1335,0
18507,VSKP ASR HKG EX,1,VSKP,VISAKHAPATNAM,00:00:00,23:50:00,0,VSKP,VISAKHAPATNAM,ASR,AMRITSAR JN,0,1430
18507,VSKP ASR HKG EX,9,BBS,BHUBANESWAR,07:00:00,07:05:00,443,VSKP,VISAKHAPATNAM,ASR,AMRITSAR JN,420,425
18508,HIRAKUND EXP,40,BBS,BHUBANESWAR,16:05:00,16:10:00,2128,ASR,AMRITSAR JN,VSKP,VISAKHAPATNAM,965,970
18508,HIRAKUND EXP,48,VSKP,VISAKHAPATNAM,23:50:00,00:00:00,2570,ASR,AMRITSAR JN,VSKP,VISAKHAPATNAM,1430,0
18509,VSKP NED EXPRES,1,VSKP,VISAKHAPATNAM,00:00:00,19:25:00,0,VSKP,VISAKHAPATNAM,NED,H SAHIB NANDED,0,1165
18509,VSKP NED EXPRES,6,BZA,VIJAYAWADA JN,01:30:00,01:50:00,351,VSKP,VISAKHAPATNAM,NED,H SAHIB NANDED,90,110
18510,NED VSKP EXP,8,BZA,VIJAYAWADA JN,03:35:00,03:55:00,622,NED,H SAHIB NANDED,VSKP,VISAKHAPATNAM,215,235
18510,NED VSKP EXP,15,VSKP,VISAKHAPATNAM,10:15:00,00:00:00,973,NED,H SAHIB NANDED,VSKP,VISAKHAPATNAM,615,0
18515,TATA VSKP EXP,14,BBS,BHUBANESWAR,22:05:00,22:10:00,421,TATA,TATANAGAR JN,VSKP,VISAKHAPATNAM,1325,1330
18515,TATA VSKP EXP,25,VSKP,VISAKHAPATNAM,04:40:00,00:00:00,864,TATA,TATANAGAR JN,VSKP,VISAKHAPATNAM,280,0
18516,VSKP TATA EXP,1,VSKP,VISAKHAPATNAM,00:00:00,17:45:00,0,VSKP,VISAKHAPATNAM,TATA,TATANAGAR JN,0,1065
18516,VSKP TATA EXP,12,BBS,BHUBANESWAR,01:05:00,01:10:00,443,VSKP,VISAKHAPATNAM,TATA,TATANAGAR JN,65,70
18517,KRBA VSKP EXP,31,VSKP,VISAKHAPATNAM,07:50:00,00:00:00,731,KRBA,KORBA,VSKP,VISAKHAPATNAM,470,0
18518,VSKP KRBA EXPRE,1,VSKP,VISAKHAPATNAM,00:00:00,20:00:00,0,VSKP,VISAKHAPATNAM,KRBA,KORBA,0,1200
18519,VSKP LTT EXPRES,1,VSKP,VISAKHAPATNAM,00:00:00,23:30:00,0,VSKP,VISAKHAPATNAM,LTT,LOKMANYATILAK T,0,1410
18519,VSKP LTT EXPRES,8,BZA,VIJAYAWADA JN,06:35:00,06:55:00,379,VSKP,VISAKHAPATNAM,LTT,LOKMANYATILAK T,395,415
18519,VSKP LTT EXPRES,17,SUR,SOLAPUR JN,20:00:00,20:05:00,1062,VSKP,VISAKHAPATNAM,LTT,LOKMANYATILAK T,1200,1205
18519,VSKP LTT EXPRES,18,PUNE,PUNE JN,00:55:00,01:00:00,1326,VSKP,VISAKHAPATNAM,LTT,LOKMANYATILAK T,55,60
18520,LTT VSKP EXP,3,PUNE,PUNE JN,10:15:00,10:20:00,176,LTT,LOKMANYATILAK T,VSKP,VISAKHAPATNAM,615,620
18520,LTT VSKP EXP,4,SUR,SOLAPUR JN,14:15:00,14:25:00,440,LTT,LOKMANYATILAK T,VSKP,VISAKHAPATNAM,855,865
18520,LTT VSKP EXP,13,BZA,VIJAYAWADA JN,03:30:00,03:40:00,1123,LTT,LOKMANYATILAK T,VSKP,VISAKHAPATNAM,210,220
18520,LTT VSKP EXP,21,VSKP,VISAKHAPATNAM,11:10:00,00:00:00,1501,LTT,LOKMANYATILAK T,VSKP,VISAKHAPATNAM,670,0
18567,VSKP QLN EXP,1,VSKP,VISAKHAPATNAM,00:00:00,08:30:00,0,VSKP,VISAKHAPATNAM,QLN,KOLLAM JN,0,510
18567,VSKP QLN EXP,7,BZA,VIJAYAWADA JN,14:50:00,15:10:00,351,VSKP,VISAKHAPATNAM,QLN,KOLLAM JN,890,910
18567,VSKP QLN EXP,14,RU,RENIGUNTA JN,22:00:00,22:10:00,727,VSKP,VISAKHAPATNAM,QLN,KOLLAM JN,1320,1330
18567,VSKP QLN EXP,17,JTJ,JOLARPETTAI,01:48:00,01:50:00,943,VSKP,VISAKHAPATNAM,QLN,KOLLAM JN,108,110
18568,QLN VSKP EXP,19,JTJ,JOLARPETTAI,09:28:00,09:30:00,645,QLN,KOLLAM JN,VSKP,VISAKHAPATNAM,568,570
18568,QLN VSKP EXP,22,RU,RENIGUNTA JN,13:10:00,13:20:00,861,QLN,KOLLAM JN,VSKP,VISAKHAPATNAM,790,800
18568,QLN VSKP EXP,29,BZA,VIJAYAWADA JN,19:10:00,19:25:00,1237,QLN,KOLLAM JN,VSKP,VISAKHAPATNAM,1150,1165
18568,QLN VSKP EXP,35,VSKP,VISAKHAPATNAM,01:35:00,00:00:00,1588,QLN,KOLLAM JN,VSKP,VISAKHAPATNAM,95,0
18573,VSKP BGKT EXP,1,VSKP,VISAKHAPATNAM,00:00:00,05:35:00,0,VSKP,VISAKHAPATNAM,BGKT,BHAGAT KI KOTHI,0,335
18574,BGKT VSKP EXP,35,VSKP,VISAKHAPATNAM,08:10:00,00:00:00,2069,BGKT,BHAGAT KI KOTHI,VSKP,VISAKHAPATNAM,490,0
18615,KRIYA YOGA EXP,1,HWH,HOWRAH JN,00:00:00,22:10:00,0,HWH,HOWRAH JN,HTE,HATIA,0,1330
18615,KRIYA YOGA EXP,3,KGP,KHARAGPUR JN,23:59:00,00:04:00,116,HWH,HOWRAH JN,HTE,HATIA,1439,4
18616,KRIYA YOGA EXP,15,KGP,KHARAGPUR JN,04:15:00,04:20:00,308,HTE,HATIA,HWH,HOWRAH JN,255,260
18616,KRIYA YOGA EXP,17,HWH,HOWRAH JN,06:35:00,00:00:00,423,HTE,HATIA,HWH,HOWRAH JN,395,0
18627,HWH RNC INT EXP,1,HWH,HOWRAH JN,00:00:00,14:25:00,0,HWH,HOWRAH JN,RNC,RANCHI,0,865
18628,RNC HWH INT EXP,9,HWH,HOWRAH JN,13:50:00,00:00:00,423,RNC,RANCHI,HWH,HOWRAH JN,830,0
18631,RNC GARIBNWAZ E,31,CNB,KANPUR CENTRAL,15:25:00,15:40:00,934,RNC,RANCHI,AII,AJMER JN,925,940
18632,RNC GARIB NAWAZ,9,CNB,KANPUR CENTRAL,07:30:00,07:45:00,744,AII,AJMER JN,RNC,RANCHI,450,465
18637,HTE YPR EXP,13,VSKP,VISAKHAPATNAM,09:40:00,10:00:00,823,HTE,HATIA,YPR,YESVANTPUR JN,580,600
18637,HTE YPR EXP,16,BZA,VIJAYAWADA JN,15:30:00,15:45:00,1174,HTE,HATIA,YPR,YESVANTPUR JN,930,945
18637,HTE YPR EXP,19,RU,RENIGUNTA JN,21:30:00,21:40:00,1549,HTE,HATIA,YPR,YESVANTPUR JN,1290,1300
18637,HTE YPR EXP,24,JTJ,JOLARPETTAI,01:53:00,01:55:00,1747,HTE,HATIA,YPR,YESVANTPUR JN,113,115
18638,YPR HATIA EXP,3,JTJ,JOLARPETTAI,03:58:00,04:00:00,154,YPR,YESVANTPUR JN,HTE,HATIA,238,240
18638,YPR HATIA EXP,8,RU,RENIGUNTA JN,07:50:00,08:00:00,352,YPR,YESVANTPUR JN,HTE,HATIA,470,480
18638,YPR HATIA EXP,11,BZA,VIJAYAWADA JN,14:15:00,14:35:00,728,YPR,YESVANTPUR JN,HTE,HATIA,855,875
18638,YPR HATIA EXP,14,VSKP,VISAKHAPATNAM,20:35:00,20:55:00,1078,YPR,YESVANTPUR JN,HTE,HATIA,1235,1255
18645,EAST COAST EXP,1,HWH,HOWRAH JN,00:00:00,11:45:00,0,HWH,HOWRAH JN,HYB,HYDERABAD DECAN,0,705
18645,EAST COAST EXP,4,KGP,KHARAGPUR JN,13:47:00,13:52:00,116,HWH,HOWRAH JN,HYB,HYDERABAD DECAN,827,832
18645,EAST COAST EXP,19,BBS,BHUBANESWAR,19:50:00,19:55:00,439,HWH,HOWRAH JN,HYB,HYDERABAD DECAN,1190,1195
18645,EAST COAST EXP,37,VSKP,VISAKHAPATNAM,03:55:00,04:15:00,882,HWH,HOWRAH JN,HYB,HYDERABAD DECAN,235,255
18645,EAST COAST EXP,50,BZA,VIJAYAWADA JN,11:15:00,11:35:00,1232,HWH,HOWRAH JN,HYB,HYDERABAD DECAN,675,695
18646,EAST COAST EXP,10,BZA,VIJAYAWADA JN,16:30:00,16:50:00,360,HYB,HYDERABAD DECAN,HWH,HOWRAH JN,990,1010
18646,EAST COAST EXP,24,VSKP,VISAKHAPATNAM,23:35:00,23:55:00,711,HYB,HYDERABAD DECAN,HWH,HOWRAH JN,1415,1435
18646,EAST COAST EXP,42,BBS,BHUBANESWAR,07:50:00,07:55:00,1153,HYB,HYDERABAD DECAN,HWH,HOWRAH JN,470,475
18646,EAST COAST EXP,58,KGP,KHARAGPUR JN,13:42:00,13:47:00,1477,HYB,HYDERABAD DECAN,HWH,HOWRAH JN,822,827
18646,EAST COAST EXP,62,HWH,HOWRAH JN,16:15:00,00:00:00,1592,HYB,HYDERABAD DECAN,HWH,HOWRAH JN,975,0
19021,BDTS LJN EXPRES,22,CNB,KANPUR CENTRAL,18:40:00,18:50:00,1613,BDTS,BANDRA TERMINUS,LJN,LUCKNOW NE,1120,1130
19022,LJN BDTS EXP,2,CNB,KANPUR CENTRAL,01:35:00,01:50:00,74,LJN,LUCKNOW NE,BDTS,BANDRA TERMINUS,95,110
19037,AVADH EXPRESS,48,CNB,KANPUR CENTRAL,04:35:00,04:45:00,1494,BDTS,BANDRA TERMINUS,GKP,GORAKHPUR JN,275,285
19038,AVADH EXPRESS,19,CNB,KANPUR CENTRAL,22:30:00,22:37:00,353,GKP,GORAKHPUR JN,BDTS,BANDRA TERMINUS,1350,1357
19039,AVADH EXPRESS,48,CNB,KANPUR CENTRAL,04:35:00,04:45:00,1494,BDTS,BANDRA TERMINUS,MFP,MUZAFFARPUR JN,275,285
19040,AVADH EXPRESS,40,CNB,KANPUR CENTRAL,22:30:00,22:37:00,662,MFP,MUZAFFARPUR JN,BDTS,BANDRA TERMINUS,1350,1357
19045,TAPTI GANGA EXP,8,JL,JALGAON JN,15:13:00,15:15:00,311,ST,SURAT,CPR,CHHAPRA,913,915
19045,TAPTI GANGA EXP,13,HD,HARDA,18:58:00,19:00:00,567,ST,SURAT,CPR,CHHAPRA,1138,1140
19046,TAPTI GANGA EXP,26,HD,HARDA,07:35:00,07:37:00,1165,CPR,CHHAPRA,ST,SURAT,455,457
19046,TAPTI GANGA EXP,30,JL,JALGAON JN,12:23:00,12:25:00,1420,CPR,CHHAPRA,ST,SURAT,743,745
19047,ST BHAGALPUR EX,8,JL,JALGAON JN,15:13:00,15:15:00,311,ST,SURAT,BGP,BHAGALPUR,913,915
19047,ST BHAGALPUR EX,12,HD,HARDA,18:58:00,19:00:00,567,ST,SURAT,BGP,BHAGALPUR,1138,1140
19048,BGP SURAT EXP,28,HD,HARDA,07:35:00,07:37:00,1264,BGP,BHAGALPUR,ST,SURAT,455,457
19048,BGP SURAT EXP,32,JL,JALGAON JN,12:24:00,12:25:00,1520,BGP,BHAGALPUR,ST,SURAT,744,745
19051,SHRAMIK EXPRESS,5,JL,JALGAON JN,03:38:00,03:40:00,372,BL,VALSAD,MFP,MUZAFFARPUR JN,218,220
19052,BL SHRAMIK EXP,12,JL,JALGAON JN,20:39:00,20:40:00,1410,MFP,MUZAFFARPUR JN,BL,VALSAD,1239,1240
19053,ST MFP EXPRESS,8,BINA,BINA JN,23:55:00,00:20:00,861,ST,SURAT,MFP,MUZAFFARPUR JN,1435,20
19053,ST MFP EXPRESS,15,CNB,KANPUR CENTRAL,11:50:00,12:05:00,1484,ST,SURAT,MFP,MUZAFFARPUR JN,710,725
19054,MFP ST EXPRESS,12,CNB,KANPUR CENTRAL,12:05:00,12:20:00,654,MFP,MUZAFFARPUR JN,ST,SURAT,725,740
19054,MFP ST EXPRESS,17,BINA,BINA JN,01:15:00,01:35:00,1277,MFP,MUZAFFARPUR JN,ST,SURAT,75,95
19057,UDN VARANASI EX,4,JL,JALGAON JN,03:38:00,03:40:00,307,UDN,UDHNA JN,BSB,VARANASI JN,218,220
19058,BSB UDN EXP,10,JL,JALGAON JN,04:53:00,04:55:00,1068,BSB,VARANASI JN,UDN,UDHNA JN,293,295
19061,RAMNAGAR EXPRES,23,CNB,KANPUR CENTRAL,08:50:00,08:55:00,1613,BDTS,BANDRA TERMINUS,RMR,RAMNAGAR,530,535
19062,RMR BDTS EXP,10,CNB,KANPUR CENTRAL,17:55:00,18:05:00,525,RMR,RAMNAGAR,BDTS,BANDRA TERMINUS,1075,1085
19165,SABARMATI EXP,28,BINA,BINA JN,14:20:00,14:40:00,831,ADI,AHMEDABAD JN,DBG,DARBHANGA JN,860,880
19165,SABARMATI EXP,43,CNB,KANPUR CENTRAL,23:10:00,23:20:00,1204,ADI,AHMEDABAD JN,DBG,DARBHANGA JN,1390,1400
19166,SABARMATI EXP,31,CNB,KANPUR CENTRAL,01:02:00,01:10:00,743,DBG,DARBHANGA JN,ADI,AHMEDABAD JN,62,70
19166,SABARMATI EXP,47,BINA,BINA JN,09:05:00,09:25:00,1115,DBG,DARBHANGA JN,ADI,AHMEDABAD JN,545,565
19167,SABARMATI EXP,28,BINA,BINA JN,14:30:00,14:40:00,831,ADI,AHMEDABAD JN,BSB,VARANASI JN,870,880
19167,SABARMATI EXP,44,CNB,KANPUR CENTRAL,23:10:00,23:20:00,1204,ADI,AHMEDABAD JN,BSB,VARANASI JN,1390,1400
19168,SABARMATI EXP,14,CNB,KANPUR CENTRAL,01:02:00,01:10:00,398,BSB,VARANASI JN,ADI,AHMEDABAD JN,62,70
19168,SABARMATI EXP,31,BINA,BINA JN,09:05:00,09:25:00,770,BSB,VARANASI JN,ADI,AHMEDABAD JN,545,565
19201,SC PBR EXP,6,SUR,SOLAPUR JN,21:15:00,21:25:00,334,SC,SECUNDERABAD JN,PBR,PORBANDAR,1275,1285
19201,SC PBR EXP,8,PUNE,PUNE JN,02:00:00,02:05:00,597,SC,SECUNDERABAD JN,PBR,PORBANDAR,120,125
19202,PBR SC EXPRESS,22,PUNE,PUNE JN,22:25:00,22:30:00,1098,PBR,PORBANDAR,SC,SECUNDERABAD JN,1345,1350
19202,PBR SC EXPRESS,24,SUR,SOLAPUR JN,02:50:00,03:00:00,1361,PBR,PORBANDAR,SC,SECUNDERABAD JN,170,180
19301,YESHVANTPUR EXP,9,HBJ,HABIBGANJ,01:55:00,01:57:00,269,INDB,INDORE JN BG,YPR,YESVANTPUR JN,115,117
19301,YESHVANTPUR EXP,14,NAVI,NEW AMRAVATI,10:05:00,10:10:00,698,INDB,INDORE JN BG,YPR,YESVANTPUR JN,605,610
19301,YESHVANTPUR EXP,15,AK,AKOLA JN,11:30:00,11:40:00,783,INDB,INDORE JN BG,YPR,YESVANTPUR JN,690,700
19301,YESHVANTPUR EXP,18,PAU,PURNA JN,15:15:00,15:25:00,990,INDB,INDORE JN BG,YPR,YESVANTPUR JN,915,925
19302,YPR INDB EXP,15,PAU,PURNA JN,06:30:00,06:45:00,917,YPR,YESVANTPUR JN,INDB,INDORE JN BG,390,405
19302,YPR INDB EXP,18,AK,AKOLA JN,12:50:00,13:00:00,1124,YPR,YESVANTPUR JN,INDB,INDORE JN BG,770,780
19302,YPR INDB EXP,19,NAVI,NEW AMRAVATI,14:30:00,14:33:00,1212,YPR,YESVANTPUR JN,INDB,INDORE JN BG,870,873
19302,YPR INDB EXP,26,HBJ,HABIBGANJ,22:36:00,22:38:00,1641,YPR,YESVANTPUR JN,INDB,INDORE JN BG,1356,1358
19311,PUNE INDORE EXP,1,PUNE,PUNE JN,00:00:00,15:20:00,0,PUNE,PUNE JN,INDB,INDORE JN BG,0,920
19312,IND PUNE EXPRES,18,PUNE,PUNE JN,08:10:00,00:00:00,972,INDB,INDORE JN BG,PUNE,PUNE JN,490,0
19313,INDB RJPB EXP,6,BINA,BINA JN,21:00:00,21:05:00,402,INDB,INDORE JN BG,RJPB,RAJENDRANAGAR T,1260,1265
19313,INDB RJPB EXP,10,CNB,KANPUR CENTRAL,04:00:00,04:05:00,774,INDB,INDORE JN BG,RJPB,RAJENDRANAGAR T,240,245
19314,INDORE EXPRESS,8,CNB,KANPUR CENTRAL,00:30:00,00:40:00,588,RJPB,RAJENDRANAGAR T,INDB,INDORE JN BG,30,40
19314,INDORE EXPRESS,12,BINA,BINA JN,07:05:00,07:10:00,960,RJPB,RAJENDRANAGAR T,INDB,INDORE JN BG,425,430
19321,INDB RJPB EXP,6,BINA,BINA JN,21:00:00,21:05:00,402,INDB,INDORE JN BG,RJPB,RAJENDRANAGAR T,1260,1265
19321,INDB RJPB EXP,9,CNB,KANPUR CENTRAL,04:00:00,04:05:00,774,INDB,INDORE JN BG,RJPB,RAJENDRANAGAR T,240,245
19322,RJPB INDB EXPRE,9,CNB,KANPUR CENTRAL,00:30:00,00:40:00,628,RJPB,RAJENDRANAGAR T,INDB,INDORE JN BG,30,40
19322,RJPB INDB EXPRE,12,BINA,BINA JN,07:05:00,07:10:00,1001,RJPB,RAJENDRANAGAR T,INDB,INDORE JN BG,425,430
19323,INTERCITY EXP,8,HBJ,HABIBGANJ,11:15:00,00:00:00,224,INDB,INDORE JN BG,HBJ,HABIBGANJ,675,0
19324,INDB INTERCITY,1,HBJ,HABIBGANJ,00:00:00,17:10:00,0,HBJ,HABIBGANJ,INDB,INDORE JN BG,0,1030
19401,ADI LUCKNOW EXP,25,CNB,KANPUR CENTRAL,12:35:00,12:55:00,1227,ADI,AHMEDABAD JN,LKO,LUCKNOW NR,755,775
19402,LKO ADI EXP,3,CNB,KANPUR CENTRAL,00:30:00,00:45:00,74,LKO,LUCKNOW NR,ADI,AHMEDABAD JN,30,45
19409,GORAKHPUR EXP,23,CNB,KANPUR CENTRAL,11:50:00,12:20:00,1228,ADI,AHMEDABAD JN,GKP,GORAKHPUR JN,710,740
19410,GKP ADI EXP,7,CNB,KANPUR CENTRAL,12:05:00,12:10:00,345,GKP,GORAKHPUR JN,ADI,AHMEDABAD JN,725,730
19413,KOLKATA EXPRESS,22,BINA,BINA JN,09:35:00,09:40:00,1285,ADI,AHMEDABAD JN,KOAA,KOLKATA,575,580
19414,KOAA ADI EXPRES,14,BINA,BINA JN,16:10:00,16:15:00,1323,KOAA,KOLKATA,ADI,AHMEDABAD JN,970,975
19417,ADI ALD EXPRESS,9,JL,JALGAON JN,00:23:00,00:25:00,540,ADI,AHMEDABAD JN,ALD,ALLAHABAD JN,23,25
19418,ALD ADI EXP,12,JL,JALGAON JN,14:18:00,14:20:00,943,ALD,ALLAHABAD JN,ADI,AHMEDABAD JN,858,860
19419,MAS ADI EXPRESS,3,RU,RENIGUNTA JN,22:25:00,22:35:00,141,MAS,CHENNAI CENTRAL,ADI,AHMEDABAD JN,1345,1355
19419,MAS ADI EXPRESS,16,SUR,SOLAPUR JN,12:15:00,12:25:00,829,MAS,CHENNAI CENTRAL,ADI,AHMEDABAD JN,735,745
19419,MAS ADI EXPRESS,17,PUNE,PUNE JN,17:20:00,17:25:00,1092,MAS,CHENNAI CENTRAL,ADI,AHMEDABAD JN,1040,1045
19420,ADI CHENNAI EXP,10,PUNE,PUNE JN,21:05:00,21:10:00,631,ADI,AHMEDABAD JN,MAS,CHENNAI CENTRAL,1265,1270
19420,ADI CHENNAI EXP,11,SUR,SOLAPUR JN,01:40:00,01:50:00,895,ADI,AHMEDABAD JN,MAS,CHENNAI CENTRAL,100,110
19420,ADI CHENNAI EXP,24,RU,RENIGUNTA JN,14:20:00,14:30:00,1582,ADI,AHMEDABAD JN,MAS,CHENNAI CENTRAL,860,870
19421,ADI PNBE EXPRES,14,BINA,BINA JN,12:10:00,12:15:00,780,ADI,AHMEDABAD JN,PNBE,PATNA JN,730,735
19422,PNBE ADI EXP,16,BINA,BINA JN,07:00:00,07:10:00,892,PNBE,PATNA JN,ADI,AHMEDABAD JN,420,430
19453,GIMB PURI EXP,12,JL,JALGAON JN,14:05:00,14:10:00,841,GIMB,GANDHIDHAM BG,PURI,PURI,845,850
19453,GIMB PURI EXP,14,MKU,MALKAPUR,15:33:00,15:35:00,915,GIMB,GANDHIDHAM BG,PURI,PURI,933,935
19453,GIMB PURI EXP,15,AK,AKOLA JN,16:40:00,16:45:00,1004,GIMB,GANDHIDHAM BG,PURI,PURI,1000,1005
19453,GIMB PURI EXP,16,BD,BADNERA JN,18:15:00,18:20:00,1083,GIMB,GANDHIDHAM BG,PURI,PURI,1095,1100
19453,GIMB PURI EXP,17,WR,WARDHA JN,20:04:00,20:07:00,1179,GIMB,GANDHIDHAM BG,PURI,PURI,1204,1207
19453,GIMB PURI EXP,18,NGP,NAGPUR,22:00:00,22:10:00,1257,GIMB,GANDHIDHAM BG,PURI,PURI,1320,1330
19454,PURI GIMB EXP,21,NGP,NAGPUR,08:20:00,08:30:00,1174,PURI,PURI,GIMB,GANDHIDHAM BG,500,510
19454,PURI GIMB EXP,22,WR,WARDHA JN,09:30:00,09:32:00,1253,PURI,PURI,GIMB,GANDHIDHAM BG,570,572
19454,PURI GIMB EXP,23,BD,BADNERA JN,11:20:00,11:23:00,1348,PURI,PURI,GIMB,GANDHIDHAM BG,680,683
19454,PURI GIMB EXP,24,AK,AKOLA JN,12:19:00,12:24:00,1427,PURI,PURI,GIMB,GANDHIDHAM BG,739,744
19454,PURI GIMB EXP,25,MKU,MALKAPUR,13:21:00,13:23:00,1516,PURI,PURI,GIMB,GANDHIDHAM BG,801,803
19454,PURI GIMB EXP,27,JL,JALGAON JN,15:10:00,15:15:00,1591,PURI,PURI,GIMB,GANDHIDHAM BG,910,915
19567,VIVEK EXP,23,SUR,SOLAPUR JN,00:05:00,00:15:00,1339,TN,TUTICORIN,OKHA,OKHA,5,15
19567,VIVEK EXP,24,PUNE,PUNE JN,04:55:00,05:05:00,1602,TN,TUTICORIN,OKHA,OKHA,295,305
19568,VIVEK EXPRESS,18,PUNE,PUNE JN,22:25:00,22:30:00,1134,OKHA,OKHA,TN,TUTICORIN,1345,1350
19568,VIVEK EXPRESS,19,SUR,SOLAPUR JN,02:50:00,03:00:00,1397,OKHA,OKHA,TN,TUTICORIN,170,180
19569,OKHA BSB EXPRES,19,CNB,KANPUR CENTRAL,19:55:00,20:05:00,1712,OKHA,OKHA,BSB,VARANASI JN,1195,1205
19570,BSB OKHA EXP,5,CNB,KANPUR CENTRAL,03:50:00,04:00:00,330,BSB,VARANASI JN,OKHA,OKHA,230,240
19659,SHM UDZ EXPRESS,3,KGP,KHARAGPUR JN,22:10:00,22:15:00,113,SHM,SHALIMAR,UDZ,UDAIPUR CITY,1330,1335
19660,UDZ SHM EXP,21,KGP,KHARAGPUR JN,07:50:00,07:55:00,1772,UDZ,UDAIPUR CITY,SHM,SHALIMAR,470,475
19709,KAVI GURU EXP,11,CNB,KANPUR CENTRAL,11:50:00,12:20:00,602,JP,JAIPUR,KYQ,KAMAKHYA,710,740
19710,KYQ JP KAVIGURU,27,CNB,KANPUR CENTRAL,04:15:00,04:25:00,1610,KYQ,KAMAKHYA,JP,JAIPUR,255,265
19713,JP SC EXP,13,HBJ,HABIBGANJ,09:45:00,09:47:00,709,JP,JAIPUR,SC,SECUNDERABAD JN,585,587
19713,JP SC EXP,19,NAVI,NEW AMRAVATI,18:12:00,18:15:00,1138,JP,JAIPUR,SC,SECUNDERABAD JN,1092,1095
19713,JP SC EXP,20,BD,BADNERA JN,18:32:00,18:35:00,1144,JP,JAIPUR,SC,SECUNDERABAD JN,1112,1115
19713,JP SC EXP,21,MZR,MURTAJAPUR,19:08:00,19:10:00,1185,JP,JAIPUR,SC,SECUNDERABAD JN,1148,1150
19713,JP SC EXP,22,AK,AKOLA JN,19:45:00,20:10:00,1223,JP,JAIPUR,SC,SECUNDERABAD JN,1185,1210
19713,JP SC EXP,25,PAU,PURNA JN,23:30:00,23:40:00,1430,JP,JAIPUR,SC,SECUNDERABAD JN,1410,1420
19714,SC JP EXP,8,PAU,PURNA JN,04:00:00,04:10:00,302,SC,SECUNDERABAD JN,JP,JAIPUR,240,250
19714,SC JP EXP,11,AK,AKOLA JN,08:00:00,08:20:00,509,SC,SECUNDERABAD JN,JP,JAIPUR,480,500
19714,SC JP EXP,12,MZR,MURTAJAPUR,08:57:00,08:59:00,547,SC,SECUNDERABAD JN,JP,JAIPUR,537,539
19714,SC JP EXP,13,BD,BADNERA JN,09:27:00,09:30:00,588,SC,SECUNDERABAD JN,JP,JAIPUR,567,570
19714,SC JP EXP,14,NAVI,NEW AMRAVATI,09:42:00,09:45:00,594,SC,SECUNDERABAD JN,JP,JAIPUR,582,585
19714,SC JP EXP,20,HBJ,HABIBGANJ,17:23:00,17:25:00,1023,SC,SECUNDERABAD JN,JP,JAIPUR,1043,1045
19715,JP LJN EXP,16,CNB,KANPUR CENTRAL,08:50:00,08:55:00,602,JP,JAIPUR,LJN,LUCKNOW NE,530,535
19716,LJN JP EXP,2,CNB,KANPUR CENTRAL,13:50:00,13:55:00,74,LJN,LUCKNOW NE,JP,JAIPUR,830,835
21028,MUMBAI MAIL,1,SUR,SOLAPUR JN,00:00:00,18:20:00,0,SUR,SOLAPUR JN,G,GONDIA JN,0,1100
21028,MUMBAI MAIL,6,JEUR,JEUR,20:13:00,20:15:00,114,SUR,SOLAPUR JN,G,GONDIA JN,1213,1215
21028,MUMBAI MAIL,9,ANG,AHMADNAGAR,02:37:00,02:40:00,272,SUR,SOLAPUR JN,G,GONDIA JN,157,160
21028,MUMBAI MAIL,17,PC,PACHORA JN,07:33:00,07:35:00,537,SUR,SOLAPUR JN,G,GONDIA JN,453,455
21028,MUMBAI MAIL,18,JL,JALGAON JN,08:13:00,08:15:00,585,SUR,SOLAPUR JN,G,GONDIA JN,493,495
21028,MUMBAI MAIL,20,BDWD,BODWAD,09:32:00,09:34:00,639,SUR,SOLAPUR JN,G,GONDIA JN,572,574
21028,MUMBAI MAIL,20,BDWD,BODWAD,09:32:00,09:34:00,640,SUR,SOLAPUR JN,G,GONDIA JN,572,574
21028,MUMBAI MAIL,21,MKU,MALKAPUR,09:48:00,09:50:00,659,SUR,SOLAPUR JN,G,GONDIA JN,588,590
21028,MUMBAI MAIL,24,SEG,SHEGAON,10:38:00,10:40:00,711,SUR,SOLAPUR JN,G,GONDIA JN,638,640
21028,MUMBAI MAIL,24,SEG,SHEGAON,10:38:00,10:40:00,712,SUR,SOLAPUR JN,G,GONDIA JN,638,640
21028,MUMBAI MAIL,25,AK,AKOLA JN,11:15:00,11:20:00,749,SUR,SOLAPUR JN,G,GONDIA JN,675,680
21028,MUMBAI MAIL,26,MZR,MURTAJAPUR,11:48:00,11:50:00,787,SUR,SOLAPUR JN,G,GONDIA JN,708,710
21028,MUMBAI MAIL,26,MZR,MURTAJAPUR,11:48:00,11:50:00,786,SUR,SOLAPUR JN,G,GONDIA JN,708,710
21028,MUMBAI MAIL,27,BD,BADNERA JN,13:00:00,13:05:00,828,SUR,SOLAPUR JN,G,GONDIA JN,780,785
21028,MUMBAI MAIL,27,BD,BADNERA JN,13:00:00,13:05:00,827,SUR,SOLAPUR JN,G,GONDIA JN,780,785
21028,MUMBAI MAIL,28,CND,CHANDUR,13:40:00,13:42:00,857,SUR,SOLAPUR JN,G,GONDIA JN,820,822
21028,MUMBAI MAIL,30,PLO,PULGAON JN,14:12:00,14:14:00,893,SUR,SOLAPUR JN,G,GONDIA JN,852,854
21028,MUMBAI MAIL,30,PLO,PULGAON JN,14:12:00,14:14:00,894,SUR,SOLAPUR JN,G,GONDIA JN,852,854
21028,MUMBAI MAIL,31,WR,WARDHA JN,14:52:00,14:55:00,923,SUR,SOLAPUR JN,G,GONDIA JN,892,895
21028,MUMBAI MAIL,36,NGP,NAGPUR,17:20:00,17:40:00,1002,SUR,SOLAPUR JN,G,GONDIA JN,1040,1060
22101,RAJYA RANI EXP,4,KSRA,KASARA,20:48:00,20:50:00,105,LTT,LOKMANYATILAK T,MMR,MANMAD JN,1248,1250
22102,RAJYA RANI EXP,5,KSRA,KASARA,07:48:00,07:50:00,140,MMR,MANMAD JN,LTT,LOKMANYATILAK T,468,470
22103,LTT FD SUP EXP,4,JL,JALGAON JN,19:53:00,19:55:00,405,LTT,LOKMANYATILAK T,FD,FAIZABAD JN,1193,1195
22104,FD LTT SF EXP,15,JL,JALGAON JN,22:08:00,22:10:00,1196,FD,FAIZABAD JN,LTT,LOKMANYATILAK T,1328,1330
22105,INDRAYANI EXP,8,PUNE,PUNE JN,09:08:00,00:00:00,192,CSTM,MUMBAI CST,PUNE,PUNE JN,548,0
22106,INDRAYANI EXP,1,PUNE,PUNE JN,00:00:00,18:35:00,0,PUNE,PUNE JN,CSTM,MUMBAI CST,0,1115
22107,CSTM LATUR EXP,6,PUNE,PUNE JN,00:30:00,00:35:00,192,CSTM,MUMBAI CST,LUR,LATUR,30,35
22108,LATUR CSTM EXP,7,PUNE,PUNE JN,04:10:00,04:15:00,338,LUR,LATUR,CSTM,MUMBAI CST,250,255
22111,BSL NGP SUP EXP,7,HD,HARDA,08:54:00,08:56:00,232,BSL,BHUSAVAL JN,NGP,NAGPUR,534,536
22111,BSL NGP SUP EXP,19,NGP,NAGPUR,16:10:00,00:00:00,604,BSL,BHUSAVAL JN,NGP,NAGPUR,970,0
22112,NGP BSL SUP EXP,1,NGP,NAGPUR,00:00:00,07:20:00,0,NGP,NAGPUR,BSL,BHUSAVAL JN,0,440
22112,NGP BSL SUP EXP,13,HD,HARDA,13:52:00,13:54:00,373,NGP,NAGPUR,BSL,BHUSAVAL JN,832,834
22119,KCG DOUBLE DECK,2,RU,RENIGUNTA JN,06:00:00,06:02:00,10,TPTY,TIRUPATI,KCG,KACHEGUDA,360,362
22120,TPTY DOUBLE DEC,11,RU,RENIGUNTA JN,17:31:00,17:32:00,626,KCG,KACHEGUDA,TPTY,TIRUPATI,1051,1052
22131,GYAN GANGA EXP,1,PUNE,PUNE JN,00:00:00,16:15:00,0,PUNE,PUNE JN,MUV,MANDUADIH,0,975
22131,GYAN GANGA EXP,3,ANG,AHMADNAGAR,19:02:00,19:05:00,160,PUNE,PUNE JN,MUV,MANDUADIH,1142,1145
22131,GYAN GANGA EXP,9,HD,HARDA,03:48:00,03:50:00,728,PUNE,PUNE JN,MUV,MANDUADIH,228,230
22132,GYAN GANGA SF,11,HD,HARDA,18:55:00,18:57:00,809,MUV,MANDUADIH,PUNE,PUNE JN,1135,1137
22132,GYAN GANGA SF,17,ANG,AHMADNAGAR,04:10:00,04:13:00,1377,MUV,MANDUADIH,PUNE,PUNE JN,250,253
22132,GYAN GANGA SF,19,PUNE,PUNE JN,08:05:00,00:00:00,1537,MUV,MANDUADIH,PUNE,PUNE JN,485,0
22133,SUR YPR SUP EXP,1,SUR,SOLAPUR JN,00:00:00,19:20:00,0,SUR,SOLAPUR JN,YPR,YESVANTPUR JN,0,1160
22134,SOLAPUR EXP,13,SUR,SOLAPUR JN,08:40:00,00:00:00,654,YPR,YESVANTPUR JN,SUR,SOLAPUR JN,520,0
22149,ERS PUNE EXPRES,19,PUNE,PUNE JN,10:55:00,00:00:00,1667,ERS,ERNAKULAM JN,PUNE,PUNE JN,655,0
22150,PUNE ERS SUP EX,1,PUNE,PUNE JN,00:00:00,18:45:00,0,PUNE,PUNE JN,ERS,ERNAKULAM JN,0,1125
22161,RAJYA RANI EXP,5,BINA,BINA JN,19:55:00,20:00:00,139,BPL,BHOPAL JN,DMO,DAMOH,1195,1200
22162,RAJYA RANI EXP,7,BINA,BINA JN,07:35:00,07:40:00,152,DMO,DAMOH,BPL,BHOPAL JN,455,460
22183,IND DOUBLE DECK,1,HBJ,HABIBGANJ,00:00:00,06:00:00,0,HBJ,HABIBGANJ,INDB,INDORE JN BG,0,360
22184,HBJ DOUBLE DECK,8,HBJ,HABIBGANJ,23:20:00,00:00:00,224,INDB,INDORE JN BG,HBJ,HABIBGANJ,1400,0
22187,INTERCITY EXPRE,1,HBJ,HABIBGANJ,00:00:00,05:30:00,0,HBJ,HABIBGANJ,JBP,JABALPUR,0,330
22187,INTERCITY EXPRE,2,HBD,HOSHANGABAD,06:26:00,06:28:00,68,HBJ,HABIBGANJ,JBP,JABALPUR,386,388
22187,INTERCITY EXPRE,5,GAR,GADARWARA,08:40:00,08:42:00,203,HBJ,HABIBGANJ,JBP,JABALPUR,520,522
22188,INTERCITY EXPRE,6,GAR,GADARWARA,17:56:00,17:58:00,129,JBP,JABALPUR,HBJ,HABIBGANJ,1076,1078
22188,INTERCITY EXPRE,9,HBD,HOSHANGABAD,20:43:00,20:45:00,263,JBP,JABALPUR,HBJ,HABIBGANJ,1243,1245
22188,INTERCITY EXPRE,10,HBJ,HABIBGANJ,22:15:00,00:00:00,331,JBP,JABALPUR,HBJ,HABIBGANJ,1335,0
22203,SC DURONTO EXP,1,VSKP,VISAKHAPATNAM,00:00:00,20:15:00,0,VSKP,VISAKHAPATNAM,SC,SECUNDERABAD JN,0,1215
22203,SC DURONTO EXP,3,BZA,VIJAYAWADA JN,00:01:00,00:02:00,351,VSKP,VISAKHAPATNAM,SC,SECUNDERABAD JN,1,2
22204,VSKP DURONTO E,4,BZA,VIJAYAWADA JN,01:40:00,01:55:00,351,SC,SECUNDERABAD JN,VSKP,VISAKHAPATNAM,100,115
22204,VSKP DURONTO E,6,VSKP,VISAKHAPATNAM,06:05:00,00:00:00,701,SC,SECUNDERABAD JN,VSKP,VISAKHAPATNAM,365,0
22207,SUPER AC EXP,3,JTJ,JOLARPETTAI,19:10:00,19:12:00,214,MAS,CHENNAI CENTRAL,TVC,TRIVANDRUM CNTL,1150,1152
22208,SUPER AC EXP,6,JTJ,JOLARPETTAI,07:41:00,07:43:00,682,TVC,TRIVANDRUM CNTL,MAS,CHENNAI CENTRAL,461,463
22308,BKN HWH SUPFAST,14,CNB,KANPUR CENTRAL,10:55:00,11:10:00,875,BKN,BIKANER JN,HWH,HOWRAH JN,655,670
22308,BKN HWH SUPFAST,29,HWH,HOWRAH JN,04:00:00,00:00:00,1882,BKN,BIKANER JN,HWH,HOWRAH JN,240,0
22309,HWH NJP AC EXP,1,HWH,HOWRAH JN,00:00:00,23:05:00,0,HWH,HOWRAH JN,NJP,NEW JALPAIGURI,0,1385
22309,HWH NJP AC EXP,3,RPH,RAMPUR HAT,02:08:00,02:10:00,207,HWH,HOWRAH JN,NJP,NEW JALPAIGURI,128,130
22310,NJP HWH AC EXP,6,RPH,RAMPUR HAT,18:27:00,18:29:00,354,NJP,NEW JALPAIGURI,HWH,HOWRAH JN,1107,1109
22310,NJP HWH AC EXP,8,HWH,HOWRAH JN,22:50:00,00:00:00,561,NJP,NEW JALPAIGURI,HWH,HOWRAH JN,1370,0
22351,PPTA YPR EXP,12,NGP,NAGPUR,18:20:00,18:45:00,1253,PPTA,PATLIPUTRA,YPR,YESVANTPUR JN,1100,1125
22351,PPTA YPR EXP,19,BZA,VIJAYAWADA JN,07:10:00,07:30:00,1915,PPTA,PATLIPUTRA,YPR,YESVANTPUR JN,430,450
22351,PPTA YPR EXP,26,JTJ,JOLARPETTAI,17:53:00,17:55:00,2558,PPTA,PATLIPUTRA,YPR,YESVANTPUR JN,1073,1075
22352,PATLIPUTRAEXP,3,JTJ,JOLARPETTAI,12:18:00,12:20:00,154,YPR,YESVANTPUR JN,PPTA,PATLIPUTRA,738,740
22352,PATLIPUTRAEXP,10,BZA,VIJAYAWADA JN,22:55:00,23:05:00,797,YPR,YESVANTPUR JN,PPTA,PATLIPUTRA,1375,1385
22352,PATLIPUTRAEXP,17,NGP,NAGPUR,10:20:00,10:30:00,1459,YPR,YESVANTPUR JN,PPTA,PATLIPUTRA,620,630
22387,BLACKDIAMOND EX,1,HWH,HOWRAH JN,00:00:00,06:15:00,0,HWH,HOWRAH JN,DHN,DHANBAD JN,0,375
22388,BLACKDIAMOND EX,16,HWH,HOWRAH JN,21:20:00,00:00:00,271,DHN,DHANBAD JN,HWH,HOWRAH JN,1280,0
22403,PDY NDLS EXPRES,5,BZA,VIJAYAWADA JN,20:05:00,20:20:00,631,PDY,PUDUCHERRY,NDLS,NEW DELHI,1205,1220
22403,PDY NDLS EXPRES,9,NGP,NAGPUR,07:35:00,07:45:00,1293,PDY,PUDUCHERRY,NDLS,NEW DELHI,455,465
22404,NDLS PDY EXP,7,NGP,NAGPUR,18:20:00,18:45:00,1090,NDLS,NEW DELHI,PDY,PUDUCHERRY,1100,1125
22404,NDLS PDY EXP,11,BZA,VIJAYAWADA JN,07:10:00,07:30:00,1754,NDLS,NEW DELHI,PDY,PUDUCHERRY,430,450
22405,BGP GARIB RATH,18,CNB,KANPUR CENTRAL,02:55:00,03:00:00,780,BGP,BHAGALPUR,ANVT,ANAND VIHAR TRM,175,180
22406,ANVT BGP G RATH,4,CNB,KANPUR CENTRAL,22:12:00,22:17:00,427,ANVT,ANAND VIHAR TRM,BGP,BHAGALPUR,1332,1337
22409,ANVT GARIB RATH,9,CNB,KANPUR CENTRAL,03:50:00,04:00:00,550,GAYA,GAYA JN,ANVT,ANAND VIHAR TRM,230,240
22410,GAYA GARIB RATH,3,CNB,KANPUR CENTRAL,01:15:00,01:20:00,427,ANVT,ANAND VIHAR TRM,GAYA,GAYA JN,75,80
22411,NHLN NDLS AC EX,15,CNB,KANPUR CENTRAL,06:10:00,06:20:00,1680,NHLN,NAHARLAGUN,NDLS,NEW DELHI,370,380
22412,NDLS NHLN AC SF,3,CNB,KANPUR CENTRAL,20:50:00,20:55:00,440,NDLS,NEW DELHI,NHLN,NAHARLAGUN,1250,1255
22443,CNB BDTS SF,1,CNB,KANPUR CENTRAL,00:00:00,18:15:00,0,CNB,KANPUR CENTRAL,BDTS,BANDRA TERMINUS,0,1095
22444,BDTS KANPUR EXP,23,CNB,KANPUR CENTRAL,08:35:00,00:00:00,1613,BDTS,BANDRA TERMINUS,CNB,KANPUR CENTRAL,515,0
22457,NED UHL SF EXP,2,PAU,PURNA JN,11:30:00,11:40:00,31,NED,H SAHIB NANDED,UHL,UNA HIMACHAL,690,700
22457,NED UHL SF EXP,6,AK,AKOLA JN,15:50:00,16:05:00,238,NED,H SAHIB NANDED,UHL,UNA HIMACHAL,950,965
22457,NED UHL SF EXP,7,MKU,MALKAPUR,17:03:00,17:05:00,327,NED,H SAHIB NANDED,UHL,UNA HIMACHAL,1023,1025
22457,NED UHL SF EXP,10,HBJ,HABIBGANJ,00:01:00,00:03:00,770,NED,H SAHIB NANDED,UHL,UNA HIMACHAL,1,3
22457,NED UHL SF EXP,12,BINA,BINA JN,02:33:00,02:38:00,914,NED,H SAHIB NANDED,UHL,UNA HIMACHAL,153,158
22458,UHL NED SF EXP,15,BINA,BINA JN,08:40:00,08:45:00,972,UHL,UNA HIMACHAL,NED,H SAHIB NANDED,520,525
22458,UHL NED SF EXP,17,HBJ,HABIBGANJ,11:15:00,11:17:00,1116,UHL,UNA HIMACHAL,NED,H SAHIB NANDED,675,677
22458,UHL NED SF EXP,20,MKU,MALKAPUR,17:38:00,17:40:00,1559,UHL,UNA HIMACHAL,NED,H SAHIB NANDED,1058,1060
22458,UHL NED SF EXP,21,AK,AKOLA JN,19:05:00,19:25:00,1649,UHL,UNA HIMACHAL,NED,H SAHIB NANDED,1145,1165
22458,UHL NED SF EXP,25,PAU,PURNA JN,22:30:00,22:40:00,1856,UHL,UNA HIMACHAL,NED,H SAHIB NANDED,1350,1360
22487,RDP ANVT LINK E,17,CNB,KANPUR CENTRAL,14:30:00,14:40:00,941,RDP,RADHIKAPUR,ANVT,ANAND VIHAR TRM,870,880
22511,KARMABHOOMI EXP,5,AK,AKOLA JN,20:35:00,20:40:00,569,LTT,LOKMANYATILAK T,KYQ,KAMAKHYA,1235,1240
22511,KARMABHOOMI EXP,6,NGP,NAGPUR,01:35:00,01:45:00,821,LTT,LOKMANYATILAK T,KYQ,KAMAKHYA,95,105
22511,KARMABHOOMI EXP,14,KGP,KHARAGPUR JN,19:22:00,19:27:00,1837,LTT,LOKMANYATILAK T,KYQ,KAMAKHYA,1162,1167
22511,KARMABHOOMI EXP,15,HWH,HOWRAH JN,21:30:00,21:55:00,1952,LTT,LOKMANYATILAK T,KYQ,KAMAKHYA,1290,1315
22511,KARMABHOOMI EXP,18,RPH,RAMPUR HAT,02:08:00,02:10:00,2158,LTT,LOKMANYATILAK T,KYQ,KAMAKHYA,128,130
22512,KARMABHOOMI EXP,9,RPH,RAMPUR HAT,10:25:00,10:30:00,782,KYQ,KAMAKHYA,LTT,LOKMANYATILAK T,625,630
22512,KARMABHOOMI EXP,12,HWH,HOWRAH JN,14:10:00,14:35:00,988,KYQ,KAMAKHYA,LTT,LOKMANYATILAK T,850,875
22512,KARMABHOOMI EXP,13,KGP,KHARAGPUR JN,16:15:00,16:25:00,1104,KYQ,KAMAKHYA,LTT,LOKMANYATILAK T,975,985
22512,KARMABHOOMI EXP,21,NGP,NAGPUR,08:20:00,08:30:00,2119,KYQ,KAMAKHYA,LTT,LOKMANYATILAK T,500,510
22512,KARMABHOOMI EXP,22,AK,AKOLA JN,12:19:00,12:24:00,2372,KYQ,KAMAKHYA,LTT,LOKMANYATILAK T,739,744
22601,SHIRDI EXPRESS,4,JTJ,JOLARPETTAI,13:18:00,13:20:00,214,MAS,CHENNAI CENTRAL,SNSI,SAINAGAR SHIRDI,798,800
22601,SHIRDI EXPRESS,19,SUR,SOLAPUR JN,03:50:00,04:00:00,1017,MAS,CHENNAI CENTRAL,SNSI,SAINAGAR SHIRDI,230,240
22601,SHIRDI EXPRESS,21,ANG,AHMADNAGAR,08:47:00,08:50:00,1288,MAS,CHENNAI CENTRAL,SNSI,SAINAGAR SHIRDI,527,530
22602,SNSI CHENNAI EX,3,ANG,AHMADNAGAR,10:12:00,10:15:00,104,SNSI,SAINAGAR SHIRDI,MAS,CHENNAI CENTRAL,612,615
22602,SNSI CHENNAI EX,5,SUR,SOLAPUR JN,15:05:00,15:15:00,376,SNSI,SAINAGAR SHIRDI,MAS,CHENNAI CENTRAL,905,915
22602,SNSI CHENNAI EX,20,JTJ,JOLARPETTAI,06:13:00,06:15:00,1179,SNSI,SAINAGAR SHIRDI,MAS,CHENNAI CENTRAL,373,375
22603,KGP VM SF EXP,1,KGP,KHARAGPUR JN,00:00:00,14:10:00,0,KGP,KHARAGPUR JN,VM,VILLUPURAM JN,0,850
22603,KGP VM SF EXP,6,BBS,BHUBANESWAR,18:40:00,18:45:00,324,KGP,KHARAGPUR JN,VM,VILLUPURAM JN,1120,1125
22603,KGP VM SF EXP,10,VSKP,VISAKHAPATNAM,02:30:00,02:50:00,767,KGP,KHARAGPUR JN,VM,VILLUPURAM JN,150,170
22603,KGP VM SF EXP,13,BZA,VIJAYAWADA JN,08:30:00,08:50:00,1117,KGP,KHARAGPUR JN,VM,VILLUPURAM JN,510,530
22603,KGP VM SF EXP,15,RU,RENIGUNTA JN,16:00:00,16:10:00,1493,KGP,KHARAGPUR JN,VM,VILLUPURAM JN,960,970
22604,KHARAGPUR EXP,6,RU,RENIGUNTA JN,17:20:00,17:30:00,275,VM,VILLUPURAM JN,KGP,KHARAGPUR JN,1040,1050
22604,KHARAGPUR EXP,8,BZA,VIJAYAWADA JN,23:35:00,23:45:00,651,VM,VILLUPURAM JN,KGP,KHARAGPUR JN,1415,1425
22604,KHARAGPUR EXP,11,VSKP,VISAKHAPATNAM,06:15:00,06:35:00,1001,VM,VILLUPURAM JN,KGP,KHARAGPUR JN,375,395
22604,KHARAGPUR EXP,15,BBS,BHUBANESWAR,14:00:00,14:05:00,1444,VM,VILLUPURAM JN,KGP,KHARAGPUR JN,840,845
22604,KHARAGPUR EXP,20,KGP,KHARAGPUR JN,19:30:00,00:00:00,1767,VM,VILLUPURAM JN,KGP,KHARAGPUR JN,1170,0
22605,PRR VM EXPRES,12,BBS,BHUBANESWAR,18:40:00,18:45:00,535,PRR,PURULIA JN,VM,VILLUPURAM JN,1120,1125
22605,PRR VM EXPRES,16,VSKP,VISAKHAPATNAM,02:30:00,02:50:00,978,PRR,PURULIA JN,VM,VILLUPURAM JN,150,170
22605,PRR VM EXPRES,19,BZA,VIJAYAWADA JN,08:30:00,08:50:00,1328,PRR,PURULIA JN,VM,VILLUPURAM JN,510,530
22605,PRR VM EXPRES,23,RU,RENIGUNTA JN,16:00:00,16:10:00,1704,PRR,PURULIA JN,VM,VILLUPURAM JN,960,970
22606,PURULIA EXPRESS,9,RU,RENIGUNTA JN,17:20:00,17:30:00,294,VM,VILLUPURAM JN,PRR,PURULIA JN,1040,1050
22606,PURULIA EXPRESS,13,BZA,VIJAYAWADA JN,23:35:00,23:45:00,669,VM,VILLUPURAM JN,PRR,PURULIA JN,1415,1425
22606,PURULIA EXPRESS,16,VSKP,VISAKHAPATNAM,06:15:00,06:35:00,1020,VM,VILLUPURAM JN,PRR,PURULIA JN,375,395
22606,PURULIA EXPRESS,20,BBS,BHUBANESWAR,14:00:00,14:05:00,1462,VM,VILLUPURAM JN,PRR,PURULIA JN,840,845
22607,BANGALORE SF EX,13,BNC,BANGALORE CANT,03:38:00,03:40:00,620,ERS,ERNAKULAM JN,SBC,BANGALORE CY JN,218,220
22608,ERNAKULAM SF EX,2,BNC,BANGALORE CANT,18:55:00,18:57:00,5,SBC,BANGALORE CY JN,ERS,ERNAKULAM JN,1135,1137
22611,MAS NJP EXPRESS,4,BZA,VIJAYAWADA JN,17:40:00,17:55:00,431,MAS,CHENNAI CENTRAL,NJP,NEW JALPAIGURI,1060,1075
22611,MAS NJP EXPRESS,8,VSKP,VISAKHAPATNAM,00:10:00,00:30:00,781,MAS,CHENNAI CENTRAL,NJP,NEW JALPAIGURI,10,30
22611,MAS NJP EXPRESS,12,BBS,BHUBANESWAR,07:25:00,07:30:00,1223,MAS,CHENNAI CENTRAL,NJP,NEW JALPAIGURI,445,450
22611,MAS NJP EXPRESS,18,RPH,RAMPUR HAT,20:26:00,20:31:00,1916,MAS,CHENNAI CENTRAL,NJP,NEW JALPAIGURI,1226,1231
22612,NJP MAS EXPRESS,5,RPH,RAMPUR HAT,04:45:00,04:50:00,354,NJP,NEW JALPAIGURI,MAS,CHENNAI CENTRAL,285,290
22612,NJP MAS EXPRESS,11,BBS,BHUBANESWAR,17:10:00,17:15:00,1047,NJP,NEW JALPAIGURI,MAS,CHENNAI CENTRAL,1030,1035
22612,NJP MAS EXPRESS,15,VSKP,VISAKHAPATNAM,01:30:00,01:50:00,1490,NJP,NEW JALPAIGURI,MAS,CHENNAI CENTRAL,90,110
22612,NJP MAS EXPRESS,19,BZA,VIJAYAWADA JN,07:20:00,07:40:00,1840,NJP,NEW JALPAIGURI,MAS,CHENNAI CENTRAL,440,460
22613,HALDIA EXPRESS,3,BZA,VIJAYAWADA JN,21:40:00,21:55:00,431,MAS,CHENNAI CENTRAL,HLZ,HALDIA,1300,1315
22613,HALDIA EXPRESS,6,VSKP,VISAKHAPATNAM,04:10:00,04:30:00,781,MAS,CHENNAI CENTRAL,HLZ,HALDIA,250,270
22613,HALDIA EXPRESS,10,BBS,BHUBANESWAR,11:15:00,11:20:00,1223,MAS,CHENNAI CENTRAL,HLZ,HALDIA,675,680
22613,HALDIA EXPRESS,14,KGP,KHARAGPUR JN,15:37:00,15:47:00,1547,MAS,CHENNAI CENTRAL,HLZ,HALDIA,937,947
22614,HLZ MAS SUP EXP,4,KGP,KHARAGPUR JN,13:55:00,14:05:00,114,HLZ,HALDIA,MAS,CHENNAI CENTRAL,835,845
22614,HLZ MAS SUP EXP,7,BBS,BHUBANESWAR,18:40:00,18:45:00,438,HLZ,HALDIA,MAS,CHENNAI CENTRAL,1120,1125
22614,HLZ MAS SUP EXP,11,VSKP,VISAKHAPATNAM,02:30:00,02:50:00,880,HLZ,HALDIA,MAS,CHENNAI CENTRAL,150,170
22614,HLZ MAS SUP EXP,13,BZA,VIJAYAWADA JN,08:30:00,08:50:00,1231,HLZ,HALDIA,MAS,CHENNAI CENTRAL,510,530
22617,TIRUPATHI EXP,2,BNC,BANGALORE CANT,07:50:00,07:52:00,5,SBC,BANGALORE CY JN,TPTY,TIRUPATI,470,472
22617,TIRUPATHI EXP,5,JTJ,JOLARPETTAI,10:14:00,10:15:00,149,SBC,BANGALORE CY JN,TPTY,TIRUPATI,614,615
22618,TPTY SBC EXP,7,BNC,BANGALORE CANT,20:13:00,20:15:00,333,TPTY,TIRUPATI,SBC,BANGALORE CY JN,1213,1215
22619,BSP TEN EXPRESS,10,NGP,NAGPUR,15:05:00,15:15:00,411,BSP,BILASPUR JN,TEN,TIRUNELVELI,905,915
22619,BSP TEN EXPRESS,13,BZA,VIJAYAWADA JN,02:50:00,03:00:00,1073,BSP,BILASPUR JN,TEN,TIRUNELVELI,170,180
22619,BSP TEN EXPRESS,14,RU,RENIGUNTA JN,09:25:00,09:35:00,1449,BSP,BILASPUR JN,TEN,TIRUNELVELI,565,575
22620,TEN BILASPUR EX,19,RU,RENIGUNTA JN,21:35:00,21:45:00,1056,TEN,TIRUNELVELI,BSP,BILASPUR JN,1295,1305
22620,TEN BILASPUR EX,20,BZA,VIJAYAWADA JN,03:55:00,04:05:00,1432,TEN,TIRUNELVELI,BSP,BILASPUR JN,235,245
22620,TEN BILASPUR EX,23,NGP,NAGPUR,14:45:00,14:55:00,2094,TEN,TIRUNELVELI,BSP,BILASPUR JN,885,895
22625,SBC DOUBLE DECK,5,JTJ,JOLARPETTAI,10:33:00,10:35:00,214,MAS,CHENNAI CENTRAL,SBC,BANGALORE CY JN,633,635
22625,SBC DOUBLE DECK,8,BNC,BANGALORE CANT,12:33:00,12:35:00,357,MAS,CHENNAI CENTRAL,SBC,BANGALORE CY JN,753,755
22626,MAS DOUBLE DECK,2,BNC,BANGALORE CANT,14:40:00,14:42:00,5,SBC,BANGALORE CY JN,MAS,CHENNAI CENTRAL,880,882
22626,MAS DOUBLE DECK,5,JTJ,JOLARPETTAI,16:48:00,16:50:00,149,SBC,BANGALORE CY JN,MAS,CHENNAI CENTRAL,1008,1010
22631,ANUVRATEXPRESS,6,BZA,VIJAYAWADA JN,03:55:00,04:05:00,431,MAS,CHENNAI CENTRAL,BKN,BIKANER JN,235,245
22631,ANUVRATEXPRESS,13,NGP,NAGPUR,14:45:00,14:55:00,1093,MAS,CHENNAI CENTRAL,BKN,BIKANER JN,885,895
22632,ANUVRAT EXP,20,NGP,NAGPUR,16:40:00,16:50:00,1473,BKN,BIKANER JN,MAS,CHENNAI CENTRAL,1000,1010
22632,ANUVRAT EXP,27,BZA,VIJAYAWADA JN,02:35:00,02:45:00,2135,BKN,BIKANER JN,MAS,CHENNAI CENTRAL,155,165
22637,WEST COAST EXP,5,JTJ,JOLARPETTAI,14:43:00,14:45:00,214,MAS,CHENNAI CENTRAL,MAQ,MANGALORE CNTL,883,885
22638,WEST COAST EXP,30,JTJ,JOLARPETTAI,11:03:00,11:05:00,689,MAQ,MANGALORE CNTL,MAS,CHENNAI CENTRAL,663,665
22639,ALLEPPEY EXP,5,JTJ,JOLARPETTAI,23:43:00,23:45:00,214,MAS,CHENNAI CENTRAL,ALLP,ALLEPPEY,1423,1425
22640,CHENNAI EXPRESS,22,JTJ,JOLARPETTAI,02:23:00,02:25:00,546,ALLP,ALLEPPEY,MAS,CHENNAI CENTRAL,143,145
22641,SHALIMAR EXP,18,JTJ,JOLARPETTAI,05:45:00,05:50:00,695,TVC,TRIVANDRUM CNTL,SHM,SHALIMAR,345,350
22641,SHALIMAR EXP,22,BZA,VIJAYAWADA JN,16:45:00,17:00:00,1338,TVC,TRIVANDRUM CNTL,SHM,SHALIMAR,1005,1020
22641,SHALIMAR EXP,24,VSKP,VISAKHAPATNAM,22:55:00,23:15:00,1688,TVC,TRIVANDRUM CNTL,SHM,SHALIMAR,1375,1395
22641,SHALIMAR EXP,31,BBS,BHUBANESWAR,06:10:00,06:15:00,2131,TVC,TRIVANDRUM CNTL,SHM,SHALIMAR,370,375
22641,SHALIMAR EXP,36,KGP,KHARAGPUR JN,11:25:00,11:40:00,2454,TVC,TRIVANDRUM CNTL,SHM,SHALIMAR,685,700
22642,SHM TVC SF EXP,4,KGP,KHARAGPUR JN,00:55:00,01:45:00,113,SHM,SHALIMAR,TVC,TRIVANDRUM CNTL,55,105
22642,SHM TVC SF EXP,9,BBS,BHUBANESWAR,06:25:00,06:30:00,437,SHM,SHALIMAR,TVC,TRIVANDRUM CNTL,385,390
22642,SHM TVC SF EXP,16,VSKP,VISAKHAPATNAM,14:20:00,14:40:00,880,SHM,SHALIMAR,TVC,TRIVANDRUM CNTL,860,880
22642,SHM TVC SF EXP,18,BZA,VIJAYAWADA JN,20:40:00,20:55:00,1230,SHM,SHALIMAR,TVC,TRIVANDRUM CNTL,1240,1255
22642,SHM TVC SF EXP,21,JTJ,JOLARPETTAI,07:28:00,07:30:00,1873,SHM,SHALIMAR,TVC,TRIVANDRUM CNTL,448,450
22643,PATNA EXPRESS,11,JTJ,JOLARPETTAI,01:53:00,01:55:00,489,ERS,ERNAKULAM JN,PNBE,PATNA JN,113,115
22643,PATNA EXPRESS,15,BZA,VIJAYAWADA JN,13:05:00,13:20:00,1132,ERS,ERNAKULAM JN,PNBE,PATNA JN,785,800
22643,PATNA EXPRESS,17,VSKP,VISAKHAPATNAM,19:15:00,19:35:00,1483,ERS,ERNAKULAM JN,PNBE,PATNA JN,1155,1175
22643,PATNA EXPRESS,24,BBS,BHUBANESWAR,02:25:00,02:30:00,1925,ERS,ERNAKULAM JN,PNBE,PATNA JN,145,150
22644,PNBE ERS EXPRES,22,BBS,BHUBANESWAR,06:25:00,06:30:00,869,PNBE,PATNA JN,ERS,ERNAKULAM JN,385,390
22644,PNBE ERS EXPRES,29,VSKP,VISAKHAPATNAM,14:20:00,14:40:00,1312,PNBE,PATNA JN,ERS,ERNAKULAM JN,860,880
22644,PNBE ERS EXPRES,31,BZA,VIJAYAWADA JN,20:40:00,20:55:00,1662,PNBE,PATNA JN,ERS,ERNAKULAM JN,1240,1255
22644,PNBE ERS EXPRES,34,JTJ,JOLARPETTAI,07:28:00,07:30:00,2305,PNBE,PATNA JN,ERS,ERNAKULAM JN,448,450
22645,AHILYANAGARI EX,11,NGP,NAGPUR,03:50:00,04:00:00,652,INDB,INDORE JN BG,TVC,TRIVANDRUM CNTL,230,240
22645,AHILYANAGARI EX,22,BZA,VIJAYAWADA JN,15:50:00,16:05:00,1314,INDB,INDORE JN BG,TVC,TRIVANDRUM CNTL,950,965
22645,AHILYANAGARI EX,30,JTJ,JOLARPETTAI,03:08:00,03:10:00,1957,INDB,INDORE JN BG,TVC,TRIVANDRUM CNTL,188,190
22646,AHILYANAGARI EX,24,JTJ,JOLARPETTAI,19:48:00,19:50:00,695,TVC,TRIVANDRUM CNTL,INDB,INDORE JN BG,1188,1190
22646,AHILYANAGARI EX,32,BZA,VIJAYAWADA JN,06:05:00,06:20:00,1338,TVC,TRIVANDRUM CNTL,INDB,INDORE JN BG,365,380
22646,AHILYANAGARI EX,44,NGP,NAGPUR,16:50:00,17:00:00,2000,TVC,TRIVANDRUM CNTL,INDB,INDORE JN BG,1010,1020
22647,KRBA TVC EXPRES,14,NGP,NAGPUR,04:35:00,04:45:00,504,KRBA,KORBA,TVC,TRIVANDRUM CNTL,275,285
22647,KRBA TVC EXPRES,25,BZA,VIJAYAWADA JN,15:50:00,16:05:00,1166,KRBA,KORBA,TVC,TRIVANDRUM CNTL,950,965
22647,KRBA TVC EXPRES,33,JTJ,JOLARPETTAI,03:08:00,03:10:00,1809,KRBA,KORBA,TVC,TRIVANDRUM CNTL,188,190
22648,KORBA EXPRESS,24,JTJ,JOLARPETTAI,19:48:00,19:50:00,709,TVC,TRIVANDRUM CNTL,KRBA,KORBA,1188,1190
22648,KORBA EXPRESS,32,BZA,VIJAYAWADA JN,06:05:00,06:20:00,1352,TVC,TRIVANDRUM CNTL,KRBA,KORBA,365,380
22648,KORBA EXPRESS,43,NGP,NAGPUR,16:45:00,17:10:00,2014,TVC,TRIVANDRUM CNTL,KRBA,KORBA,1005,1030
22649,YERCAUD EXPRESS,11,JTJ,JOLARPETTAI,02:33:00,02:35:00,214,MAS,CHENNAI CENTRAL,ED,ERODE JN,153,155
22650,YERCAUD EXP,9,JTJ,JOLARPETTAI,00:08:00,00:10:00,183,ED,ERODE JN,MAS,CHENNAI CENTRAL,8,10
22651,PALANI EXPRESS,5,JTJ,JOLARPETTAI,00:43:00,00:45:00,214,MAS,CHENNAI CENTRAL,PLNI,PALANI,43,45
22652,PALANI MAS EXP,11,JTJ,JOLARPETTAI,00:28:00,00:30:00,338,PLNI,PALANI,MAS,CHENNAI CENTRAL,28,30
22679,SVDK PREMIUM EX,4,NGP,NAGPUR,13:30:00,13:40:00,1452,YPR,YESVANTPUR JN,SVDK,SHMATA VD KATRA,810,820
22680,SVDK YPR PREMIU,4,NGP,NAGPUR,10:40:00,10:50:00,1744,SVDK,SHMATA VD KATRA,YPR,YESVANTPUR JN,640,650
22681,CHENNAI EXPRESS,5,BNC,BANGALORE CANT,23:10:00,23:12:00,143,MYS,MYSORE JN,MAS,CHENNAI CENTRAL,1390,1392
22681,CHENNAI EXPRESS,8,JTJ,JOLARPETTAI,01:30:00,01:32:00,287,MYS,MYSORE JN,MAS,CHENNAI CENTRAL,90,92
22682,MYSORE EXPRESS,4,JTJ,JOLARPETTAI,02:38:00,02:40:00,214,MAS,CHENNAI CENTRAL,MYS,MYSORE JN,158,160
22682,MYSORE EXPRESS,7,BNC,BANGALORE CANT,04:58:00,05:00:00,357,MAS,CHENNAI CENTRAL,MYS,MYSORE JN,298,300
22683,YPR LKO EXP,18,NGP,NAGPUR,21:00:00,21:10:00,1194,YPR,YESVANTPUR JN,LKO,LUCKNOW NR,1260,1270
22684,LKO YPR SUP,14,NGP,NAGPUR,15:10:00,15:20:00,1141,LKO,LUCKNOW NR,YPR,YESVANTPUR JN,910,920
22685,YPR SKRANTIEXP,8,PUNE,PUNE JN,08:45:00,09:00:00,1022,YPR,YESVANTPUR JN,CDG,CHANDIGARH,525,540
22686,YPR S KRANTI EX,8,PUNE,PUNE JN,11:05:00,11:20:00,1862,CDG,CHANDIGARH,YPR,YESVANTPUR JN,665,680
22688,CDG MDU SF EXP,15,NGP,NAGPUR,08:25:00,08:40:00,1415,CDG,CHANDIGARH,MDU,MADURAI JN,505,520
22688,CDG MDU SF EXP,20,BZA,VIJAYAWADA JN,19:05:00,19:20:00,2077,CDG,CHANDIGARH,MDU,MADURAI JN,1145,1160
22688,CDG MDU SF EXP,27,JTJ,JOLARPETTAI,05:58:00,06:00:00,2720,CDG,CHANDIGARH,MDU,MADURAI JN,358,360
22691,RAJDHANI EXP,9,NGP,NAGPUR,15:25:00,15:35:00,1282,SBC,BANGALORE CY JN,NZM,H NIZAMUDDIN,925,935
22692,BANGLORE RJDHNI,4,NGP,NAGPUR,10:15:00,10:25:00,1083,NZM,H NIZAMUDDIN,SBC,BANGALORE CY JN,615,625
22693,RAJDHANI EXP,6,NGP,NAGPUR,15:25:00,15:35:00,1212,SBC,BANGALORE CY JN,NZM,H NIZAMUDDIN,925,935
22694,BANGLORE RAJDHN,4,NGP,NAGPUR,10:15:00,10:25:00,1083,NZM,H NIZAMUDDIN,SBC,BANGALORE CY JN,615,625
22695,YPR JP PREMIUM,4,PUNE,PUNE JN,07:50:00,07:55:00,1150,YPR,YESVANTPUR JN,JP,JAIPUR,470,475
22696,JP YPR PREMIUM,4,PUNE,PUNE JN,21:05:00,21:10:00,1257,JP,JAIPUR,YPR,YESVANTPUR JN,1265,1270
22801,VSKP MAS SF EXP,1,VSKP,VISAKHAPATNAM,00:00:00,19:00:00,0,VSKP,VISAKHAPATNAM,MAS,CHENNAI CENTRAL,0,1140
22801,VSKP MAS SF EXP,9,BZA,VIJAYAWADA JN,00:45:00,00:55:00,351,VSKP,VISAKHAPATNAM,MAS,CHENNAI CENTRAL,45,55
22802,MAS VSKP EXP,8,BZA,VIJAYAWADA JN,04:50:00,05:00:00,454,MAS,CHENNAI CENTRAL,VSKP,VISAKHAPATNAM,290,300
22802,MAS VSKP EXP,16,VSKP,VISAKHAPATNAM,11:30:00,00:00:00,804,MAS,CHENNAI CENTRAL,VSKP,VISAKHAPATNAM,690,0
22803,HWH SBP SUP EXP,1,HWH,HOWRAH JN,00:00:00,20:55:00,0,HWH,HOWRAH JN,SBP,SAMBALPUR,0,1255
22803,HWH SBP SUP EXP,2,KGP,KHARAGPUR JN,22:40:00,22:50:00,116,HWH,HOWRAH JN,SBP,SAMBALPUR,1360,1370
22804,SBP HWH SUP EXP,10,KGP,KHARAGPUR JN,04:35:00,04:45:00,546,SBP,SAMBALPUR,HWH,HOWRAH JN,275,285
22804,SBP HWH SUP EXP,11,HWH,HOWRAH JN,07:05:00,00:00:00,661,SBP,SAMBALPUR,HWH,HOWRAH JN,425,0
22805,BBS NDLS SUP EX,1,BBS,BHUBANESWAR,00:00:00,12:45:00,0,BBS,BHUBANESWAR,NDLS,NEW DELHI,0,765
22805,BBS NDLS SUP EX,18,CNB,KANPUR CENTRAL,13:45:00,13:55:00,1456,BBS,BHUBANESWAR,NDLS,NEW DELHI,825,835
22806,NDLS BBS SUP EX,2,CNB,KANPUR CENTRAL,13:15:00,13:30:00,437,NDLS,NEW DELHI,BBS,BHUBANESWAR,795,810
22806,NDLS BBS SUP EX,19,BBS,BHUBANESWAR,16:30:00,00:00:00,1893,NDLS,NEW DELHI,BBS,BHUBANESWAR,990,0
22807,SRC MAS AC EXP,2,KGP,KHARAGPUR JN,20:27:00,20:32:00,108,SRC,SANTRAGACHI JN,MAS,CHENNAI CENTRAL,1227,1232
22807,SRC MAS AC EXP,6,BBS,BHUBANESWAR,01:20:00,01:25:00,432,SRC,SANTRAGACHI JN,MAS,CHENNAI CENTRAL,80,85
22807,SRC MAS AC EXP,9,VSKP,VISAKHAPATNAM,08:10:00,08:30:00,875,SRC,SANTRAGACHI JN,MAS,CHENNAI CENTRAL,490,510
22807,SRC MAS AC EXP,13,BZA,VIJAYAWADA JN,14:50:00,15:10:00,1225,SRC,SANTRAGACHI JN,MAS,CHENNAI CENTRAL,890,910
22808,MAS SRC AC EXP,6,BZA,VIJAYAWADA JN,14:15:00,14:35:00,431,MAS,CHENNAI CENTRAL,SRC,SANTRAGACHI JN,855,875
22808,MAS SRC AC EXP,10,VSKP,VISAKHAPATNAM,20:35:00,20:55:00,781,MAS,CHENNAI CENTRAL,SRC,SANTRAGACHI JN,1235,1255
22808,MAS SRC AC EXP,13,BBS,BHUBANESWAR,03:20:00,03:25:00,1223,MAS,CHENNAI CENTRAL,SRC,SANTRAGACHI JN,200,205
22808,MAS SRC AC EXP,17,KGP,KHARAGPUR JN,08:30:00,08:35:00,1547,MAS,CHENNAI CENTRAL,SRC,SANTRAGACHI JN,510,515
22809,VSKP SF EXP,5,BBS,BHUBANESWAR,00:51:00,00:55:00,111,PRDP,PARADIP,VSKP,VISAKHAPATNAM,51,55
22809,VSKP SF EXP,17,VSKP,VISAKHAPATNAM,08:35:00,00:00:00,554,PRDP,PARADIP,VSKP,VISAKHAPATNAM,515,0
22810,PRDP SF EXP,1,VSKP,VISAKHAPATNAM,00:00:00,23:50:00,0,VSKP,VISAKHAPATNAM,PRDP,PARADIP,0,1430
22810,PRDP SF EXP,13,BBS,BHUBANESWAR,07:00:00,07:05:00,443,VSKP,VISAKHAPATNAM,PRDP,PARADIP,420,425
22811,BBS RAJDHANI EX,1,BBS,BHUBANESWAR,00:00:00,11:20:00,0,BBS,BHUBANESWAR,NDLS,NEW DELHI,0,680
22811,BBS RAJDHANI EX,6,KGP,KHARAGPUR JN,15:40:00,15:55:00,324,BBS,BHUBANESWAR,NDLS,NEW DELHI,940,955
22811,BBS RAJDHANI EX,13,CNB,KANPUR CENTRAL,05:20:00,05:28:00,1284,BBS,BHUBANESWAR,NDLS,NEW DELHI,320,328
22812,BUBNESWR RJDHNI,2,CNB,KANPUR CENTRAL,21:48:00,21:53:00,440,NDLS,NEW DELHI,BBS,BHUBANESWAR,1308,1313
22812,BUBNESWR RJDHNI,9,KGP,KHARAGPUR JN,10:35:00,10:50:00,1400,NDLS,NEW DELHI,BBS,BHUBANESWAR,635,650
22812,BUBNESWR RJDHNI,14,BBS,BHUBANESWAR,16:00:00,00:00:00,1724,NDLS,NEW DELHI,BBS,BHUBANESWAR,960,0
22813,SRC PRDP SF EX,2,KGP,KHARAGPUR JN,22:15:00,22:20:00,108,SRC,SANTRAGACHI JN,PRDP,PARADIP,1335,1340
22814,PRDP SRC SF EXP,11,KGP,KHARAGPUR JN,06:20:00,06:30:00,379,PRDP,PARADIP,SRC,SANTRAGACHI JN,380,390
22815,BSP ERS S F EXP,7,NGP,NAGPUR,15:05:00,15:15:00,411,BSP,BILASPUR JN,ERS,ERNAKULAM JN,905,915
22815,BSP ERS S F EXP,12,BZA,VIJAYAWADA JN,02:35:00,02:45:00,1073,BSP,BILASPUR JN,ERS,ERNAKULAM JN,155,165
22815,BSP ERS S F EXP,13,RU,RENIGUNTA JN,09:25:00,09:35:00,1449,BSP,BILASPUR JN,ERS,ERNAKULAM JN,565,575
22815,BSP ERS S F EXP,16,JTJ,JOLARPETTAI,12:48:00,12:50:00,1666,BSP,BILASPUR JN,ERS,ERNAKULAM JN,768,770
22816,ERS BILASPUR EX,10,JTJ,JOLARPETTAI,17:53:00,17:55:00,489,ERS,ERNAKULAM JN,BSP,BILASPUR JN,1073,1075
22816,ERS BILASPUR EX,13,RU,RENIGUNTA JN,21:35:00,21:45:00,706,ERS,ERNAKULAM JN,BSP,BILASPUR JN,1295,1305
22816,ERS BILASPUR EX,14,BZA,VIJAYAWADA JN,03:55:00,04:05:00,1082,ERS,ERNAKULAM JN,BSP,BILASPUR JN,235,245
22816,ERS BILASPUR EX,19,NGP,NAGPUR,14:45:00,14:55:00,1744,ERS,ERNAKULAM JN,BSP,BILASPUR JN,885,895
22817,HWH MYS EXPRESS,1,HWH,HOWRAH JN,00:00:00,16:10:00,0,HWH,HOWRAH JN,MYS,MYSORE JN,0,970
22817,HWH MYS EXPRESS,2,KGP,KHARAGPUR JN,17:55:00,18:00:00,116,HWH,HOWRAH JN,MYS,MYSORE JN,1075,1080
22817,HWH MYS EXPRESS,6,BBS,BHUBANESWAR,22:35:00,22:40:00,439,HWH,HOWRAH JN,MYS,MYSORE JN,1355,1360
22817,HWH MYS EXPRESS,11,VSKP,VISAKHAPATNAM,05:40:00,06:00:00,882,HWH,HOWRAH JN,MYS,MYSORE JN,340,360
22817,HWH MYS EXPRESS,14,BZA,VIJAYAWADA JN,11:40:00,11:55:00,1232,HWH,HOWRAH JN,MYS,MYSORE JN,700,715
22817,HWH MYS EXPRESS,15,RU,RENIGUNTA JN,18:30:00,18:40:00,1608,HWH,HOWRAH JN,MYS,MYSORE JN,1110,1120
22817,HWH MYS EXPRESS,17,JTJ,JOLARPETTAI,21:45:00,21:50:00,1806,HWH,HOWRAH JN,MYS,MYSORE JN,1305,1310
22818,MYS HOWRAH EXP,5,JTJ,JOLARPETTAI,05:55:00,06:00:00,287,MYS,MYSORE JN,HWH,HOWRAH JN,355,360
22818,MYS HOWRAH EXP,8,RU,RENIGUNTA JN,10:15:00,10:25:00,504,MYS,MYSORE JN,HWH,HOWRAH JN,615,625
22818,MYS HOWRAH EXP,9,BZA,VIJAYAWADA JN,16:45:00,17:00:00,879,MYS,MYSORE JN,HWH,HOWRAH JN,1005,1020
22818,MYS HOWRAH EXP,12,VSKP,VISAKHAPATNAM,00:10:00,00:30:00,1230,MYS,MYSORE JN,HWH,HOWRAH JN,10,30
22818,MYS HOWRAH EXP,17,BBS,BHUBANESWAR,07:25:00,07:30:00,1672,MYS,MYSORE JN,HWH,HOWRAH JN,445,450
22818,MYS HOWRAH EXP,21,KGP,KHARAGPUR JN,12:35:00,12:40:00,1996,MYS,MYSORE JN,HWH,HOWRAH JN,755,760
22818,MYS HOWRAH EXP,22,HWH,HOWRAH JN,14:50:00,00:00:00,2111,MYS,MYSORE JN,HWH,HOWRAH JN,890,0
22823,BBS RAJDHANI EX,1,BBS,BHUBANESWAR,00:00:00,09:15:00,0,BBS,BHUBANESWAR,NDLS,NEW DELHI,0,555
22823,BBS RAJDHANI EX,5,KGP,KHARAGPUR JN,13:50:00,14:05:00,324,BBS,BHUBANESWAR,NDLS,NEW DELHI,830,845
22823,BBS RAJDHANI EX,12,CNB,KANPUR CENTRAL,05:20:00,05:28:00,1361,BBS,BHUBANESWAR,NDLS,NEW DELHI,320,328
22824,BUBNESWR RJDHNI,4,CNB,KANPUR CENTRAL,21:48:00,21:53:00,440,NDLS,NEW DELHI,BBS,BHUBANESWAR,1308,1313
22824,BUBNESWR RJDHNI,11,KGP,KHARAGPUR JN,12:25:00,12:40:00,1476,NDLS,NEW DELHI,BBS,BHUBANESWAR,745,760
22824,BUBNESWR RJDHNI,15,BBS,BHUBANESWAR,17:30:00,00:00:00,1800,NDLS,NEW DELHI,BBS,BHUBANESWAR,1050,0
22825,SHM MAS SF EXP,3,KGP,KHARAGPUR JN,14:00:00,14:05:00,113,SHM,SHALIMAR,MAS,CHENNAI CENTRAL,840,845
22825,SHM MAS SF EXP,9,BBS,BHUBANESWAR,18:40:00,18:45:00,437,SHM,SHALIMAR,MAS,CHENNAI CENTRAL,1120,1125
22825,SHM MAS SF EXP,14,VSKP,VISAKHAPATNAM,02:30:00,02:50:00,880,SHM,SHALIMAR,MAS,CHENNAI CENTRAL,150,170
22825,SHM MAS SF EXP,18,BZA,VIJAYAWADA JN,08:30:00,08:50:00,1230,SHM,SHALIMAR,MAS,CHENNAI CENTRAL,510,530
22826,MAS SHM EXP,7,BZA,VIJAYAWADA JN,23:35:00,23:45:00,431,MAS,CHENNAI CENTRAL,SHM,SHALIMAR,1415,1425
22826,MAS SHM EXP,11,VSKP,VISAKHAPATNAM,06:15:00,06:35:00,781,MAS,CHENNAI CENTRAL,SHM,SHALIMAR,375,395
22826,MAS SHM EXP,16,BBS,BHUBANESWAR,14:00:00,14:05:00,1223,MAS,CHENNAI CENTRAL,SHM,SHALIMAR,840,845
22826,MAS SHM EXP,22,KGP,KHARAGPUR JN,19:27:00,19:32:00,1547,MAS,CHENNAI CENTRAL,SHM,SHALIMAR,1167,1172
22827,PURI SURAT EXP,3,BBS,BHUBANESWAR,21:00:00,21:05:00,63,PURI,PURI,ST,SURAT,1260,1265
22827,PURI SURAT EXP,15,NGP,NAGPUR,14:35:00,14:45:00,1026,PURI,PURI,ST,SURAT,875,885
22827,PURI SURAT EXP,17,JL,JALGAON JN,21:24:00,21:25:00,1443,PURI,PURI,ST,SURAT,1284,1285
22828,SURAT PURI EXP,2,JL,JALGAON JN,14:50:00,14:55:00,311,ST,SURAT,PURI,PURI,890,895
22828,SURAT PURI EXP,4,NGP,NAGPUR,21:40:00,21:50:00,728,ST,SURAT,PURI,PURI,1300,1310
22828,SURAT PURI EXP,16,BBS,BHUBANESWAR,14:10:00,14:15:00,1691,ST,SURAT,PURI,PURI,850,855
22829,BHUJ SHM EXP,16,BINA,BINA JN,12:10:00,12:15:00,1138,BHUJ,BHUJ,SHM,SHALIMAR,730,735
22829,BHUJ SHM EXP,29,KGP,KHARAGPUR JN,07:50:00,07:55:00,2321,BHUJ,BHUJ,SHM,SHALIMAR,470,475
22830,SHM BHUJ SF EX,3,KGP,KHARAGPUR JN,22:10:00,22:15:00,113,SHM,SHALIMAR,BHUJ,BHUJ,1330,1335
22830,SHM BHUJ SF EX,16,BINA,BINA JN,18:20:00,18:25:00,1296,SHM,SHALIMAR,BHUJ,BHUJ,1100,1105
22831,HWH SSPN EXPRES,1,HWH,HOWRAH JN,00:00:00,15:50:00,0,HWH,HOWRAH JN,SSPN,SAI P NILAYAM,0,950
22831,HWH SSPN EXPRES,2,KGP,KHARAGPUR JN,17:30:00,17:35:00,116,HWH,HOWRAH JN,SSPN,SAI P NILAYAM,1050,1055
22831,HWH SSPN EXPRES,3,BBS,BHUBANESWAR,22:05:00,22:10:00,439,HWH,HOWRAH JN,SSPN,SAI P NILAYAM,1325,1330
22831,HWH SSPN EXPRES,7,BZA,VIJAYAWADA JN,10:40:00,11:00:00,1219,HWH,HOWRAH JN,SSPN,SAI P NILAYAM,640,660
22832,HOWRAH EXP,11,BZA,VIJAYAWADA JN,18:45:00,19:05:00,544,SSPN,SAI P NILAYAM,HWH,HOWRAH JN,1125,1145
22832,HOWRAH EXP,15,BBS,BHUBANESWAR,07:25:00,07:30:00,1324,SSPN,SAI P NILAYAM,HWH,HOWRAH JN,445,450
22832,HOWRAH EXP,16,KGP,KHARAGPUR JN,12:35:00,12:40:00,1647,SSPN,SAI P NILAYAM,HWH,HOWRAH JN,755,760
22832,HOWRAH EXP,17,HWH,HOWRAH JN,14:50:00,00:00:00,1763,SSPN,SAI P NILAYAM,HWH,HOWRAH JN,890,0
22835,SHM PURI SF EXP,3,KGP,KHARAGPUR JN,22:40:00,22:50:00,113,SHM,SHALIMAR,PURI,PURI,1360,1370
22835,SHM PURI SF EXP,9,BBS,BHUBANESWAR,03:40:00,03:45:00,437,SHM,SHALIMAR,PURI,PURI,220,225
22836,PURI SHM SF EXP,3,BBS,BHUBANESWAR,23:35:00,23:40:00,63,PURI,PURI,SHM,SHALIMAR,1415,1420
22836,PURI SHM SF EXP,9,KGP,KHARAGPUR JN,04:35:00,04:45:00,387,PURI,PURI,SHM,SHALIMAR,275,285
22845,PUNE HATIA SUP,1,PUNE,PUNE JN,00:00:00,10:45:00,0,PUNE,PUNE JN,HTE,HATIA,0,645
22845,PUNE HATIA SUP,3,ANG,AHMADNAGAR,13:57:00,14:00:00,160,PUNE,PUNE JN,HTE,HATIA,837,840
22845,PUNE HATIA SUP,7,AK,AKOLA JN,21:55:00,22:00:00,636,PUNE,PUNE JN,HTE,HATIA,1315,1320
22845,PUNE HATIA SUP,8,BD,BADNERA JN,23:15:00,23:20:00,715,PUNE,PUNE JN,HTE,HATIA,1395,1400
22845,PUNE HATIA SUP,9,WR,WARDHA JN,00:32:00,00:35:00,811,PUNE,PUNE JN,HTE,HATIA,32,35
22845,PUNE HATIA SUP,10,NGP,NAGPUR,01:55:00,02:05:00,889,PUNE,PUNE JN,HTE,HATIA,115,125
22846,HTE PUNE EXP,9,NGP,NAGPUR,10:55:00,11:05:00,885,HTE,HATIA,PUNE,PUNE JN,655,665
22846,HTE PUNE EXP,10,WR,WARDHA JN,12:02:00,12:05:00,964,HTE,HATIA,PUNE,PUNE JN,722,725
22846,HTE PUNE EXP,11,BD,BADNERA JN,13:45:00,13:50:00,1059,HTE,HATIA,PUNE,PUNE JN,825,830
22846,HTE PUNE EXP,12,AK,AKOLA JN,14:40:00,14:45:00,1138,HTE,HATIA,PUNE,PUNE JN,880,885
22846,HTE PUNE EXP,16,ANG,AHMADNAGAR,22:57:00,23:00:00,1614,HTE,HATIA,PUNE,PUNE JN,1377,1380
22846,HTE PUNE EXP,18,PUNE,PUNE JN,02:45:00,00:00:00,1774,HTE,HATIA,PUNE,PUNE JN,165,0
22847,VSKP LTT EXPRES,1,VSKP,VISAKHAPATNAM,00:00:00,08:30:00,0,VSKP,VISAKHAPATNAM,LTT,LOKMANYATILAK T,0,510
22847,VSKP LTT EXPRES,15,NGP,NAGPUR,00:05:00,00:20:00,828,VSKP,VISAKHAPATNAM,LTT,LOKMANYATILAK T,5,20
22847,VSKP LTT EXPRES,16,WR,WARDHA JN,01:37:00,01:40:00,907,VSKP,VISAKHAPATNAM,LTT,LOKMANYATILAK T,97,100
22847,VSKP LTT EXPRES,17,BD,BADNERA JN,03:00:00,03:03:00,1002,VSKP,VISAKHAPATNAM,LTT,LOKMANYATILAK T,180,183
22847,VSKP LTT EXPRES,18,AK,AKOLA JN,03:55:00,04:00:00,1081,VSKP,VISAKHAPATNAM,LTT,LOKMANYATILAK T,235,240
22848,LTT VSKP SUP EX,6,AK,AKOLA JN,08:40:00,08:45:00,569,LTT,LOKMANYATILAK T,VSKP,VISAKHAPATNAM,520,525
22848,LTT VSKP SUP EX,7,BD,BADNERA JN,10:30:00,10:35:00,647,LTT,LOKMANYATILAK T,VSKP,VISAKHAPATNAM,630,635
22848,LTT VSKP SUP EX,8,WR,WARDHA JN,12:02:00,12:05:00,743,LTT,LOKMANYATILAK T,VSKP,VISAKHAPATNAM,722,725
22848,LTT VSKP SUP EX,9,NGP,NAGPUR,13:40:00,14:00:00,821,LTT,LOKMANYATILAK T,VSKP,VISAKHAPATNAM,820,840
22848,LTT VSKP SUP EX,23,VSKP,VISAKHAPATNAM,05:30:00,00:00:00,1649,LTT,LOKMANYATILAK T,VSKP,VISAKHAPATNAM,330,0
22849,SHM SC WKLY EXP,3,KGP,KHARAGPUR JN,14:00:00,14:05:00,113,SHM,SHALIMAR,SC,SECUNDERABAD JN,840,845
22849,SHM SC WKLY EXP,8,BBS,BHUBANESWAR,18:40:00,18:45:00,437,SHM,SHALIMAR,SC,SECUNDERABAD JN,1120,1125
22849,SHM SC WKLY EXP,14,VSKP,VISAKHAPATNAM,02:30:00,02:50:00,880,SHM,SHALIMAR,SC,SECUNDERABAD JN,150,170
22849,SHM SC WKLY EXP,17,BZA,VIJAYAWADA JN,08:30:00,08:50:00,1230,SHM,SHALIMAR,SC,SECUNDERABAD JN,510,530
22850,SC SHM WKLY EX,4,BZA,VIJAYAWADA JN,11:10:00,11:25:00,351,SC,SECUNDERABAD JN,SHM,SHALIMAR,670,685
22850,SC SHM WKLY EX,7,VSKP,VISAKHAPATNAM,17:25:00,17:45:00,701,SC,SECUNDERABAD JN,SHM,SHALIMAR,1045,1065
22850,SC SHM WKLY EX,13,BBS,BHUBANESWAR,01:05:00,01:10:00,1144,SC,SECUNDERABAD JN,SHM,SHALIMAR,65,70
22850,SC SHM WKLY EX,18,KGP,KHARAGPUR JN,06:20:00,06:30:00,1467,SC,SECUNDERABAD JN,SHM,SHALIMAR,380,390
22851,MAQ VIVEK EXP,2,KGP,KHARAGPUR JN,17:30:00,17:35:00,108,SRC,SANTRAGACHI JN,MAQ,MANGALORE CNTL,1050,1055
22851,MAQ VIVEK EXP,7,BBS,BHUBANESWAR,22:05:00,22:10:00,432,SRC,SANTRAGACHI JN,MAQ,MANGALORE CNTL,1325,1330
22851,MAQ VIVEK EXP,13,VSKP,VISAKHAPATNAM,04:40:00,05:00:00,875,SRC,SANTRAGACHI JN,MAQ,MANGALORE CNTL,280,300
22851,MAQ VIVEK EXP,17,BZA,VIJAYAWADA JN,10:40:00,11:00:00,1225,SRC,SANTRAGACHI JN,MAQ,MANGALORE CNTL,640,660
22851,MAQ VIVEK EXP,21,RU,RENIGUNTA JN,16:45:00,16:55:00,1601,SRC,SANTRAGACHI JN,MAQ,MANGALORE CNTL,1005,1015
22852,SRC VIVEK EXP,20,RU,RENIGUNTA JN,15:00:00,15:10:00,887,MAQ,MANGALORE CNTL,SRC,SANTRAGACHI JN,900,910
22852,SRC VIVEK EXP,24,BZA,VIJAYAWADA JN,21:40:00,21:55:00,1263,MAQ,MANGALORE CNTL,SRC,SANTRAGACHI JN,1300,1315
22852,SRC VIVEK EXP,28,VSKP,VISAKHAPATNAM,04:10:00,04:30:00,1613,MAQ,MANGALORE CNTL,SRC,SANTRAGACHI JN,250,270
22852,SRC VIVEK EXP,34,BBS,BHUBANESWAR,11:15:00,11:20:00,2056,MAQ,MANGALORE CNTL,SRC,SANTRAGACHI JN,675,680
22852,SRC VIVEK EXP,39,KGP,KHARAGPUR JN,15:42:00,15:47:00,2379,MAQ,MANGALORE CNTL,SRC,SANTRAGACHI JN,942,947
22853,SHM VSKP SF EXP,3,KGP,KHARAGPUR JN,20:05:00,20:15:00,113,SHM,SHALIMAR,VSKP,VISAKHAPATNAM,1205,1215
22853,SHM VSKP SF EXP,8,BBS,BHUBANESWAR,01:10:00,01:15:00,437,SHM,SHALIMAR,VSKP,VISAKHAPATNAM,70,75
22853,SHM VSKP SF EXP,16,VSKP,VISAKHAPATNAM,08:35:00,00:00:00,880,SHM,SHALIMAR,VSKP,VISAKHAPATNAM,515,0
22854,VSKP SHM SF EXP,1,VSKP,VISAKHAPATNAM,00:00:00,13:35:00,0,VSKP,VISAKHAPATNAM,SHM,SHALIMAR,0,815
22854,VSKP SHM SF EXP,9,BBS,BHUBANESWAR,20:25:00,20:30:00,443,VSKP,VISAKHAPATNAM,SHM,SHALIMAR,1225,1230
22854,VSKP SHM SF EXP,14,KGP,KHARAGPUR JN,01:12:00,01:17:00,767,VSKP,VISAKHAPATNAM,SHM,SHALIMAR,72,77
22855,SRC TPTY SF EXP,2,KGP,KHARAGPUR JN,17:30:00,17:35:00,108,SRC,SANTRAGACHI JN,TPTY,TIRUPATI,1050,1055
22855,SRC TPTY SF EXP,7,BBS,BHUBANESWAR,22:05:00,22:10:00,432,SRC,SANTRAGACHI JN,TPTY,TIRUPATI,1325,1330
22855,SRC TPTY SF EXP,11,VSKP,VISAKHAPATNAM,04:40:00,05:00:00,875,SRC,SANTRAGACHI JN,TPTY,TIRUPATI,280,300
22855,SRC TPTY SF EXP,15,BZA,VIJAYAWADA JN,10:40:00,11:00:00,1225,SRC,SANTRAGACHI JN,TPTY,TIRUPATI,640,660
22855,SRC TPTY SF EXP,17,RU,RENIGUNTA JN,17:05:00,17:25:00,1601,SRC,SANTRAGACHI JN,TPTY,TIRUPATI,1025,1045
22856,TPTY SRC SUP EX,2,RU,RENIGUNTA JN,20:10:00,20:12:00,10,TPTY,TIRUPATI,SRC,SANTRAGACHI JN,1210,1212
22856,TPTY SRC SUP EX,5,BZA,VIJAYAWADA JN,02:40:00,03:00:00,386,TPTY,TIRUPATI,SRC,SANTRAGACHI JN,160,180
22856,TPTY SRC SUP EX,9,VSKP,VISAKHAPATNAM,08:30:00,08:50:00,736,TPTY,TIRUPATI,SRC,SANTRAGACHI JN,510,530
22856,TPTY SRC SUP EX,13,BBS,BHUBANESWAR,15:10:00,15:15:00,1179,TPTY,TIRUPATI,SRC,SANTRAGACHI JN,910,915
22856,TPTY SRC SUP EX,18,KGP,KHARAGPUR JN,20:08:00,20:23:00,1503,TPTY,TIRUPATI,SRC,SANTRAGACHI JN,1208,1223
22857,SRC ANVT SF EXP,2,KGP,KHARAGPUR JN,10:35:00,10:45:00,108,SRC,SANTRAGACHI JN,ANVT,ANAND VIHAR TRM,635,645
22857,SRC ANVT SF EXP,10,CNB,KANPUR CENTRAL,03:50:00,04:00:00,1144,SRC,SANTRAGACHI JN,ANVT,ANAND VIHAR TRM,230,240
22858,ANVT SRC SF EXP,3,CNB,KANPUR CENTRAL,19:55:00,20:05:00,427,ANVT,ANAND VIHAR TRM,SRC,SANTRAGACHI JN,1195,1205
22858,ANVT SRC SF EXP,11,KGP,KHARAGPUR JN,14:40:00,14:45:00,1462,ANVT,ANAND VIHAR TRM,SRC,SANTRAGACHI JN,880,885
22859,PURI CHENNAI EX,10,VSKP,VISAKHAPATNAM,01:30:00,01:50:00,468,PURI,PURI,MAS,CHENNAI CENTRAL,90,110
22859,PURI CHENNAI EX,14,BZA,VIJAYAWADA JN,07:20:00,07:40:00,818,PURI,PURI,MAS,CHENNAI CENTRAL,440,460
22860,MAS PURI EXPRES,8,BZA,VIJAYAWADA JN,23:35:00,23:45:00,431,MAS,CHENNAI CENTRAL,PURI,PURI,1415,1425
22860,MAS PURI EXPRES,12,VSKP,VISAKHAPATNAM,06:15:00,06:35:00,781,MAS,CHENNAI CENTRAL,PURI,PURI,375,395
22865,LTT PURI SUP EX,5,WR,WARDHA JN,12:05:00,12:08:00,743,LTT,LOKMANYATILAK T,PURI,PURI,725,728
22865,LTT PURI SUP EX,6,NGP,NAGPUR,13:40:00,14:00:00,821,LTT,LOKMANYATILAK T,PURI,PURI,820,840
22865,LTT PURI SUP EX,16,BBS,BHUBANESWAR,07:15:00,07:20:00,1788,LTT,LOKMANYATILAK T,PURI,PURI,435,440
22866,PURI LTT SF EXP,3,BBS,BHUBANESWAR,06:55:00,07:00:00,63,PURI,PURI,LTT,LOKMANYATILAK T,415,420
22866,PURI LTT SF EXP,13,NGP,NAGPUR,00:05:00,00:20:00,1030,PURI,PURI,LTT,LOKMANYATILAK T,5,20
22866,PURI LTT SF EXP,14,WR,WARDHA JN,01:37:00,01:40:00,1109,PURI,PURI,LTT,LOKMANYATILAK T,97,100
22869,VSKP MAS SF EXP,1,VSKP,VISAKHAPATNAM,00:00:00,19:10:00,0,VSKP,VISAKHAPATNAM,MAS,CHENNAI CENTRAL,0,1150
22869,VSKP MAS SF EXP,9,BZA,VIJAYAWADA JN,01:25:00,01:35:00,351,VSKP,VISAKHAPATNAM,MAS,CHENNAI CENTRAL,85,95
22870,VISAKAPATNAM EX,5,BZA,VIJAYAWADA JN,04:00:00,04:15:00,431,MAS,CHENNAI CENTRAL,VSKP,VISAKHAPATNAM,240,255
22870,VISAKAPATNAM EX,13,VSKP,VISAKHAPATNAM,10:25:00,00:00:00,781,MAS,CHENNAI CENTRAL,VSKP,VISAKHAPATNAM,625,0
22871,BBS TPTY EXPRES,1,BBS,BHUBANESWAR,00:00:00,12:00:00,0,BBS,BHUBANESWAR,TPTY,TIRUPATI,0,720
22871,BBS TPTY EXPRES,10,VSKP,VISAKHAPATNAM,18:45:00,19:10:00,443,BBS,BHUBANESWAR,TPTY,TIRUPATI,1125,1150
22871,BBS TPTY EXPRES,14,BZA,VIJAYAWADA JN,01:45:00,01:55:00,793,BBS,BHUBANESWAR,TPTY,TIRUPATI,105,115
22872,TPTY BBS EXP,5,BZA,VIJAYAWADA JN,19:10:00,19:25:00,386,TPTY,TIRUPATI,BBS,BHUBANESWAR,1150,1165
22872,TPTY BBS EXP,9,VSKP,VISAKHAPATNAM,02:00:00,02:20:00,736,TPTY,TIRUPATI,BBS,BHUBANESWAR,120,140
22872,TPTY BBS EXP,18,BBS,BHUBANESWAR,10:10:00,00:00:00,1179,TPTY,TIRUPATI,BBS,BHUBANESWAR,610,0
22873,DGHA VSKP EXP,5,KGP,KHARAGPUR JN,20:05:00,20:15:00,163,DGHA,DIGHA FLAG STN,VSKP,VISAKHAPATNAM,1205,1215
22873,DGHA VSKP EXP,11,BBS,BHUBANESWAR,01:10:00,01:15:00,486,DGHA,DIGHA FLAG STN,VSKP,VISAKHAPATNAM,70,75
22873,DGHA VSKP EXP,16,VSKP,VISAKHAPATNAM,08:35:00,00:00:00,929,DGHA,DIGHA FLAG STN,VSKP,VISAKHAPATNAM,515,0
22874,VSKP DIGHA EXP,1,VSKP,VISAKHAPATNAM,00:00:00,17:45:00,0,VSKP,VISAKHAPATNAM,DGHA,DIGHA FLAG STN,0,1065
22874,VSKP DIGHA EXP,6,BBS,BHUBANESWAR,01:05:00,01:10:00,443,VSKP,VISAKHAPATNAM,DGHA,DIGHA FLAG STN,65,70
22874,VSKP DIGHA EXP,12,KGP,KHARAGPUR JN,06:20:00,06:30:00,767,VSKP,VISAKHAPATNAM,DGHA,DIGHA FLAG STN,380,390
22875,KGP PRR EXRES,1,KGP,KHARAGPUR JN,00:00:00,07:25:00,0,KGP,KHARAGPUR JN,PRR,PURULIA JN,0,445
22876,PRR KGP EXP,13,KGP,KHARAGPUR JN,15:50:00,00:00:00,208,PRR,PURULIA JN,KGP,KHARAGPUR JN,950,0
22877,DGHA PURI EXP,5,KGP,KHARAGPUR JN,20:05:00,20:15:00,163,DGHA,DIGHA FLAG STN,PURI,PURI,1205,1215
22877,DGHA PURI EXP,11,BBS,BHUBANESWAR,01:10:00,01:15:00,486,DGHA,DIGHA FLAG STN,PURI,PURI,70,75
22878,PURI DIGHA EXP,3,BBS,BHUBANESWAR,01:05:00,01:10:00,63,PURI,PURI,DGHA,DIGHA FLAG STN,65,70
22878,PURI DIGHA EXP,9,KGP,KHARAGPUR JN,06:20:00,06:30:00,387,PURI,PURI,DGHA,DIGHA FLAG STN,380,390
22879,BBS TPTY SUP EX,1,BBS,BHUBANESWAR,00:00:00,12:00:00,0,BBS,BHUBANESWAR,TPTY,TIRUPATI,0,720
22879,BBS TPTY SUP EX,10,VSKP,VISAKHAPATNAM,18:45:00,19:10:00,443,BBS,BHUBANESWAR,TPTY,TIRUPATI,1125,1150
22879,BBS TPTY SUP EX,15,BZA,VIJAYAWADA JN,01:45:00,01:55:00,793,BBS,BHUBANESWAR,TPTY,TIRUPATI,105,115
22879,BBS TPTY SUP EX,19,RU,RENIGUNTA JN,08:40:00,08:42:00,1169,BBS,BHUBANESWAR,TPTY,TIRUPATI,520,522
22880,TPTY BBS SF EX,2,RU,RENIGUNTA JN,13:05:00,13:07:00,10,TPTY,TIRUPATI,BBS,BHUBANESWAR,785,787
22880,TPTY BBS SF EX,6,BZA,VIJAYAWADA JN,19:10:00,19:25:00,386,TPTY,TIRUPATI,BBS,BHUBANESWAR,1150,1165
22880,TPTY BBS SF EX,11,VSKP,VISAKHAPATNAM,02:00:00,02:20:00,736,TPTY,TIRUPATI,BBS,BHUBANESWAR,120,140
22880,TPTY BBS SF EX,20,BBS,BHUBANESWAR,10:10:00,00:00:00,1179,TPTY,TIRUPATI,BBS,BHUBANESWAR,610,0
22881,PUNE BBS EXPRES,1,PUNE,PUNE JN,00:00:00,11:15:00,0,PUNE,PUNE JN,BBS,BHUBANESWAR,0,675
22881,PUNE BBS EXPRES,2,SUR,SOLAPUR JN,15:05:00,15:15:00,264,PUNE,PUNE JN,BBS,BHUBANESWAR,905,915
22881,PUNE BBS EXPRES,8,BZA,VIJAYAWADA JN,04:00:00,04:15:00,910,PUNE,PUNE JN,BBS,BHUBANESWAR,240,255
22881,PUNE BBS EXPRES,10,VSKP,VISAKHAPATNAM,10:25:00,10:45:00,1260,PUNE,PUNE JN,BBS,BHUBANESWAR,625,645
22881,PUNE BBS EXPRES,14,BBS,BHUBANESWAR,17:35:00,00:00:00,1703,PUNE,PUNE JN,BBS,BHUBANESWAR,1055,0
22882,BBS PUNE EXP,1,BBS,BHUBANESWAR,00:00:00,22:10:00,0,BBS,BHUBANESWAR,PUNE,PUNE JN,0,1330
22882,BBS PUNE EXP,5,VSKP,VISAKHAPATNAM,04:40:00,05:00:00,443,BBS,BHUBANESWAR,PUNE,PUNE JN,280,300
22882,BBS PUNE EXP,7,BZA,VIJAYAWADA JN,10:40:00,11:00:00,793,BBS,BHUBANESWAR,PUNE,PUNE JN,640,660
22882,BBS PUNE EXP,13,SUR,SOLAPUR JN,00:05:00,00:15:00,1439,BBS,BHUBANESWAR,PUNE,PUNE JN,5,15
22882,BBS PUNE EXP,14,PUNE,PUNE JN,05:00:00,00:00:00,1703,BBS,BHUBANESWAR,PUNE,PUNE JN,300,0
22883,PURI YPR G RATH,9,VSKP,VISAKHAPATNAM,22:35:00,22:55:00,468,PURI,PURI,YPR,YESVANTPUR JN,1355,1375
22883,PURI YPR G RATH,15,BZA,VIJAYAWADA JN,05:10:00,05:20:00,818,PURI,PURI,YPR,YESVANTPUR JN,310,320
22884,PURI GARIB RATH,12,BZA,VIJAYAWADA JN,14:40:00,15:00:00,686,YPR,YESVANTPUR JN,PURI,PURI,880,900
22884,PURI GARIB RATH,18,VSKP,VISAKHAPATNAM,22:15:00,22:35:00,1036,YPR,YESVANTPUR JN,PURI,PURI,1335,1355
22889,DGHA PURI SUP E,5,KGP,KHARAGPUR JN,20:05:00,20:15:00,163,DGHA,DIGHA FLAG STN,PURI,PURI,1205,1215
22889,DGHA PURI SUP E,11,BBS,BHUBANESWAR,01:10:00,01:15:00,486,DGHA,DIGHA FLAG STN,PURI,PURI,70,75
22890,PURI DGHA SUP E,3,BBS,BHUBANESWAR,01:05:00,01:10:00,63,PURI,PURI,DGHA,DIGHA FLAG STN,65,70
22890,PURI DGHA SUP E,9,KGP,KHARAGPUR JN,06:20:00,06:30:00,387,PURI,PURI,DGHA,DIGHA FLAG STN,380,390
22891,HWH RNC INT EXP,1,HWH,HOWRAH JN,00:00:00,15:10:00,0,HWH,HOWRAH JN,RNC,RANCHI,0,910
22891,HWH RNC INT EXP,2,KGP,KHARAGPUR JN,16:48:00,16:58:00,116,HWH,HOWRAH JN,RNC,RANCHI,1008,1018
22892,RNC HWH INT EXP,13,KGP,KHARAGPUR JN,12:05:00,12:15:00,347,RNC,RANCHI,HWH,HOWRAH JN,725,735
22892,RNC HWH INT EXP,14,HWH,HOWRAH JN,14:20:00,00:00:00,462,RNC,RANCHI,HWH,HOWRAH JN,860,0
22893,SNSI HWH SUP EX,5,AK,AKOLA JN,20:05:00,20:10:00,408,SNSI,SAINAGAR SHIRDI,HWH,HOWRAH JN,1205,1210
22893,SNSI HWH SUP EX,6,NGP,NAGPUR,01:25:00,01:45:00,661,SNSI,SAINAGAR SHIRDI,HWH,HOWRAH JN,85,105
22893,SNSI HWH SUP EX,15,KGP,KHARAGPUR JN,16:50:00,16:55:00,1677,SNSI,SAINAGAR SHIRDI,HWH,HOWRAH JN,1010,1015
22893,SNSI HWH SUP EX,16,HWH,HOWRAH JN,19:30:00,00:00:00,1792,SNSI,SAINAGAR SHIRDI,HWH,HOWRAH JN,1170,0
22894,HWH SNSI EXPRES,1,HWH,HOWRAH JN,00:00:00,14:35:00,0,HWH,HOWRAH JN,SNSI,SAINAGAR SHIRDI,0,875
22894,HWH SNSI EXPRES,2,KGP,KHARAGPUR JN,16:15:00,16:20:00,116,HWH,HOWRAH JN,SNSI,SAINAGAR SHIRDI,975,980
22894,HWH SNSI EXPRES,11,NGP,NAGPUR,08:20:00,08:30:00,1131,HWH,HOWRAH JN,SNSI,SAINAGAR SHIRDI,500,510
22894,HWH SNSI EXPRES,12,AK,AKOLA JN,12:19:00,12:24:00,1384,HWH,HOWRAH JN,SNSI,SAINAGAR SHIRDI,739,744
22905,OKHA HOWRAH EXP,14,AK,AKOLA JN,05:00:00,05:05:00,1203,OKHA,OKHA,HWH,HOWRAH JN,300,305
22905,OKHA HOWRAH EXP,15,BD,BADNERA JN,06:55:00,07:00:00,1282,OKHA,OKHA,HWH,HOWRAH JN,415,420
22905,OKHA HOWRAH EXP,16,NGP,NAGPUR,09:50:00,10:00:00,1456,OKHA,OKHA,HWH,HOWRAH JN,590,600
22905,OKHA HOWRAH EXP,29,KGP,KHARAGPUR JN,01:25:00,01:30:00,2471,OKHA,OKHA,HWH,HOWRAH JN,85,90
22905,OKHA HOWRAH EXP,30,HWH,HOWRAH JN,03:35:00,00:00:00,2586,OKHA,OKHA,HWH,HOWRAH JN,215,0
22909,BL PURI S F EX,22,BBS,BHUBANESWAR,08:20:00,08:25:00,2008,BL,VALSAD,PURI,PURI,500,505
22910,PURI VALSAD EXP,3,BBS,BHUBANESWAR,06:55:00,07:00:00,63,PURI,PURI,BL,VALSAD,415,420
22911,SHIPRA EXPRESS,8,BINA,BINA JN,06:20:00,06:25:00,402,INDB,INDORE JN BG,HWH,HOWRAH JN,380,385
22911,SHIPRA EXPRESS,34,HWH,HOWRAH JN,06:45:00,00:00:00,1736,INDB,INDORE JN BG,HWH,HOWRAH JN,405,0
22912,SHIPRA EXP,1,HWH,HOWRAH JN,00:00:00,17:45:00,0,HWH,HOWRAH JN,INDB,INDORE JN BG,0,1065
22912,SHIPRA EXP,27,BINA,BINA JN,18:00:00,18:05:00,1335,HWH,HOWRAH JN,INDB,INDORE JN BG,1080,1085
22937,RAJKOT REWA EXP,13,JL,JALGAON JN,03:15:00,03:20:00,787,RJT,RAJKOT JN,REWA,REWA,195,200
22938,REWA RJT SUP EX,11,JL,JALGAON JN,07:45:00,07:50:00,815,REWA,REWA,RJT,RAJKOT JN,465,470
22939,HAPA BSP EXPRES,14,JL,JALGAON JN,14:50:00,14:55:00,863,HAPA,HAPA,BSP,BILASPUR JN,890,895
22939,HAPA BSP EXPRES,16,AK,AKOLA JN,17:15:00,17:20:00,1027,HAPA,HAPA,BSP,BILASPUR JN,1035,1040
22939,HAPA BSP EXPRES,17,BD,BADNERA JN,19:05:00,19:10:00,1106,HAPA,HAPA,BSP,BILASPUR JN,1145,1150
22939,HAPA BSP EXPRES,18,WR,WARDHA JN,20:27:00,20:30:00,1201,HAPA,HAPA,BSP,BILASPUR JN,1227,1230
22939,HAPA BSP EXPRES,19,NGP,NAGPUR,21:40:00,21:50:00,1280,HAPA,HAPA,BSP,BILASPUR JN,1300,1310
22940,BSP HAPA SF EX,5,NGP,NAGPUR,15:05:00,15:15:00,411,BSP,BILASPUR JN,HAPA,HAPA,905,915
22940,BSP HAPA SF EX,6,WR,WARDHA JN,16:27:00,16:30:00,490,BSP,BILASPUR JN,HAPA,HAPA,987,990
22940,BSP HAPA SF EX,7,BD,BADNERA JN,18:05:00,18:10:00,586,BSP,BILASPUR JN,HAPA,HAPA,1085,1090
22940,BSP HAPA SF EX,8,AK,AKOLA JN,19:05:00,19:10:00,664,BSP,BILASPUR JN,HAPA,HAPA,1145,1150
22940,BSP HAPA SF EX,10,JL,JALGAON JN,22:20:00,22:25:00,828,BSP,BILASPUR JN,HAPA,HAPA,1340,1345
23010,DOON EXXPRESS,71,HWH,HOWRAH JN,06:55:00,00:00:00,1461,KTW,KOTDWARA,HWH,HOWRAH JN,415,0
23154,GOUR EXP,20,RPH,RAMPUR HAT,00:17:00,00:22:00,228,BLGT,BALURGHAT,SDAH,SEALDAH,17,22
24227,VARUNA EXPRESS,14,CNB,KANPUR CENTRAL,11:35:00,00:00:00,357,BSB,VARANASI JN,CNB,KANPUR CENTRAL,695,0
24228,VARUNA EXP,1,CNB,KANPUR CENTRAL,00:00:00,16:00:00,0,CNB,KANPUR CENTRAL,BSB,VARANASI JN,0,960
25631,BKN GHY EXPRESS,13,CNB,KANPUR CENTRAL,18:50:00,19:00:00,875,BKN,BIKANER JN,GHY,GUWAHATI,1130,1140
51027,FAST PASSENGER,18,PUNE,PUNE JN,04:05:00,04:20:00,192,CSTM,MUMBAI CST,PVR,PANDHARPUR,245,260
51027,FAST PASSENGER,23,JEUR,JEUR,07:08:00,07:10:00,342,CSTM,MUMBAI CST,PVR,PANDHARPUR,428,430
51028,FAST PASSENGER,4,JEUR,JEUR,19:30:00,19:32:00,87,PVR,PANDHARPUR,CSTM,MUMBAI CST,1170,1172
51028,FAST PASSENGER,9,PUNE,PUNE JN,22:55:00,23:05:00,238,PVR,PANDHARPUR,CSTM,MUMBAI CST,1375,1385
51029,BB BJP FAST PAS,18,PUNE,PUNE JN,04:05:00,04:20:00,192,CSTM,MUMBAI CST,BJP,BIJAPUR,245,260
51029,BB BJP FAST PAS,22,JEUR,JEUR,07:08:00,07:10:00,342,CSTM,MUMBAI CST,BJP,BIJAPUR,428,430
51029,BB BJP FAST PAS,24,SUR,SOLAPUR JN,09:40:00,09:55:00,455,CSTM,MUMBAI CST,BJP,BIJAPUR,580,595
51030,BJP BB FAST PAS,8,SUR,SOLAPUR JN,17:40:00,17:50:00,109,BJP,BIJAPUR,CSTM,MUMBAI CST,1060,1070
51030,BJP BB FAST PAS,10,JEUR,JEUR,19:30:00,19:32:00,223,BJP,BIJAPUR,CSTM,MUMBAI CST,1170,1172
51030,BJP BB FAST PAS,14,PUNE,PUNE JN,22:55:00,23:05:00,373,BJP,BIJAPUR,CSTM,MUMBAI CST,1375,1385
51033,SHIRDI FAST PAS,18,PUNE,PUNE JN,04:05:00,04:20:00,192,CSTM,MUMBAI CST,SNSI,SAINAGAR SHIRDI,245,260
51033,SHIRDI FAST PAS,23,ANG,AHMADNAGAR,08:07:00,08:10:00,352,CSTM,MUMBAI CST,SNSI,SAINAGAR SHIRDI,487,490
51034,CSTM FAST PASS,5,ANG,AHMADNAGAR,19:00:00,19:05:00,104,SNSI,SAINAGAR SHIRDI,CSTM,MUMBAI CST,1140,1145
51034,CSTM FAST PASS,10,PUNE,PUNE JN,22:55:00,23:05:00,264,SNSI,SAINAGAR SHIRDI,CSTM,MUMBAI CST,1375,1385
51118,DHI CSN PASS,1,DHI,DHULE,00:00:00,19:20:00,0,DHI,DHULE,CSTM,MUMBAI CST,0,1160
51118,DHI CSN PASS,7,JMD,JAMDHA,20:17:00,20:19:00,43,DHI,DHULE,CSTM,MUMBAI CST,1217,1219
51196,BPQ WR PASS,14,WR,WARDHA JN,21:10:00,22:35:00,133,BPQ,BALHARSHAH,CSTM,MUMBAI CST,1270,1355
51196,BPQ WR PASS,15,PLO,PULGAON JN,22:58:00,23:00:00,162,BPQ,BALHARSHAH,CSTM,MUMBAI CST,1378,1380
51196,BPQ WR PASS,17,CND,CHANDUR,23:33:00,23:35:00,199,BPQ,BALHARSHAH,CSTM,MUMBAI CST,1413,1415
51196,BPQ WR PASS,18,BD,BADNERA JN,00:20:00,00:23:00,228,BPQ,BALHARSHAH,CSTM,MUMBAI CST,20,23
51196,BPQ WR PASS,19,MZR,MURTAJAPUR,00:54:00,00:55:00,269,BPQ,BALHARSHAH,CSTM,MUMBAI CST,54,55
51196,BPQ WR PASS,20,AK,AKOLA JN,01:20:00,01:25:00,307,BPQ,BALHARSHAH,CSTM,MUMBAI CST,80,85
51196,BPQ WR PASS,21,SEG,SHEGAON,01:53:00,01:55:00,344,BPQ,BALHARSHAH,CSTM,MUMBAI CST,113,115
51196,BPQ WR PASS,24,MKU,MALKAPUR,02:38:00,02:40:00,397,BPQ,BALHARSHAH,CSTM,MUMBAI CST,158,160
51196,BPQ WR PASS,25,BDWD,BODWAD,02:55:00,02:57:00,416,BPQ,BALHARSHAH,CSTM,MUMBAI CST,175,177
51196,BPQ WR PASS,28,JL,JALGAON JN,04:18:00,04:20:00,471,BPQ,BALHARSHAH,CSTM,MUMBAI CST,258,260
51196,BPQ WR PASS,29,PC,PACHORA JN,04:53:00,04:55:00,519,BPQ,BALHARSHAH,CSTM,MUMBAI CST,293,295
51196,BPQ WR PASS,38,KSRA,KASARA,09:33:00,09:35:00,770,BPQ,BALHARSHAH,CSTM,MUMBAI CST,573,575
51401,PUNE MMR PASS,1,PUNE,PUNE JN,00:00:00,00:30:00,0,PUNE,PUNE JN,MMR,MANMAD JN,0,30
51401,PUNE MMR PASS,19,ANG,AHMADNAGAR,05:05:00,05:10:00,160,PUNE,PUNE JN,MMR,MANMAD JN,305,310
51402,MMR PUNE PASS,16,ANG,AHMADNAGAR,02:00:00,02:10:00,153,MMR,MANMAD JN,PUNE,PUNE JN,120,130
51402,MMR PUNE PASS,34,PUNE,PUNE JN,07:35:00,00:00:00,313,MMR,MANMAD JN,PUNE,PUNE JN,455,0
51421,PUNE NZB PASS,1,PUNE,PUNE JN,00:00:00,14:25:00,0,PUNE,PUNE JN,NZB,NIZAMABAD,0,865
51421,PUNE NZB PASS,19,ANG,AHMADNAGAR,18:27:00,18:30:00,160,PUNE,PUNE JN,NZB,NIZAMABAD,1107,1110
51421,PUNE NZB PASS,65,PAU,PURNA JN,05:28:00,05:30:00,630,PUNE,PUNE JN,NZB,NIZAMABAD,328,330
51422,NZB PUNE PASS,15,PAU,PURNA JN,03:25:00,03:30:00,142,NZB,NIZAMABAD,PUNE,PUNE JN,205,210
51422,NZB PUNE PASS,57,ANG,AHMADNAGAR,15:50:00,15:55:00,613,NZB,NIZAMABAD,PUNE,PUNE JN,950,955
51422,NZB PUNE PASS,75,PUNE,PUNE JN,20:55:00,00:00:00,773,NZB,NIZAMABAD,PUNE,PUNE JN,1255,0
51433,NZB PVR PASS,20,PAU,PURNA JN,16:55:00,17:00:00,142,NZB,NIZAMABAD,PVR,PANDHARPUR,1015,1020
51433,NZB PVR PASS,30,PRLI,PARLI VAIJNATH,19:50:00,20:00:00,234,NZB,NIZAMABAD,PVR,PANDHARPUR,1190,1200
51433,NZB PVR PASS,37,LTRR,LATUR ROAD,22:00:00,22:20:00,297,NZB,NIZAMABAD,PVR,PANDHARPUR,1320,1340
51434,PVR NZB PASS,16,LTRR,LATUR ROAD,13:10:00,13:30:00,239,PVR,PANDHARPUR,NZB,NIZAMABAD,790,810
51434,PVR NZB PASS,23,PRLI,PARLI VAIJNATH,15:50:00,16:10:00,302,PVR,PANDHARPUR,NZB,NIZAMABAD,950,970
51434,PVR NZB PASS,33,PAU,PURNA JN,18:40:00,18:45:00,394,PVR,PANDHARPUR,NZB,NIZAMABAD,1120,1125
51450,SUR PUNE PASS,1,SUR,SOLAPUR JN,00:00:00,23:00:00,0,SUR,SOLAPUR JN,PUNE,PUNE JN,0,1380
51450,SUR PUNE PASS,15,JEUR,JEUR,01:43:00,01:45:00,114,SUR,SOLAPUR JN,PUNE,PUNE JN,103,105
51450,SUR PUNE PASS,31,PUNE,PUNE JN,06:15:00,00:00:00,264,SUR,SOLAPUR JN,PUNE,PUNE JN,375,0
51451,PUNE BRMT PASS,1,PUNE,PUNE JN,00:00:00,07:10:00,0,PUNE,PUNE JN,BRMT,BARAMATI,0,430
51452,BRMT PUNE PAS,14,PUNE,PUNE JN,13:55:00,00:00:00,120,BRMT,BARAMATI,PUNE,PUNE JN,835,0
51455,PUNE SUR PASS,1,PUNE,PUNE JN,00:00:00,22:50:00,0,PUNE,PUNE JN,SUR,SOLAPUR JN,0,1370
51455,PUNE SUR PASS,18,JEUR,JEUR,02:23:00,02:25:00,151,PUNE,PUNE JN,SUR,SOLAPUR JN,143,145
51455,PUNE SUR PASS,32,SUR,SOLAPUR JN,07:20:00,00:00:00,264,PUNE,PUNE JN,SUR,SOLAPUR JN,440,0
52973,UJN AK F PASS,39,AK,AKOLA JN,14:30:00,00:00:00,375,UJN,UJJAIN JN,AK,AKOLA JN,870,0
52974,AK UJN FAST PAS,1,AK,AKOLA JN,00:00:00,06:10:00,0,AK,AKOLA JN,UJN,UJJAIN JN,0,370
52993,MHOW AK FAST PA,33,AK,AKOLA JN,08:50:00,00:00:00,313,INDM,INDORE JN MG,AK,AKOLA JN,530,0
52994,AK MHOW F PAS,1,AK,AKOLA JN,00:00:00,19:10:00,0,AK,AKOLA JN,INDM,INDORE JN MG,0,1150
53003,HWH MLDT F PASS,1,HWH,HOWRAH JN,00:00:00,21:25:00,0,HWH,HOWRAH JN,MLDT,MALDA TOWN,0,1285
53004,MLDT HWH F PAS,39,HWH,HOWRAH JN,04:30:00,00:00:00,339,MLDT,MALDA TOWN,HWH,HOWRAH JN,270,0
53047,VISWAVARATI PAS,1,HWH,HOWRAH JN,00:00:00,16:40:00,0,HWH,HOWRAH JN,RPH,RAMPUR HAT,0,1000
53047,VISWAVARATI PAS,23,RPH,RAMPUR HAT,21:25:00,00:00:00,219,HWH,HOWRAH JN,RPH,RAMPUR HAT,1285,0
53048,VISWABHARTI PAS,1,RPH,RAMPUR HAT,00:00:00,05:10:00,0,RPH,RAMPUR HAT,HWH,HOWRAH JN,0,310
53048,VISWABHARTI PAS,24,HWH,HOWRAH JN,10:10:00,00:00:00,219,RPH,RAMPUR HAT,HWH,HOWRAH JN,610,0
53049,HWH MKA PAS,1,HWH,HOWRAH JN,00:00:00,23:10:00,0,HWH,HOWRAH JN,MKA,MOKAMEH JN,0,1390
53050,MKA HWH PASS,48,HWH,HOWRAH JN,03:00:00,00:00:00,455,MKA,MOKAMEH JN,HWH,HOWRAH JN,180,0
54811,BPL JU PASS,16,BINA,BINA JN,19:30:00,19:35:00,139,BPL,BHOPAL JN,JU,JODHPUR JN,1170,1175
54812,JU BPL PASS,76,BINA,BINA JN,06:40:00,06:50:00,855,JU,JODHPUR JN,BPL,BHOPAL JN,400,410
56213,TIRUPATI PASSR,19,BNC,BANGALORE CANT,20:55:00,20:57:00,203,CMNR,CHAMARAJANAGAR,TPTY,TIRUPATI,1255,1257
56213,TIRUPATI PASSR,34,JTJ,JOLARPETTAI,00:01:00,00:05:00,347,CMNR,CHAMARAJANAGAR,TPTY,TIRUPATI,1,5
56214,TPTY CMNR PASS,13,JTJ,JOLARPETTAI,01:45:00,01:50:00,189,TPTY,TIRUPATI,CMNR,CHAMARAJANAGAR,105,110
56214,TPTY CMNR PASS,29,BNC,BANGALORE CANT,06:25:00,06:30:00,333,TPTY,TIRUPATI,CMNR,CHAMARAJANAGAR,385,390
56501,HUBLI PASS,1,BZA,VIJAYAWADA JN,00:00:00,07:10:00,0,BZA,VIJAYAWADA JN,UBL,HUBLI JN,0,430
56502,UBL BZA PASSR,72,BZA,VIJAYAWADA JN,19:10:00,00:00:00,693,UBL,HUBLI JN,BZA,VIJAYAWADA JN,1150,0
56503,VIJAYAWADA PASS,1,BNC,BANGALORE CANT,00:00:00,07:40:00,0,BNC,BANGALORE CANT,BZA,VIJAYAWADA JN,0,460
56503,VIJAYAWADA PASS,78,BZA,VIJAYAWADA JN,05:55:00,00:00:00,749,BNC,BANGALORE CANT,BZA,VIJAYAWADA JN,355,0
56504,BZA BNC PASS,1,BZA,VIJAYAWADA JN,00:00:00,20:50:00,0,BZA,VIJAYAWADA JN,BNC,BANGALORE CANT,0,1250
56504,BZA BNC PASS,79,BNC,BANGALORE CANT,17:10:00,00:00:00,749,BZA,VIJAYAWADA JN,BNC,BANGALORE CANT,1030,0
56903,SUR DHARWAR PAS,1,SUR,SOLAPUR JN,00:00:00,00:40:00,0,SUR,SOLAPUR JN,DWR,DHARWAR,0,40
56904,DWR SUR PASSENG,31,SUR,SOLAPUR JN,03:30:00,00:00:00,378,DWR,DHARWAR,SUR,SOLAPUR JN,210,0
57129,BOLARUM PASSR,13,SUR,SOLAPUR JN,21:00:00,21:15:00,109,BJP,BIJAPUR,BMO,BOLARUM,1260,1275
57130,HYB BJP PSGR,40,SUR,SOLAPUR JN,07:20:00,07:45:00,335,HYB,HYDERABAD DECAN,BJP,BIJAPUR,440,465
57229,MTM VSKP PASSR,35,VSKP,VISAKHAPATNAM,08:00:00,00:00:00,372,MTM,MACHILIPATNAM,VSKP,VISAKHAPATNAM,480,0
57230,VSKP MTM PASS,1,VSKP,VISAKHAPATNAM,00:00:00,19:45:00,0,VSKP,VISAKHAPATNAM,MTM,MACHILIPATNAM,0,1185
57257,KAKINADA PSGR,2,RU,RENIGUNTA JN,01:20:00,01:22:00,10,TPTY,TIRUPATI,COA,KAKINADA PORT,80,82
57257,KAKINADA PSGR,53,BZA,VIJAYAWADA JN,12:00:00,12:30:00,386,TPTY,TIRUPATI,COA,KAKINADA PORT,720,750
57258,TIRUPATI PSGR,40,BZA,VIJAYAWADA JN,15:10:00,15:40:00,214,COA,KAKINADA PORT,TPTY,TIRUPATI,910,940
57258,TIRUPATI PSGR,89,RU,RENIGUNTA JN,02:00:00,02:10:00,590,COA,KAKINADA PORT,TPTY,TIRUPATI,120,130
57264,NS VSKP PASSR,28,VSKP,VISAKHAPATNAM,07:00:00,00:00:00,300,NS,NARASAPUR,VSKP,VISAKHAPATNAM,420,0
57265,VSKP NS PASS,1,VSKP,VISAKHAPATNAM,00:00:00,19:45:00,0,VSKP,VISAKHAPATNAM,NS,NARASAPUR,0,1185
57271,RAYAGADA PSGNR,1,BZA,VIJAYAWADA JN,00:00:00,21:00:00,0,BZA,VIJAYAWADA JN,RGDA,RAYAGADA,0,1260
57271,RAYAGADA PSGNR,46,VSKP,VISAKHAPATNAM,08:20:00,08:40:00,351,BZA,VIJAYAWADA JN,RGDA,RAYAGADA,500,520
57272,RGDA BZA PASS,22,VSKP,VISAKHAPATNAM,20:10:00,20:40:00,185,RGDA,RAYAGADA,BZA,VIJAYAWADA JN,1210,1240
57272,RGDA BZA PASS,70,BZA,VIJAYAWADA JN,09:00:00,00:00:00,536,RGDA,RAYAGADA,BZA,VIJAYAWADA JN,540,0
57273,UBL TIRUPATI PA,60,RU,RENIGUNTA JN,20:35:00,21:30:00,569,UBL,HUBLI JN,TPTY,TIRUPATI,1235,1290
57274,TPTY UBL PASS,2,RU,RENIGUNTA JN,06:20:00,06:25:00,10,TPTY,TIRUPATI,UBL,HUBLI JN,380,385
57515,DAUND NANDED PA,9,ANG,AHMADNAGAR,14:50:00,14:55:00,84,DD,DAUND JN,NED,H SAHIB NANDED,890,895
57515,DAUND NANDED PA,56,PAU,PURNA JN,02:40:00,02:45:00,556,DD,DAUND JN,NED,H SAHIB NANDED,160,165
57516,NED DD PASNGR,5,PAU,PURNA JN,21:05:00,21:10:00,31,NED,H SAHIB NANDED,DD,DAUND JN,1265,1270
57516,NED DD PASNGR,49,ANG,AHMADNAGAR,09:07:00,09:12:00,503,NED,H SAHIB NANDED,DD,DAUND JN,547,552
57549,AURANGABAD PSGR,27,LTRR,LATUR ROAD,04:10:00,04:11:00,278,HYB,HYDERABAD DECAN,AWB,AURANGABAD,250,251
57549,AURANGABAD PSGR,34,PRLI,PARLI VAIJNATH,06:55:00,07:15:00,341,HYB,HYDERABAD DECAN,AWB,AURANGABAD,415,435
57550,HYDERABAD PASS,25,PRLI,PARLI VAIJNATH,21:10:00,21:20:00,241,AWB,AURANGABAD,HYB,HYDERABAD DECAN,1270,1280
57550,HYDERABAD PASS,32,LTRR,LATUR ROAD,23:07:00,23:09:00,305,AWB,AURANGABAD,HYB,HYDERABAD DECAN,1387,1389
57563,HYB PBN PAS,42,PAU,PURNA JN,07:50:00,07:55:00,312,HYB,HYDERABAD DECAN,PBN,PARBHANI JN,470,475
58011,HWH CKP PAS,1,HWH,HOWRAH JN,00:00:00,23:05:00,0,HWH,HOWRAH JN,CKP,CHAKRADHARPUR,0,1385
58011,HWH CKP PAS,10,KGP,KHARAGPUR JN,01:40:00,01:50:00,116,HWH,HOWRAH JN,CKP,CHAKRADHARPUR,100,110
58012,CKP HWH PAS,37,KGP,KHARAGPUR JN,01:30:00,01:40:00,326,CKP,CHAKRADHARPUR,HWH,HOWRAH JN,90,100
58012,CKP HWH PAS,46,HWH,HOWRAH JN,04:20:00,00:00:00,441,CKP,CHAKRADHARPUR,HWH,HOWRAH JN,260,0
58013,HWH BKSC PASS,1,HWH,HOWRAH JN,00:00:00,23:05:00,0,HWH,HOWRAH JN,BKSC,BOKARO STL CITY,0,1385
58013,HWH BKSC PASS,10,KGP,KHARAGPUR JN,01:40:00,01:50:00,116,HWH,HOWRAH JN,BKSC,BOKARO STL CITY,100,110
58014,BKSC HWH PAS,28,KGP,KHARAGPUR JN,01:30:00,01:40:00,251,BKSC,BOKARO STL CITY,HWH,HOWRAH JN,90,100
58014,BKSC HWH PAS,37,HWH,HOWRAH JN,04:20:00,00:00:00,367,BKSC,BOKARO STL CITY,HWH,HOWRAH JN,260,0
58220,CHRM BSP PASS,40,BINA,BINA JN,14:25:00,14:35:00,514,CHRM,CHIRMIRI,BSP,BILASPUR JN,865,875
58501,VSKP KRDL PAS,1,VSKP,VISAKHAPATNAM,00:00:00,06:50:00,0,VSKP,VISAKHAPATNAM,KRDL,KIRANDUL,0,410
58502,KRDL VSKP PAS,51,VSKP,VISAKHAPATNAM,20:50:00,00:00:00,472,KRDL,KIRANDUL,VSKP,VISAKHAPATNAM,1250,0
58529,DURG VSKP PGR,62,VSKP,VISAKHAPATNAM,12:15:00,00:00:00,564,DURG,DURG,VSKP,VISAKHAPATNAM,735,0
58530,VSKP DURG PAS,1,VSKP,VISAKHAPATNAM,00:00:00,21:05:00,0,VSKP,VISAKHAPATNAM,DURG,DURG,0,1265
58832,CWA RMO NGP PAS,21,NGP,NAGPUR,11:30:00,00:00:00,148,CWA,CHHINDWARA JN,NGP,NAGPUR,690,0
58835,NGP RMO CWA PAS,1,NGP,NAGPUR,00:00:00,16:00:00,0,NGP,NAGPUR,CWA,CHHINDWARA JN,0,960
58837,NGP RMO CWA PAS,1,NGP,NAGPUR,00:00:00,22:30:00,0,NGP,NAGPUR,CWA,CHHINDWARA JN,0,1350
58838,CWA RMO NGP PAS,15,NGP,NAGPUR,04:50:00,00:00:00,148,CWA,CHHINDWARA JN,NGP,NAGPUR,290,0
58839,NGP NIR JBP PAS,1,NGP,NAGPUR,00:00:00,12:45:00,0,NGP,NAGPUR,JBP,JABALPUR,0,765
58840,JBP NIR NGP PAS,52,NGP,NAGPUR,15:30:00,00:00:00,398,JBP,JABALPUR,NGP,NAGPUR,930,0
59013,BHUSAVAL PASS,30,JL,JALGAON JN,08:38:00,08:40:00,311,ST,SURAT,BSL,BHUSAVAL JN,518,520
59014,SURAT PASSENGER,3,JL,JALGAON JN,18:58:00,19:00:00,25,BSL,BHUSAVAL JN,ST,SURAT,1138,1140
59025,ST AMRAVATI PAS,10,JL,JALGAON JN,17:40:00,17:45:00,311,ST,SURAT,AMI,AMRAVATI,1060,1065
59025,ST AMRAVATI PAS,13,BDWD,BODWAD,18:51:00,18:53:00,366,ST,SURAT,AMI,AMRAVATI,1131,1133
59025,ST AMRAVATI PAS,14,MKU,MALKAPUR,19:13:00,19:15:00,386,ST,SURAT,AMI,AMRAVATI,1153,1155
59025,ST AMRAVATI PAS,17,SEG,SHEGAON,19:53:00,19:55:00,438,ST,SURAT,AMI,AMRAVATI,1193,1195
59025,ST AMRAVATI PAS,18,AK,AKOLA JN,20:20:00,20:25:00,475,ST,SURAT,AMI,AMRAVATI,1220,1225
59025,ST AMRAVATI PAS,19,MZR,MURTAJAPUR,20:48:00,20:50:00,513,ST,SURAT,AMI,AMRAVATI,1248,1250
59025,ST AMRAVATI PAS,20,BD,BADNERA JN,21:55:00,22:00:00,554,ST,SURAT,AMI,AMRAVATI,1315,1320
59026,SURAT FAST PASS,2,BD,BADNERA JN,09:20:00,09:25:00,10,AMI,AMRAVATI,ST,SURAT,560,565
59026,SURAT FAST PASS,3,MZR,MURTAJAPUR,09:58:00,10:00:00,51,AMI,AMRAVATI,ST,SURAT,598,600
59026,SURAT FAST PASS,4,AK,AKOLA JN,10:40:00,10:45:00,89,AMI,AMRAVATI,ST,SURAT,640,645
59026,SURAT FAST PASS,5,SEG,SHEGAON,11:13:00,11:15:00,126,AMI,AMRAVATI,ST,SURAT,673,675
59026,SURAT FAST PASS,8,MKU,MALKAPUR,11:48:00,11:50:00,178,AMI,AMRAVATI,ST,SURAT,708,710
59026,SURAT FAST PASS,9,BDWD,BODWAD,12:08:00,12:10:00,198,AMI,AMRAVATI,ST,SURAT,728,730
59026,SURAT FAST PASS,12,JL,JALGAON JN,13:55:00,14:00:00,252,AMI,AMRAVATI,ST,SURAT,835,840
59075,BHUSAVAL PASS,44,JL,JALGAON JN,18:43:00,18:45:00,311,ST,SURAT,BSL,BHUSAVAL JN,1123,1125
59076,BSL ST BCT PASS,3,JL,JALGAON JN,09:23:00,09:25:00,25,BSL,BHUSAVAL JN,ST,SURAT,563,565
59077,BHUSAVAL PASS,31,JL,JALGAON JN,01:13:00,01:15:00,311,ST,SURAT,BSL,BHUSAVAL JN,73,75
59078,SURAT PASSENGER,3,JL,JALGAON JN,01:03:00,01:05:00,25,BSL,BHUSAVAL JN,ST,SURAT,63,65
59385,PANCHVALLEY PAS,13,HBJ,HABIBGANJ,18:25:00,18:27:00,224,INDB,INDORE JN BG,CWA,CHHINDWARA JN,1105,1107
59385,PANCHVALLEY PAS,19,HBD,HOSHANGABAD,19:53:00,19:55:00,292,INDB,INDORE JN BG,CWA,CHHINDWARA JN,1193,1195
59386,PANCHVALLEY PA,4,BINA,BINA JN,16:25:00,16:30:00,475,CWA,CHHINDWARA JN,INDB,INDORE JN BG,985,990
59386,PANCHVALLEY PA,5,BINA,BINA JN,09:15:00,09:20:00,475,CWA,CHHINDWARA JN,INDB,INDORE JN BG,555,560
59386,PANCHVALLEY PA,15,CNB,KANPUR CENTRAL,00:10:00,00:20:00,847,CWA,CHHINDWARA JN,INDB,INDORE JN BG,10,20
59386,PANCHVALLEY PA,29,HBD,HOSHANGABAD,06:08:00,06:09:00,263,CWA,CHHINDWARA JN,INDB,INDORE JN BG,368,369
59386,PANCHVALLEY PA,35,HBJ,HABIBGANJ,08:08:00,08:10:00,331,CWA,CHHINDWARA JN,INDB,INDORE JN BG,488,490
59393,DHD HBJ FAST PA,51,HBJ,HABIBGANJ,16:20:00,00:00:00,400,DHD,DAHOD,HBJ,HABIBGANJ,980,0
59394,HBJ DHD FAST PA,1,HBJ,HABIBGANJ,00:00:00,11:50:00,0,HBJ,HABIBGANJ,DHD,DAHOD,0,710
